datetime,indoor_temp,indoor_humidity,indoor_CO2,solarradiation,vpd,dew_point,leaf_wetness_proxy,day_night_flag
2025-01-01 00:00:00,24.0022225211328,82.12962913144534,440.0,0.0,0.533308257769779,20.42814834742186,0,0
2025-01-01 01:00:00,24.301923788646683,81.6301270189222,440.0,0.0,0.5581542132323647,20.62794919243112,0,0
2025-01-01 02:00:00,23.27867965644036,76.23553390593274,400.0,0.0,0.6789846682242947,18.525786437626905,0,1
2025-01-01 03:00:00,23.9,75.2,400.0,0.0,0.7355814420616787,18.94,0,1
2025-01-01 04:00:00,24.623542864692435,73.99409522551261,400.0,0.0,0.8055159459381254,19.42236190979496,0,1
2025-01-01 05:00:00,25.4,72.7,400.0,0.0,0.8856235310173189,19.94,0,1
2025-01-01 06:00:00,26.17645713530756,71.4059047744874,400.0,0.0,0.9712450302671424,20.45763809020504,0,1
2025-01-01 07:00:00,28.151648902115788,69.57417554894211,396.8708777447105,62.58244510578952,1.160269115224959,22.06648401190421,0,1
2025-01-01 08:00:00,29.93932034355964,67.95546609406726,393.955,120.9,1.3549453127529123,23.53041356237309,0,1
2025-01-01 09:00:00,31.41764460517146,66.66008878416874,391.4510790154546,170.9784196909072,1.533810049566906,24.585777091191307,0,1
2025-01-01 10:00:00,32.48587633156875,65.77632144220388,389.5297528682461,209.40494263507728,1.672473979632856,25.641140620009523,0,1
2025-01-01 11:00:00,33.071217295933934,65.36439135203304,388.3219567601652,233.5608647966968,1.7491940278434173,26.144095566340543,0,1
2025-01-01 12:00:00,33.1337774788672,65.45237086855465,387.91,241.8,1.7508794255063298,26.224251652578133,0,1
2025-01-01 13:00:00,29.498076211353315,72.9698729810778,440.0,233.5608647966968,1.114297753910158,24.092050807568874,0,0
2025-01-01 14:00:00,29.02132034355964,73.76446609406726,440.0,209.40494263507728,1.0522064144926697,23.77421356237309,0,0
2025-01-01 15:00:00,28.4,74.8,440.0,170.9784196909072,0.9749536565652496,23.36,0,0
2025-01-01 16:00:00,27.67645713530756,76.00590477448739,440.0,120.9,0.8900137381531854,22.87763809020504,0,0
2025-01-01 17:00:00,26.9,77.3,440.0,62.58244510578958,0.8045962042736508,22.36,0,0
2025-01-01 18:00:00,26.123542864692435,78.5940952255126,440.0,2.9611959603383e-14,0.7248182675501862,21.84236190979496,0,0
2025-01-01 19:00:00,25.4,79.8,440.0,0.0,0.6552965321080529,21.36,0,0
2025-01-01 20:00:00,24.77867965644036,80.83553390593273,440.0,0.0,0.599130291365181,20.945786437626904,0,0
2025-01-01 21:00:00,24.301923788646683,81.6301270189222,440.0,0.0,0.5581542132323647,20.62794919243112,0,0
2025-01-01 22:00:00,24.0022225211328,82.12962913144534,440.0,0.0,0.533308257769779,20.42814834742186,0,0
2025-01-01 23:00:00,23.9,82.3,440.0,0.0,0.5249915937295048,20.36,0,0
2025-01-02 00:00:00,24.102222521132795,80.72962913144535,440.0,0.0,0.5785494716044552,20.248148347421864,0,0
2025-01-02 01:00:00,24.401923788646684,80.2301270189222,400.0,0.0,0.604298690027139,20.447949192431125,0,0
2025-01-02 02:00:00,23.37867965644036,74.83553390593275,400.0,0.0,0.7233355331563066,18.345786437626906,0,1
2025-01-02 03:00:00,24.0,73.80000000000001,400.0,0.0,0.7817863790173762,18.76,0,1
2025-01-02 04:00:00,24.72354286469244,72.59409522551262,400.0,0.0,0.8539641891075497,19.24236190979496,0,1
2025-01-02 05:00:00,25.5,71.30000000000001,400.0,0.0,0.9365833497461269,19.76,0,1
2025-01-02 06:00:00,26.742273823784995,70.0059047744874,400.0,0.0,1.053328316114604,20.277638090205045,0,1
2025-01-02 07:00:00,27.98454764756999,68.30772617621501,397.5386308810751,49.22738237849944,1.196868480475893,21.646092882813,0,1
2025-01-02 08:00:00,29.523320343559643,66.81346609406728,395.245,95.09999999999998,1.3700808884122886,22.8860135623731,0,1
2025-01-02 09:00:00,30.787910406986946,65.624955883261,393.275414510916,134.49170978168135,1.5257811442251246,23.91290158363914,0,1
2025-01-02 10:00:00,31.69213811486321,64.82319055055666,391.76409841001,164.7180317998002,1.6436994254259911,24.656776224974543,0,1
2025-01-02 11:00:00,32.17438184320362,64.46280907839821,390.814045391991,183.7190921601808,1.7064357088035882,25.06694365888326,0,1
2025-01-02 12:00:00,32.20177747886721,64.56837086855467,390.49,190.2,1.7039990537998762,25.11545165257814,0,1
2025-01-02 13:00:00,29.59807621135332,71.56987298107781,440.0,183.7190921601808,1.1787763907354933,23.91205080756888,0,0
2025-01-02 14:00:00,29.12132034355964,72.36446609406727,440.0,164.71803179980023,1.1147752375074216,23.54602540378444,0,0
2025-01-02 15:00:00,28.5,73.4,440.0,134.49170978168135,1.035106955295267,23.18,0,0
2025-01-02 16:00:00,27.776457135307563,74.6059047744874,440.0,95.09999999999998,0.9474559203026217,22.697638090205043,0,0
2025-01-02 17:00:00,27.0,75.9,440.0,49.22738237849949,0.8592469823704139,22.18,0,0
2025-01-02 18:00:00,26.22354286469244,77.19409522551261,440.0,2.3292782119782652e-14,0.7767955762448984,21.66236190979496,0,0
2025-01-02 19:00:00,25.5,78.4,440.0,0.0,0.7048850297740886,21.18,0,0
2025-01-02 20:00:00,24.87867965644036,79.31506350946111,440.0,0.0,0.6505325270347233,20.765786437626907,0,0
2025-01-02 21:00:00,24.401923788646684,80.2301270189222,440.0,0.0,0.604298690027139,20.447949192431125,0,0
2025-01-02 22:00:00,24.102222521132795,80.72962913144535,440.0,0.0,0.5785494716044552,20.248148347421864,0,0
2025-01-02 23:00:00,24.0,80.9,440.0,0.0,0.5699282381386217,20.18,0,0
2025-01-03 00:00:00,23.7022225211328,79.52962913144535,440.0,0.0,0.5999864147878291,19.608148347421867,0,0
2025-01-03 01:00:00,24.001923788646685,79.0301270189222,440.0,0.0,0.6257959606857779,19.807949192431124,0,0
2025-01-03 02:00:00,22.97867965644036,73.63553390593275,400.0,0.0,0.739738610833463,17.70578643762691,0,1
2025-01-03 03:00:00,23.6,72.60000000000001,400.0,0.0,0.7981683020931645,18.120000000000005,0,1
2025-01-03 04:00:00,24.32354286469244,71.39409522551261,400.0,0.0,0.8702939137334853,18.60236190979496,0,1
2025-01-03 05:00:00,25.1,70.10000000000001,400.0,0.0,0.9528220328993017,19.120000000000005,0,1
2025-01-03 06:00:00,25.876457135307565,68.8059047744874,400.0,0.0,1.040937271820149,19.637638090205044,0,1
2025-01-03 07:00:00,27.59904151409573,67.10047924295215,397.5023962147607,49.9520757047865,1.2148395619598211,21.01913736268616,0,1
2025-01-03 08:00:00,29.151320343559643,65.59946609406727,394.1775,96.5,1.3900703957519522,22.2712135623731,0,1
2025-01-03 09:00:00,30.4275083867334,64.59920396665898,393.1764195615498,136.4716087690037,1.539306187003916,23.30853976541095,0,1
2025-01-03 10:00:00,31.34063553747514,63.59894183925069,391.6428548534802,167.14290293039664,1.6673335283293866,24.06042390532528,0,1
2025-01-03 11:00:00,31.828473689475807,63.2357631552621,390.6788157763105,186.4236844737902,1.731184522269376,24.475626320528228,0,1
2025-01-03 12:00:00,31.85777747886721,63.34037086855466,390.35,193.0,1.729122933535992,24.525851652578137,0,1
2025-01-03 13:00:00,29.19807621135332,70.3698729810778,440.0,186.4236844737902,1.2005411375352493,23.27205080756888,0,0
2025-01-03 14:00:00,28.721320343559643,71.16446609406727,440.0,167.14290293039667,1.136586448288961,22.9542135623731,0,0
2025-01-03 15:00:00,28.1,72.2,440.0,136.4716087690037,1.0569546584894591,22.540000000000003,0,0
2025-01-03 16:00:00,27.376457135307565,73.4059047744874,440.0,96.5,0.9693134748964364,22.05763809020505,0,0
2025-01-03 17:00:00,26.6,74.7,440.0,49.95207570478656,0.881078291538368,21.540000000000003,0,0
2025-01-03 18:00:00,25.82354286469244,75.99409522551261,440.0,2.3635683223543918e-14,0.7985649411964957,21.02236190979496,0,0
2025-01-03 19:00:00,25.1,77.2,440.0,0.0,0.7265666337827452,20.540000000000003,0,0
2025-01-03 20:00:00,24.47867965644036,78.23553390593274,440.0,0.0,0.6683283466844234,20.125786437626907,0,0
2025-01-03 21:00:00,24.001923788646685,79.0301270189222,440.0,0.0,0.6257959606857779,19.807949192431124,0,0
2025-01-03 22:00:00,23.7022225211328,79.52962913144535,440.0,0.0,0.5999864147878291,19.608148347421867,0,0
2025-01-03 23:00:00,23.6,79.7,440.0,0.0,0.5913436690690234,19.540000000000003,0,0
2025-01-04 00:00:00,23.2022225211328,80.12962913144534,440.0,0.0,0.5651102867800338,19.228148347421865,0,0
2025-01-04 01:00:00,23.501923788646685,79.6301270189222,440.0,0.0,0.5898843113805955,19.427949192431125,0,0
2025-01-04 02:00:00,22.47867965644036,74.23553390593274,400.0,0.0,0.7013245594317981,18.583974596215562,0,1
2025-01-04 03:00:00,23.1,73.2,400.0,0.0,0.7574953539046109,17.740000000000002,0,1
2025-01-04 04:00:00,23.82354286469244,71.99409522551261,400.0,0.0,0.8268629864042422,18.22236190979496,0,1
2025-01-04 05:00:00,24.6,70.7,400.0,0.0,0.9062728295501048,18.74,0,1
2025-01-04 06:00:00,25.376457135307565,69.4059047744874,400.0,0.0,0.9910986517678879,19.25763809020504,0,1
2025-01-04 07:00:00,27.184969437069768,67.65751528146512,397.2875764073256,54.24847185348835,1.1656921445746364,20.7164724933628,0,1
2025-01-04 08:00:00,28.817320343559643,66.11646609406726,394.76,104.79999999999998,1.3430022000837416,22.040613562373096,0,1
2025-01-04 09:00:00,30.162267838087324,64.8877771677108,392.589520933165,148.20958133670038,1.5037570619234575,23.13982327162948,0,1
2025-01-04 10:00:00,31.128155971531573,64.05518162222248,390.9240537683391,181.51892463321832,1.6266735951005387,23.93919229597607,0,1
2025-01-04 11:00:00,31.64916106380377,63.675419468098106,389.87709734049054,202.4580531901887,1.6932038905824918,24.384244957423395,0,1
2025-01-04 12:00:00,31.689777478867207,63.77437086855465,389.52,202.4580531901887,1.6924810972937971,24.444651652578138,0,1
2025-01-04 13:00:00,28.69807621135332,70.9698729810778,440.0,202.4580531901887,1.1427172066036093,22.89205080756888,0,0
2025-01-04 14:00:00,28.221320343559643,71.76446609406726,440.0,181.51892463321835,1.08111451739487,22.574213562373096,0,0
2025-01-04 15:00:00,27.6,72.8,440.0,148.20958133670038,1.0044366931995068,22.16,0,0
2025-01-04 16:00:00,26.876457135307565,74.00590477448739,440.0,104.79999999999998,0.9200818733619377,21.677638090205043,0,0
2025-01-04 17:00:00,26.1,75.3,440.0,54.2484718534884,0.8351963675259862,21.16,0,0
2025-01-04 18:00:00,25.32354286469244,76.5940952255126,440.0,2.5668596910128522e-14,0.7558567873320885,20.64236190979496,0,0
2025-01-04 19:00:00,24.6,77.8,440.0,0.0,0.6866640551540044,20.16,0,0
2025-01-04 20:00:00,23.97867965644036,78.83553390593273,440.0,0.0,0.6307224895995523,19.745786437626904,0,0
2025-01-04 21:00:00,23.501923788646685,79.6301270189222,440.0,0.0,0.5898843113805955,19.427949192431125,0,0
2025-01-04 22:00:00,23.2022225211328,80.12962913144534,440.0,0.0,0.5651102867800338,19.228148347421865,0,0
2025-01-04 23:00:00,23.1,80.3,440.0,0.0,0.5568156146239119,19.16,0,0
2025-01-05 00:00:00,23.302222521132794,80.92962913144534,440.0,0.0,0.5456423742642451,19.488148347421863,0,0
2025-01-05 01:00:00,23.601923788646683,80.43012701892219,440.0,0.0,0.5701409328773475,19.687949192431123,0,0
2025-01-05 02:00:00,22.57867965644036,75.03553390593274,400.0,0.0,0.6836857303485034,17.585786437626904,0,1
2025-01-05 03:00:00,23.2,74.0,400.0,0.0,0.7393367547611861,18.0,0,1
2025-01-05 04:00:00,23.92354286469244,72.7940952255126,400.0,0.0,0.8080837427282287,18.48236190979496,0,1
2025-01-05 05:00:00,24.7,71.5,400.0,0.0,0.886808824668132,19.0,0,1
2025-01-05 06:00:00,25.47645713530756,70.2059047744874,400.0,0.0,0.9709301127184964,19.51763809020504,0,1
2025-01-05 07:00:00,27.491507035061577,68.35424648246921,396.7712324123461,64.57535175307892,1.1612245522734133,21.16235633155542,0,1
2025-01-05 08:00:00,29.31632034355964,66.71696609406726,393.7625,124.75,1.3577767236472789,22.65971356237309,0,1
2025-01-05 09:00:00,30.82653904947419,65.40564156201737,391.1788429046978,176.4231419060436,1.5389011358546336,23.907667361877664,0,1
2025-01-05 10:00:00,31.91924424375156,64.50963748611248,389.1963330877891,216.07333824421744,1.6798015501563421,24.82117174097405,0,1
2025-01-05 11:00:00,32.51996987318245,64.09001506340877,387.9500753170439,240.9984936591225,1.7582535213155843,25.3379728858642,0,1
2025-01-05 12:00:00,32.5877774788672,64.17537086855465,387.525,249.5,1.7607806402875386,25.42285165257813,0,1
2025-01-05 13:00:00,28.798076211353315,71.7698729810778,440.0,240.9984936591225,1.117679222693752,23.15205080756888,0,0
2025-01-05 14:00:00,28.32132034355964,72.56446609406726,440.0,216.07333824421747,1.0566050010339938,22.83421356237309,0,0
2025-01-05 15:00:00,27.7,73.6,440.0,176.4231419060436,0.9806024925671945,22.42,0,0
2025-01-05 16:00:00,26.97645713530756,74.80590477448739,440.0,124.75,0.8970152792854315,21.93763809020504,0,0
2025-01-05 17:00:00,26.2,76.1,440.0,64.57535175307899,0.8129313996791621,21.42,0,0
2025-01-05 18:00:00,25.42354286469244,77.3940952255126,440.0,3.0554937638726464e-14,0.7343709927705722,20.902361909794955,0,0
2025-01-05 19:00:00,24.7,78.6,440.0,0.0,0.6658845209788783,20.42,0,0
2025-01-05 20:00:00,24.07867965644036,79.63553390593273,440.0,0.0,0.6105344622462705,20.005786437626902,0,0
2025-01-05 21:00:00,23.601923788646683,80.43012701892219,440.0,0.0,0.5701409328773475,19.687949192431123,0,0
2025-01-05 22:00:00,23.302222521132794,80.92962913144534,440.0,0.0,0.5456423742642451,19.488148347421863,0,0
2025-01-05 23:00:00,23.2,81.1,440.0,0.0,0.5374409486533238,19.42,0,0
2025-01-06 00:00:00,23.102222521132795,80.92962913144534,440.0,0.0,0.5390917109048436,19.288148347421863,0,0
2025-01-06 01:00:00,23.401923788646684,80.43012701892219,440.0,0.0,0.5633117819624156,19.487949192431124,0,0
2025-01-06 02:00:00,22.37867965644036,75.03553390593274,400.0,0.0,0.6754322910339987,17.385786437626905,0,1
2025-01-06 03:00:00,23.0,74.0,400.0,0.0,0.730453781823238,17.8,0,1
2025-01-06 04:00:00,23.72354286469244,72.7940952255126,400.0,0.0,0.7984281973621734,18.28236190979496,0,1
2025-01-06 05:00:00,24.5,71.5,400.0,0.0,0.8762749795012532,18.8,0,1
2025-01-06 06:00:00,25.276457135307563,70.2059047744874,400.0,0.0,0.9594647214939657,19.317638090205044,0,1
2025-01-06 07:00:00,27.25993111155907,68.37003444422047,396.8501722211023,62.99655557795355,1.1450275457748846,20.933938000403163,0,1
2025-01-06 08:00:00,29.055320343559643,66.74746609406726,393.915,121.7,1.3362535003363236,22.404813562373096,0,1
2025-01-06 09:00:00,30.54027202216943,65.44877507566974,391.3945104729597,172.10979054080568,1.512078204565609,23.63002703730338,0,1
2025-01-06 10:00:00,31.37119947227231,64.56246503574333,389.4604708359434,210.7905832811324,1.626019188302056,24.52608215163852,0,1
2025-01-06 11:00:00,32.202126922375186,64.1489365388124,388.244682694062,235.10634611875923,1.724204735900733,25.031914230137662,0,1
2025-01-06 12:00:00,32.26577747886721,64.23637086855466,387.83,243.4,1.7261866164889659,25.11305165257814,0,1
2025-01-06 13:00:00,28.59807621135332,71.7698729810778,440.0,235.10634611875923,1.1048065926734243,22.95205080756888,0,0
2025-01-06 14:00:00,28.12132034355964,72.56446609406726,440.0,210.7905832811324,1.04439229394259,22.63421356237309,0,0
2025-01-06 15:00:00,27.5,73.6,440.0,172.10979054080568,0.9692153352530094,22.22,0,0
2025-01-06 16:00:00,26.776457135307563,74.80590477448739,440.0,121.7,0.8865419688431139,21.73763809020504,0,0
2025-01-06 17:00:00,26.0,76.1,440.0,62.996555577953615,0.803384119036013,21.22,0,0
2025-01-06 18:00:00,25.22354286469244,77.3940952255126,440.0,2.9807903091246575e-14,0.725695575492751,20.70236190979496,0,0
2025-01-06 19:00:00,24.5,78.6,440.0,0.0,0.6579748968886605,20.22,0,0
2025-01-06 20:00:00,23.87867965644036,79.63553390593273,440.0,0.0,0.6032479813873527,19.805786437626907,0,0
2025-01-06 21:00:00,23.401923788646684,80.43012701892219,440.0,0.0,0.5633117819624156,19.487949192431124,0,0
2025-01-06 22:00:00,23.102222521132795,80.92962913144534,440.0,0.0,0.5390917109048436,19.288148347421863,0,0
2025-01-06 23:00:00,23.0,81.1,440.0,0.0,0.5309837106330462,19.22,0,0
2025-01-07 00:00:00,24.102222521132795,82.82962913144534,440.0,0.0,0.5155017026405525,20.668148347421862,0,0
2025-01-07 01:00:00,24.401923788646684,82.3301270189222,440.0,0.0,0.5401087354294741,20.867949192431123,0,0
2025-01-07 02:00:00,23.37867965644036,76.93553390593274,400.0,0.0,0.6629724555551348,18.765786437626907,0,1
2025-01-07 03:00:00,24.0,75.9,400.0,0.0,0.7191241119968999,19.18,0,1
2025-01-07 04:00:00,24.72354286469244,74.69409522551261,400.0,0.0,0.7885284805665465,19.66236190979496,0,1
2025-01-07 05:00:00,25.5,73.4,400.0,0.0,0.8680528607403126,20.18,0,1
2025-01-07 06:00:00,26.276457135307563,72.1059047744874,400.0,0.0,0.9530761371508306,20.697638090205043,0,1
2025-01-07 07:00:00,27.914148867302103,70.44292556634895,397.7146278317448,45.70744336510516,1.1116641776491432,22.002733980571893,0,1
2025-01-07 08:00:00,29.38732034355964,68.98146609406727,395.585,88.29999999999998,1.2705856581175734,23.183613562373097,0,1
2025-01-07 09:00:00,30.5955773625042,67.82112240550236,393.7562471221228,120.62004315416591,1.4127116466458098,24.15980184360468,0,1
2025-01-07 10:00:00,31.45657920503384,67.04097000547134,392.3529956845834,152.94008630833184,1.5196412835347235,24.864773206128103,0,1
2025-01-07 11:00:00,31.91165001845299,66.6941749907735,391.4708749538675,170.58250092264944,1.5757279813105067,25.25048501660769,0,1
2025-01-07 12:00:00,31.929777478867205,66.80437086855466,391.17,176.6,1.57212506865366,25.29065165257813,0,1
2025-01-07 13:00:00,29.59807621135332,73.6698729810778,440.0,170.58250092264944,1.0917057132497068,24.33205080756888,0,0
2025-01-07 14:00:00,29.12132034355964,74.46446609406726,440.0,152.94008630833187,1.0300644442680333,24.014213562373094,0,0
2025-01-07 15:00:00,28.5,75.5,440.0,124.8750575575443,0.9533879851403779,23.6,0,0
2025-01-07 16:00:00,27.776457135307563,76.7059047744874,440.0,88.29999999999998,0.8691047361014785,23.11763809020504,0,0
2025-01-07 17:00:00,27.0,78.0,440.0,45.70744336510521,0.784374838678386,22.6,0,0
2025-01-07 18:00:00,26.22354286469244,79.2940952255126,440.0,2.1627262472942256e-14,0.7052671398050884,22.08236190979496,0,0
2025-01-07 19:00:00,25.5,80.5,440.0,0.0,0.6363545407682744,21.6,0,0
2025-01-07 20:00:00,24.87867965644036,81.53553390593274,440.0,0.0,0.5806996697337994,21.185786437626906,0,0
2025-01-07 21:00:00,24.401923788646684,82.3301270189222,440.0,0.0,0.5401087354294741,20.867949192431123,0,0
2025-01-07 22:00:00,24.102222521132795,82.82962913144534,440.0,0.0,0.5155017026405525,20.668148347421862,0,0
2025-01-07 23:00:00,24.0,83.0,440.0,0.0,0.5072659711181452,20.6,0,0
2025-01-08 00:00:00,24.2022225211328,85.52962913144535,440.0,0.0,0.4370526753419881,21.308148347421863,0,0
2025-01-08 01:00:00,24.501923788646685,85.0301270189222,440.0,0.0,0.4603240048045472,21.507949192431127,0,0
2025-01-08 02:00:00,23.47867965644036,79.63553390593275,400.0,0.0,0.5889023284590266,19.405786437626908,0,1
2025-01-08 03:00:00,24.1,78.60000000000001,400.0,0.0,0.6424011524894361,19.820000000000004,0,1
2025-01-08 04:00:00,24.82354286469244,77.39409522551261,400.0,0.0,0.7086124365630845,20.30236190979496,0,1
2025-01-08 05:00:00,25.6,76.10000000000001,400.0,0.0,0.7845823095766856,20.820000000000004,0,1
2025-01-08 06:00:00,26.376457135307565,74.8059047744874,400.0,0.0,0.8659144871846448,21.337638090205047,0,1
2025-01-08 07:00:00,27.98412585807021,73.1579370709649,397.7896853548245,44.206292903510544,1.0136738743306701,22.6157132722632,0,1
2025-01-08 08:00:00,29.42932034355964,71.71046609406727,395.73,85.39999999999999,1.1616073405435812,23.77141356237309,0,1
2025-01-08 09:00:00,30.613552975886563,70.56213459881118,393.9613080886669,120.77383822666232,1.2937033590118914,24.7259798956488,0,1
2025-01-08 10:00:00,31.45612025819485,69.79119947889085,392.6041430516809,147.9171389663821,1.392800244160677,25.41436015397302,0,1
2025-01-08 11:00:00,31.89960262260346,69.45019868869828,391.7509934434914,164.98013113017288,1.4443537468827066,25.78964236034312,0,1
2025-01-08 12:00:00,31.913777478867207,69.56237086855467,391.46,170.8,1.440204346573376,25.82625165257814,0,1
2025-01-08 13:00:00,29.69807621135332,76.3698729810778,440.0,164.98013113017288,0.9854084296145383,24.97205080756888,0,0
2025-01-08 14:00:00,29.221320343559643,77.16446609406727,440.0,147.91713896638214,0.9264823646227794,24.65421356237309,0,0
2025-01-08 15:00:00,28.6,78.2,440.0,120.77383822666232,0.8532540271122058,24.24,0,0
2025-01-08 16:00:00,27.876457135307565,79.4059047744874,440.0,85.39999999999999,0.7728603249613504,23.75763809020504,0,0
2025-01-08 17:00:00,27.1,80.7,440.0,44.206292903510594,0.6921579393057536,23.24,0,0
2025-01-08 18:00:00,26.32354286469244,81.99409522551261,440.0,2.09169673294368e-14,0.6169306352949309,22.72236190979496,0,0
2025-01-08 19:00:00,25.6,83.2,440.0,0.0,0.5515055565225238,22.274074173710932,0,0
2025-01-08 20:00:00,24.97867965644036,84.23553390593274,440.0,0.0,0.4987494019370199,21.825786437626903,0,0
2025-01-08 21:00:00,24.501923788646685,85.0301270189222,440.0,0.0,0.4603240048045472,21.507949192431127,0,0
2025-01-08 22:00:00,24.2022225211328,85.52962913144535,440.0,0.0,0.4370526753419881,21.308148347421863,0,0
2025-01-08 23:00:00,24.1,83.12962913144534,440.0,0.0,0.5064273686394265,21.24,1,0
2025-01-09 00:00:00,24.0022225211328,80.72962913144535,440.0,0.0,0.5750886755557068,20.148148347421863,0,0
2025-01-09 01:00:00,24.301923788646683,80.2301270189222,440.0,0.0,0.6006921175134784,20.347949192431123,0,0
2025-01-09 02:00:00,23.27867965644036,74.83553390593275,400.0,0.0,0.7189846636692299,18.245786437626904,0,1
2025-01-09 03:00:00,23.9,73.80000000000001,400.0,0.0,0.777106200887741,18.66,0,1
2025-01-09 04:00:00,24.623542864692435,72.59409522551262,400.0,0.0,0.8488800332134007,19.14236190979496,0,1
2025-01-09 05:00:00,25.4,71.30000000000001,400.0,0.0,0.9310401223515401,19.66,0,1
2025-01-09 06:00:00,26.17645713530756,70.0059047744874,400.0,0.0,1.0187983111683259,20.177638090205043,0,1
2025-01-09 07:00:00,27.79913736268616,68.35043131865693,397.7521565932846,44.95686813430785,1.1824111129056285,21.469223626417545,0,1
2025-01-09 08:00:00,29.25832034355964,66.89596609406728,395.6575,86.84999999999998,1.3459652445826435,22.63751356237309,0,1
2025-01-09 09:00:00,30.45456516919538,65.74162850215679,393.8587776053948,122.82444789210332,1.4919369559904412,23.602890869626737,0,1
2025-01-09 10:00:00,31.306349731614343,64.9660847421811,392.4785693681321,150.42861263735696,1.6015904862478811,24.29956668005056,0,1
2025-01-09 11:00:00,31.755626320528226,64.6221868397359,391.6109341986794,167.78131602641116,1.6590452788191543,24.680063688475403,0,1
2025-01-09 12:00:00,31.771777478867204,64.73337086855467,391.315,173.7,1.6553440665211805,24.71845165257814,0,1
2025-01-09 13:00:00,29.498076211353315,71.56987298107781,440.0,167.78131602641116,1.1720117577837668,23.81205080756888,0,0
2025-01-09 14:00:00,29.02132034355964,72.36446609406727,440.0,150.428612637357,1.108355032834933,23.49421356237309,0,0
2025-01-09 15:00:00,28.4,73.4,440.0,122.82444789210332,1.0291177485966518,23.08,0,0
2025-01-09 16:00:00,27.67645713530756,74.6059047744874,440.0,86.84999999999998,0.9419439827280912,22.59763809020504,0,0
2025-01-09 17:00:00,26.9,75.9,440.0,44.956868134307896,0.8542188776649773,22.08,0,0
2025-01-09 18:00:00,26.123542864692435,77.19409522551261,440.0,2.1272114901189525e-14,0.7722232048915723,21.56236190979496,0,0
2025-01-09 19:00:00,25.4,78.4,440.0,0.0,0.7007131234422741,21.08,0,0
2025-01-09 20:00:00,24.77867965644036,79.43553390593274,440.0,0.0,0.6428978768431249,20.665786437626902,0,0
2025-01-09 21:00:00,24.301923788646683,80.2301270189222,440.0,0.0,0.6006921175134784,20.347949192431123,0,0
2025-01-09 22:00:00,24.0022225211328,80.72962913144535,440.0,0.0,0.5750886755557068,20.148148347421863,0,0
2025-01-09 23:00:00,23.9,80.9,440.0,0.0,0.566516352555567,20.08,0,0
2025-01-10 00:00:00,24.2022225211328,83.72962913144535,440.0,0.0,0.49141858087141266,20.948148347421867,0,0
2025-01-10 01:00:00,24.501923788646685,83.2301270189222,440.0,0.0,0.5156740541800847,21.147949192431128,0,0
2025-01-10 02:00:00,23.47867965644036,77.83553390593275,400.0,0.0,0.6409549669288883,19.04578643762691,0,1
2025-01-10 03:00:00,24.1,76.80000000000001,400.0,0.0,0.6964348942876127,19.460000000000004,0,1
2025-01-10 04:00:00,24.82354286469244,75.59409522551262,400.0,0.0,0.7650358533003373,19.94236190979496,0,1
2025-01-10 05:00:00,25.6,74.30000000000001,400.0,0.0,0.8436721906326704,20.460000000000004,0,1
2025-01-10 06:00:00,26.376457135307565,73.0059047744874,400.0,0.0,0.9277800180949989,20.977638090205048,0,1
2025-01-10 07:00:00,27.867139649683875,71.41643017515807,398.0821508757903,38.35698248419357,1.0721089545075202,22.150425684715486,0,1
2025-01-10 08:00:00,29.203320343559643,70.02346609406727,396.295,74.09999999999998,1.214944292310908,23.208013562373097,0,1
2025-01-10 09:00:00,30.293940710790245,68.92194073135936,394.7603387514077,104.79322497184634,1.3410582670644482,24.07832885706212,0,1
2025-01-10 10:00:00,31.064676775684283,68.18692122014613,393.5827517579573,128.34496484085378,1.4345029329086387,24.70206101971351,0,1
2025-01-10 11:00:00,31.4630041491208,67.86849792543961,392.842489627198,143.1502074560399,1.4820266132894275,25.03670373420872,0,1
2025-01-10 12:00:00,31.461777478867205,67.98837086855467,392.59,148.2,1.4763948650293204,25.05945165257814,0,1
2025-01-10 13:00:00,29.69807621135332,74.56987298107781,440.0,143.1502074560399,1.060470877306242,24.61205080756888,0,0
2025-01-10 14:00:00,29.221320343559643,75.36446609406727,440.0,128.3449648408538,0.9995118923400066,24.29421356237309,0,0
2025-01-10 15:00:00,28.6,76.4,440.0,104.79322497184634,0.923706194488443,23.880000000000003,0,0
2025-01-10 16:00:00,27.876457135307565,77.6059047744874,440.0,74.09999999999998,0.8404111724104305,23.39763809020504,0,0
2025-01-10 17:00:00,27.1,78.9,440.0,38.35698248419361,0.7567115295000727,22.880000000000003,0,0
2025-01-10 18:00:00,26.32354286469244,80.19409522551261,440.0,1.8149265563363772e-14,0.678603467481865,22.36236190979496,0,0
2025-01-10 19:00:00,25.6,81.4,440.0,0.0,0.6105954375785085,21.880000000000003,0,0
2025-01-10 20:00:00,24.97867965644036,82.43553390593274,440.0,0.0,0.5556970282080096,21.465786437626907,0,0
2025-01-10 21:00:00,24.501923788646685,83.2301270189222,440.0,0.0,0.5156740541800847,21.147949192431128,0,0
2025-01-10 22:00:00,24.2022225211328,83.72962913144535,440.0,0.0,0.49141858087141266,20.948148347421867,0,0
2025-01-10 23:00:00,24.1,83.9,440.0,0.0,0.4833018016392485,20.880000000000003,0,0
2025-01-11 00:00:00,24.302222521132794,87.32962913144534,440.0,0.0,0.38498618931624334,21.768148347421864,0,0
2025-01-11 01:00:00,24.601923788646683,86.8301270189222,440.0,0.0,0.4074017065820572,21.967949192431124,0,0
2025-01-11 02:00:00,23.57867965644036,81.43553390593274,400.0,0.0,0.5400933912335468,19.865786437626905,0,1
2025-01-11 03:00:00,24.2,80.4,400.0,0.0,0.5919054603781746,20.28,0,1
2025-01-11 04:00:00,24.92354286469244,79.19409522551261,400.0,0.0,0.6560891686955136,20.76236190979496,0,1
2025-01-11 05:00:00,25.7,77.9,400.0,0.0,0.7298052781764542,21.28,0,1
2025-01-11 06:00:00,26.47645713530756,76.6059047744874,400.0,0.0,0.8088006156590949,21.79763809020504,0,1
2025-01-11 07:00:00,27.842388869944457,75.07880556502778,398.3940278251388,32.119443497222825,0.9333934462274643,22.85814998295001,0,1
2025-01-11 08:00:00,29.06232034355964,73.74396609406726,396.8975,62.04999999999999,1.0555257704783143,23.81111356237309,0,1
2025-01-11 09:00:00,30.053115242258325,72.6923534656253,395.6124024227375,87.75195154525055,1.1622158924311172,24.591585935383385,0,1
2025-01-11 10:00:00,30.74725253106018,71.99563334245818,389.91946429994914,107.47375260964884,1.2401314805901098,25.146379199551816,0,1
2025-01-11 11:00:00,31.097427900849468,71.70128604957527,388.74696412373237,119.87139504247337,1.2784145807890903,25.437685110764523,0,1
2025-01-11 12:00:00,31.079777478867204,71.82937086855466,393.795,124.1,1.271350935288643,25.44565165257813,0,1
2025-01-11 13:00:00,29.798076211353315,78.1698729810778,440.0,119.87139504247337,0.9155924389478707,25.43205080756888,0,0
2025-01-11 14:00:00,29.32132034355964,78.96446609406726,440.0,107.47375260964884,0.858389070457122,25.11421356237309,0,0
2025-01-11 15:00:00,28.7,80.0,440.0,87.75195154525055,0.7873507005899445,24.7,0,0
2025-01-11 16:00:00,27.97645713530756,81.2059047744874,440.0,62.04999999999999,0.7094304697427278,24.217638090205043,0,0
2025-01-11 17:00:00,27.2,82.5,440.0,32.11944349722285,0.631292952941965,23.7,0,0
2025-01-11 18:00:00,26.42354286469244,83.7940952255126,440.0,1.519786677741865e-14,0.5585405113475302,23.18236190979496,0,0
2025-01-11 19:00:00,25.7,85.0,440.0,0.0,0.4953429489885437,22.7,0,0
2025-01-11 20:00:00,25.07867965644036,86.03553390593274,440.0,0.0,0.44444065666094634,22.285786437626903,0,0
2025-01-11 21:00:00,24.601923788646683,86.8301270189222,440.0,0.0,0.4074017065820572,21.967949192431124,0,0
2025-01-11 22:00:00,24.302222521132794,87.32962913144534,440.0,0.0,0.38498618931624334,21.768148347421864,1,0
2025-01-11 23:00:00,24.2,87.5,440.0,0.0,0.37749072728199917,21.7,1,0
2025-01-12 00:00:00,24.602222521132795,82.72962913144535,440.0,0.0,0.5342575555591269,21.148148347421863,0,0
2025-01-12 01:00:00,24.901923788646684,82.2301270189222,440.0,0.0,0.5596299532100305,21.347949192431123,0,0
2025-01-12 02:00:00,23.87867965644036,76.83553390593275,400.0,0.0,0.6861911992494039,19.245786437626908,0,1
2025-01-12 03:00:00,24.5,75.80000000000001,400.0,0.0,0.7440650703133445,19.660000000000004,0,1
2025-01-12 04:00:00,25.22354286469244,74.59409522551262,400.0,0.0,0.8155812771114235,20.160000000000004,0,1
2025-01-12 05:00:00,26.0,73.30000000000001,400.0,0.0,0.8975044342368842,20.660000000000004,0,1
2025-01-12 06:00:00,26.776457135307563,72.0059047744874,400.0,0.0,0.9850697187202755,21.177638090205043,0,1
2025-01-12 07:00:00,28.42605454337681,70.33697272831161,397.684863641558,46.30272716884096,1.14935900084448,22.49344908903914,0,1
2025-01-12 08:00:00,29.91032034355964,68.86996609406728,395.5275,89.44999999999999,1.314088457000985,23.68431356237309,0,1
2025-01-12 09:00:00,31.128104274438783,67.70485894953508,393.6749298422864,126.50140315427336,1.461504080427351,24.6690760643458,0,1
2025-01-12 10:00:00,31.99641637360793,66.9210514211843,392.2534027631482,154.93194473703608,1.572511227311592,25.38062665784479,0,1
2025-01-12 11:00:00,32.45608260646229,66.57195869676887,391.3597934838442,172.80413032311432,1.6308536082158998,25.770474345816066,0,1
2025-01-12 12:00:00,32.47577747886721,66.68137086855467,391.055,178.9,1.62731957012734,25.81205165257814,0,1
2025-01-12 13:00:00,30.09807621135332,73.56987298107781,440.0,172.80413032311432,1.1277715612719523,24.81205080756888,0,0
2025-01-12 14:00:00,29.62132034355964,74.36446609406727,440.0,154.93194473703608,1.0643285337455977,24.494213562373098,0,0
2025-01-12 15:00:00,29.0,75.4,440.0,126.50140315427336,0.9853966896211366,24.08,0,0
2025-01-12 16:00:00,28.276457135307563,76.6059047744874,440.0,89.44999999999999,0.8986148440018319,23.597638090205045,0,0
2025-01-12 17:00:00,27.5,77.9,440.0,46.30272716884101,0.811350716253466,23.08,0,0
2025-01-12 18:00:00,26.72354286469244,79.19409522551261,440.0,2.1908931236746152e-14,0.7298546682800103,22.56236190979496,0,0
2025-01-12 19:00:00,26.0,80.4,440.0,0.0,0.6588422064061024,22.08,0,0
2025-01-12 20:00:00,25.37867965644036,81.43553390593274,440.0,0.0,0.6014770539165378,21.665786437626902,0,0
2025-01-12 21:00:00,24.901923788646684,82.2301270189222,440.0,0.0,0.5596299532100305,21.347949192431123,0,0
2025-01-12 22:00:00,24.602222521132795,82.72962913144535,440.0,0.0,0.5342575555591269,21.148148347421863,0,0
2025-01-12 23:00:00,24.5,85.72962913144535,440.0,0.0,0.43876382246729845,21.08,0,0
2025-01-13 00:00:00,25.0022225211328,88.72962913144535,440.0,0.0,0.35706756398145084,22.748148347421864,0,0
2025-01-13 01:00:00,25.301923788646683,88.2301270189222,440.0,0.0,0.3796015081059052,22.947949192431125,0,0
2025-01-13 02:00:00,24.27867965644036,82.83553390593275,400.0,0.0,0.5208033703546406,20.845786437626906,0,1
2025-01-13 03:00:00,24.9,81.80000000000001,400.0,0.0,0.5731102976217595,21.26,0,1
2025-01-13 04:00:00,25.623542864692435,80.59409522551262,400.0,0.0,0.6379412770016945,21.74236190979496,0,1
2025-01-13 05:00:00,26.4,79.30000000000001,400.0,0.0,0.7124415119473747,22.26,0,1
2025-01-13 06:00:00,27.17645713530756,78.0059047744874,400.0,0.0,0.7923188745183042,22.777638090205045,0,1
2025-01-13 07:00:00,28.613305288302545,76.44334735584874,398.2167367792436,35.66526441512736,0.9227208848627464,23.901974759472296,0,1
2025-01-13 08:00:00,29.89932034355964,75.07546609406728,396.555,68.89999999999999,1.0514723225776013,24.9144135623731,0,1
2025-01-13 09:00:00,30.94686250030344,73.99547983660275,395.1280342776247,97.43931444750626,1.164747463057888,25.74595846762399,0,1
2025-01-13 10:00:00,31.68454349169712,73.2769878621397,394.0330849679252,119.33830064149564,1.2481435885940395,26.339941064125057,0,1
2025-01-13 11:00:00,32.06209157725267,72.96895421137367,393.3447710568683,133.10457886263362,1.2897820429772595,26.65588241952741,0,1
2025-01-13 12:00:00,32.053777478867204,73.09237086855467,393.11,137.8,1.2832904376986936,26.672251652578137,0,1
2025-01-13 13:00:00,30.498076211353315,79.56987298107781,440.0,133.10457886263362,0.8919383520308273,26.412050807568875,0,0
2025-01-13 14:00:00,30.02132034355964,80.36446609406727,440.0,119.33830064149566,0.8341678666371197,26.094213562373096,0,0
2025-01-13 15:00:00,29.4,81.4,440.0,97.43931444750626,0.7624527166702871,25.68,0,0
2025-01-13 16:00:00,28.67645713530756,82.6059047744874,440.0,68.89999999999999,0.6838294664388039,25.197638090205043,0,0
2025-01-13 17:00:00,27.9,83.9,440.0,35.6652644151274,0.6050343148507157,24.68,0,0
2025-01-13 18:00:00,27.123542864692435,85.19409522551261,440.0,1.6875632892250527e-14,0.5317190082546711,24.16236190979496,0,0
2025-01-13 19:00:00,26.4,86.4,440.0,0.0,0.4680775150958597,23.68,0,0
2025-01-13 20:00:00,25.77867965644036,87.43553390593274,440.0,0.0,0.4168527729217504,23.265786437626904,1,0
2025-01-13 21:00:00,25.301923788646683,88.2301270189222,440.0,0.0,0.3796015081059052,22.947949192431125,1,0
2025-01-13 22:00:00,25.0022225211328,88.72962913144535,440.0,0.0,0.35706756398145084,22.748148347421864,1,0
2025-01-13 23:00:00,24.9,88.9,440.0,0.0,0.3495343023956885,22.68,1,0
2025-01-14 00:00:00,24.2022225211328,90.02962913144535,440.0,0.0,0.301137911518427,22.208148347421865,1,0
2025-01-14 01:00:00,24.501923788646685,89.5301270189222,440.0,0.0,0.3219488813657027,22.40794919243113,1,0
2025-01-14 02:00:00,23.47867965644036,84.13553390593275,400.0,0.0,0.45877073228437115,20.30578643762691,0,1
2025-01-14 03:00:00,24.1,83.10000000000001,400.0,0.0,0.5073167979939938,20.72,0,1
2025-01-14 04:00:00,24.82354286469244,81.89409522551261,400.0,0.0,0.5675538947199527,21.202361909794963,0,1
2025-01-14 05:00:00,25.6,80.60000000000001,400.0,0.0,0.636857606936724,21.720000000000006,0,1
2025-01-14 06:00:00,26.376457135307565,79.3059047744874,400.0,0.0,0.7112506599087588,22.23763809020505,0,1
2025-01-14 07:00:00,27.820552221565418,77.7397238892173,398.19861944608647,36.02761107827089,0.8326712152404657,23.36849699940888,0,1
2025-01-14 08:00:00,29.113320343559643,76.36846609406727,396.52,69.59999999999998,0.9528197753296216,24.3870135623731,0,1
2025-01-14 09:00:00,30.166661490176665,75.28558034166613,395.0785368029416,98.42926394116742,1.0587150450509237,25.22377755850989,0,1
2025-01-14 10:00:00,30.908792203003085,74.56486350648673,393.9724631896603,120.55073620679384,1.1367768309678963,25.82176490430043,0,1
2025-01-14 11:00:00,31.28913750038877,74.25543124980562,393.2771562490281,134.4568750194383,1.1757738589806463,26.140223750349893,0,1
2025-01-14 12:00:00,31.281777478867205,74.37837086855467,393.04,139.2,1.169669945636268,26.15745165257814,0,1
2025-01-14 13:00:00,29.69807621135332,80.8698729810778,440.0,134.4568750194383,0.7977523103852782,25.87205080756888,0,0
2025-01-14 14:00:00,29.221320343559643,81.66446609406727,440.0,120.55073620679386,0.7439085453297105,25.554213562373096,0,0
2025-01-14 15:00:00,28.6,82.7,440.0,98.42926394116742,0.6771236086716127,25.14,0,0
2025-01-14 16:00:00,27.876457135307565,83.9059047744874,440.0,69.59999999999998,0.6039832063386503,24.657638090205044,0,0
2025-01-14 17:00:00,27.1,85.2,440.0,36.02761107827092,0.5307739638199563,24.14,0,0
2025-01-14 18:00:00,26.32354286469244,86.49409522551261,440.0,1.7047083444131156e-14,0.4627485548275956,23.62236190979496,0,0
2025-01-14 19:00:00,25.6,87.7,440.0,0.0,0.40378085388256224,23.14,1,0
2025-01-14 20:00:00,24.97867965644036,88.73553390593274,440.0,0.0,0.3563803362595448,22.72578643762691,1,0
2025-01-14 21:00:00,24.501923788646685,89.5301270189222,440.0,0.0,0.3219488813657027,22.40794919243113,1,0
2025-01-14 22:00:00,24.2022225211328,90.02962913144535,440.0,0.0,0.301137911518427,22.208148347421865,1,0
2025-01-14 23:00:00,24.1,90.2,440.0,0.0,0.2941837053456296,22.14,1,0
2025-01-15 00:00:00,23.5022225211328,94.62962913144534,440.0,0.0,0.15552156581297474,22.42814834742186,1,0
2025-01-15 01:00:00,23.801923788646683,94.1301270189222,440.0,0.0,0.17308055873698455,22.62794919243112,1,0
2025-01-15 02:00:00,22.77867965644036,88.73553390593274,400.0,0.0,0.3122564578297994,20.525786437626905,1,1
2025-01-15 03:00:00,23.4,87.7,400.0,0.0,0.3540100250252784,20.94,1,1
2025-01-15 04:00:00,24.123542864692435,86.49409522551261,400.0,0.0,0.40600314238695007,21.42236190979496,1,1
2025-01-15 05:00:00,24.9,85.2,400.0,0.0,0.4660457365275848,21.94,1,1
2025-01-15 06:00:00,25.67645713530756,83.9059047744874,400.0,0.0,0.5307322135696256,22.45763809020504,0,1
2025-01-15 07:00:00,27.06361203164286,82.36819398417857,398.34096992089286,33.180601582143154,0.6309837058746132,23.537250828478577,0,1
2025-01-15 08:00:00,28.30332034355964,81.02346609406726,396.795,64.09999999999998,0.7300658559205536,24.50801356237309,0,1
2025-01-15 09:00:00,29.311097998315624,79.96336208759665,395.46744553259424,90.6510893481154,0.8171457793101701,25.30377041583496,0,1
2025-01-15 10:00:00,30.018266614170503,79.26012630090301,389.91946429994914,111.024456765165,0.8809287650745529,25.870291874351103,0,1
2025-01-15 11:00:00,30.37663381860517,78.96168309069742,393.8084154534871,123.83169093025856,0.912135776615466,26.16897043674465,0,1
2025-01-15 12:00:00,30.361777478867204,79.08837086855466,393.59,128.2,0.9058729929090357,26.179451652578138,0,1
2025-01-15 13:00:00,28.998076211353315,85.4698729810778,440.0,123.83169093025856,0.5819653395039011,26.092050807568874,0,0
2025-01-15 14:00:00,28.52132034355964,86.26446609406726,440.0,111.02445676516504,0.5351631442391507,25.77421356237309,0,0
2025-01-15 15:00:00,27.9,87.3,440.0,90.6510893481154,0.4772630930809996,25.36,1,0
2025-01-15 16:00:00,27.17645713530756,88.50590477448739,440.0,64.09999999999998,0.41406516154938205,24.87763809020504,1,0
2025-01-15 17:00:00,26.4,89.8,440.0,33.18060158214319,0.351058136321895,24.36,1,0
2025-01-15 18:00:00,25.623542864692435,91.0940952255126,440.0,1.5699971965069066e-14,0.29276884178888046,23.84236190979496,1,0
2025-01-15 19:00:00,24.9,92.3,440.0,0.0,0.24246974130151389,23.36,1,0
2025-01-15 20:00:00,24.27867965644036,93.33553390593272,440.0,0.0,0.20221289636291942,22.945786437626904,1,0
2025-01-15 21:00:00,23.801923788646683,94.1301270189222,440.0,0.0,0.17308055873698455,22.62794919243112,1,0
2025-01-15 22:00:00,23.5022225211328,94.62962913144534,440.0,0.0,0.15552156581297474,22.42814834742186,1,0
2025-01-15 23:00:00,23.4,94.8,440.0,0.0,0.1496627748074349,22.36,1,0
2025-01-16 00:00:00,24.2022225211328,84.02962913144535,440.0,0.0,0.48235759661650857,21.008148347421866,0,0
2025-01-16 01:00:00,24.501923788646685,83.5301270189222,400.0,0.0,0.5064490459508287,21.207949192431126,0,0
2025-01-16 02:00:00,23.47867965644036,78.13553390593275,400.0,0.0,0.6322795271839117,19.10578643762691,0,1
2025-01-16 03:00:00,24.1,77.10000000000001,400.0,0.0,0.6874292706545833,19.520000000000003,0,1
2025-01-16 04:00:00,24.82354286469244,75.89409522551261,400.0,0.0,0.7556319505107951,20.002361909794963,0,1
2025-01-16 05:00:00,25.6,74.60000000000001,400.0,0.0,0.8338238771233396,20.520000000000003,0,1
2025-01-16 06:00:00,26.376457135307565,73.3059047744874,400.0,0.0,0.9174690962766064,21.037638090205043,0,1
2025-01-16 07:00:00,27.786905745702093,71.75654712714896,398.2827356357448,34.3452872851045,1.054408044947396,22.13821517113189,0,1
2025-01-16 08:00:00,29.04832034355964,70.40096609406727,396.6825,66.34999999999998,1.18895668285383,23.128513562373094,0,1
2025-01-16 09:00:00,30.074737608622414,69.33154228244327,391.695030854964,93.83306986345484,1.3068713354530248,23.941046065111067,0,1
2025-01-16 10:00:00,30.796208900511107,68.62115515773272,394.2539214458902,114.921571082195,1.3934501228503775,24.52043993205765,0,1
2025-01-16 11:00:00,31.16356714297119,68.31821642851442,393.591082142572,128.17835714855934,1.4366412424474153,24.82721042867407,0,1
2025-01-16 12:00:00,31.151777478867206,68.44337086855467,393.365,132.7,1.4300069817764662,24.84045165257814,0,1
2025-01-16 13:00:00,29.69807621135332,74.8698729810778,440.0,128.17835714855934,1.047960469357625,24.67205080756888,0,0
2025-01-16 14:00:00,29.221320343559643,75.66446609406727,440.0,114.921571082195,0.9873403043871357,24.354213562373097,0,0
2025-01-16 15:00:00,28.6,76.7,440.0,93.83306986345484,0.9119641665924035,23.94,0,0
2025-01-16 16:00:00,27.876457135307565,77.9059047744874,440.0,66.34999999999998,0.8291526978355838,23.457638090205045,0,0
2025-01-16 17:00:00,27.1,79.2,440.0,34.34528728510453,0.7459525978010195,22.94,0,0
2025-01-16 18:00:00,26.35,80.49409522551261,440.0,1.6251063024685374e-14,0.6693680534016461,22.42236190979496,0,0
2025-01-16 19:00:00,25.6,81.7,440.0,0.0,0.6007471240691777,21.94,0,0
2025-01-16 20:00:00,24.97867965644036,82.73553390593274,440.0,0.0,0.5462057571628446,21.52578643762691,0,0
2025-01-16 21:00:00,24.501923788646685,83.5301270189222,440.0,0.0,0.5064490459508287,21.207949192431126,0,0
2025-01-16 22:00:00,24.2022225211328,84.02962913144535,440.0,0.0,0.48235759661650857,21.008148347421866,0,0
2025-01-16 23:00:00,24.1,84.2,440.0,0.0,0.474296178006219,20.94,0,0
2025-01-17 00:00:00,24.2022225211328,80.92962913144534,440.0,0.0,0.5759877672505178,20.388148347421865,0,0
2025-01-17 01:00:00,24.501923788646685,80.43012701892219,440.0,0.0,0.6017741309864771,20.587949192431125,0,0
2025-01-17 02:00:00,23.47867965644036,75.03553390593274,400.0,0.0,0.7219257378820076,18.485786437626903,0,1
2025-01-17 03:00:00,24.1,74.0,400.0,0.0,0.7804873815292216,18.9,0,1
2025-01-17 04:00:00,24.82354286469244,72.7940952255126,400.0,0.0,0.8528056126693971,19.38236190979496,0,1
2025-01-17 05:00:00,25.6,71.5,400.0,0.0,0.9355897833864248,19.9,0,1
2025-01-17 06:00:00,26.376457135307565,70.2059047744874,400.0,0.0,1.024015288399995,20.417638090205045,0,1
2025-01-17 07:00:00,28.181863608528538,68.45906819573572,397.29534097867867,54.093180426426834,1.204908257060926,21.873677247675683,0,1
2025-01-17 08:00:00,29.811320343559643,66.91946609406726,394.775,104.5,1.388509454396,23.19521356237309,0,1
2025-01-17 09:00:00,31.15378255671309,65.69201980839792,392.61073413660057,147.78531726798843,1.5548633306860165,24.29218651839267,0,1
2025-01-17 10:00:00,32.11776366668616,64.86037777464517,390.9500345304526,180.99930939094767,1.6819610429316167,25.0898392216152,0,1
2025-01-17 11:00:00,32.63756995388831,64.48121502305585,389.9060751152792,201.87849769441527,1.7506450286954414,25.53381295849948,0,1
2025-01-17 12:00:00,32.677777478867206,64.58037086855465,389.55,209.0,1.7497095231531714,25.59385165257813,0,1
2025-01-17 13:00:00,29.69807621135332,71.7698729810778,440.0,201.87849769441527,1.177234684826671,24.052050807568875,0,0
2025-01-17 14:00:00,29.221320343559643,72.56446609406726,440.0,180.9993093909477,1.1131133799001387,23.734213562373093,0,0
2025-01-17 15:00:00,28.6,73.6,440.0,147.78531726798843,1.0332984548514788,23.32,0,0
2025-01-17 16:00:00,27.876457135307565,74.80590477448739,440.0,104.5,0.9454902684423334,22.83763809020504,0,0
2025-01-17 17:00:00,27.1,76.1,440.0,54.09318042642689,0.8571282253579028,22.32,0,0
2025-01-17 18:00:00,26.32354286469244,77.3940952255126,440.0,2.559511810217968e-14,0.7745389842170959,21.80236190979496,0,0
2025-01-17 19:00:00,25.6,78.6,440.0,0.0,0.702513030332263,21.32,0,0
2025-01-17 20:00:00,24.97867965644036,79.63553390593273,440.0,0.0,0.64428222462955,20.905786437626908,0,0
2025-01-17 21:00:00,24.501923788646685,80.43012701892219,440.0,0.0,0.6017741309864771,20.587949192431125,0,0
2025-01-17 22:00:00,24.2022225211328,80.92962913144534,440.0,0.0,0.5759877672505178,20.388148347421865,0,0
2025-01-17 23:00:00,24.1,81.1,440.0,0.0,0.5673542888808574,20.32,0,0
2025-01-18 00:00:00,23.9022225211328,82.52962913144535,440.0,0.0,0.5182498517084504,20.408148347421864,0,0
2025-01-18 01:00:00,24.201923788646685,82.0301270189222,440.0,0.0,0.5427394038095913,20.607949192431125,0,0
2025-01-18 02:00:00,23.17867965644036,76.63553390593275,400.0,0.0,0.6635376686334029,18.50578643762691,0,1
2025-01-18 03:00:00,23.8,75.60000000000001,400.0,0.0,0.7193813704253884,18.92,0,1
2025-01-18 04:00:00,24.52354286469244,74.39409522551261,400.0,0.0,0.7884006592512524,19.40236190979496,0,1
2025-01-18 05:00:00,25.3,73.10000000000001,400.0,0.0,0.8674786219012883,19.92,0,1
2025-01-18 06:00:00,26.076457135307564,71.8059047744874,400.0,0.0,0.9520194038697191,20.437638090205045,0,1
2025-01-18 07:00:00,27.44808288893672,70.27595855553166,398.3797927776582,32.404144446835595,1.0879430236733079,21.50327460004305,0,1
2025-01-18 08:00:00,28.67332034355964,68.93846609406727,396.87,62.6,1.2209277015828375,22.461013562373097,0,1
2025-01-18 09:00:00,29.66867159144444,67.88457529103225,395.5735115497722,88.52976900455576,1.336994665967163,23.24558664965088,0,1
2025-01-18 10:00:00,30.36630508994344,67.18610706301655,394.5786809723094,104.73184122797356,1.421836561844631,23.80352650254675,0,1
2025-01-18 11:00:00,30.718678269027823,66.8906608654861,393.9533043274304,120.93391345139136,1.4638095880846633,24.096810442125047,0,1
2025-01-18 12:00:00,30.701777478867207,67.01837086855467,393.74,125.2,1.456757980999469,24.10545165257814,0,1
2025-01-18 13:00:00,29.39807621135332,73.3698729810778,440.0,120.93391345139136,1.0915033470480908,24.07205080756888,0,0
2025-01-18 14:00:00,28.921320343559643,74.16446609406727,440.0,108.42638055381173,1.030192014782344,23.754213562373096,0,0
2025-01-18 15:00:00,28.3,75.2,440.0,88.52976900455576,0.95392242035236,23.340000000000003,0,0
2025-01-18 16:00:00,27.576457135307564,76.4059047744874,440.0,62.6,0.8700812486463942,22.857638090205043,0,0
2025-01-18 17:00:00,26.8,77.7,440.0,32.40414444683563,0.7857894691966137,22.340000000000003,0,0
2025-01-18 18:00:00,26.02354286469244,78.99409522551261,440.0,1.5332577925324864e-14,0.707084130750254,21.82236190979496,0,0
2025-01-18 19:00:00,25.3,80.2,440.0,0.0,0.6385158629607997,21.34,0,0
2025-01-18 20:00:00,24.67867965644036,81.23553390593274,440.0,0.0,0.5831342036743901,20.925786437626908,0,0
2025-01-18 21:00:00,24.201923788646685,82.0301270189222,440.0,0.0,0.5427394038095913,20.607949192431125,0,0
2025-01-18 22:00:00,23.9022225211328,82.52962913144535,440.0,0.0,0.5182498517084504,20.408148347421864,0,0
2025-01-18 23:00:00,23.8,82.7,440.0,0.0,0.5100531847688206,20.34,0,0
2025-01-19 00:00:00,24.102222521132795,94.12962913144534,440.0,0.0,0.1762446601205046,22.928148347421864,0,0
2025-01-19 01:00:00,24.401923788646684,93.6301270189222,440.0,0.0,0.19470564640394225,23.127949192431124,0,0
2025-01-19 02:00:00,23.37867965644036,88.23553390593274,400.0,0.0,0.3381616094154949,21.025786437626905,1,1
2025-01-19 03:00:00,24.0,87.2,400.0,0.0,0.38194143707719164,21.44,1,1
2025-01-19 04:00:00,24.72354286469244,85.99409522551261,400.0,0.0,0.4364220488935272,21.92236190979496,1,1
2025-01-19 05:00:00,25.5,84.7,400.0,0.0,0.49929356275664627,22.44,0,1
2025-01-19 06:00:00,26.276457135307563,83.4059047744874,400.0,0.0,0.5669815080640945,22.95763809020504,0,1
2025-01-19 07:00:00,27.36545249168476,82.01727375415763,399.0863687707881,18.272624584237963,0.6550206070793889,23.768907242516285,0,1
2025-01-19 08:00:00,28.32732034355964,80.81146609406727,398.235,35.29999999999999,0.7392518027313876,24.48961356237309,0,1
2025-01-19 09:00:00,29.09651098638872,79.8706555935601,397.5039130624114,49.921738751770256,0.8108246406239813,25.07064210510074,0,1
2025-01-19 10:00:00,29.62060534901084,79.25895693348285,396.94293032464094,61.14139350718136,0.8610850924326267,25.47239673570741,0,1
2025-01-19 11:00:00,29.86388726672017,79.01805636663993,396.5902818331996,68.19436333600822,0.8833505622907896,25.66749854004815,0,1
2025-01-19 12:00:00,29.809777478867204,79.16437086855466,396.47,70.6,0.874469087800468,25.64265165257813,0,1
2025-01-19 13:00:00,29.59807621135332,84.9698729810778,440.0,68.19436333600822,0.6231825439214237,26.592050807568874,0,0
2025-01-19 14:00:00,29.12132034355964,85.76446609406726,440.0,61.14139350718137,0.5742396996941794,26.27421356237309,0,0
2025-01-19 15:00:00,28.5,86.8,440.0,49.921738751770256,0.5136620981164486,25.86,0,0
2025-01-19 16:00:00,27.776457135307563,88.00590477448739,440.0,35.29999999999999,0.4475007449238997,25.377638090205043,1,0
2025-01-19 17:00:00,27.0,89.3,440.0,18.27262458423798,0.3814913988117605,24.86,1,0
2025-01-19 18:00:00,26.22354286469244,90.5940952255126,440.0,8.646006401980313e-15,0.3203760294384903,24.34236190979496,1,0
2025-01-19 19:00:00,25.5,91.8,440.0,0.0,0.267595242784608,23.86,1,0
2025-01-19 20:00:00,24.87867965644036,92.83553390593272,440.0,0.0,0.22531943644883579,23.445786437626904,1,0
2025-01-19 21:00:00,24.401923788646684,93.6301270189222,440.0,0.0,0.19470564640394225,23.127949192431124,1,0
2025-01-19 22:00:00,24.102222521132795,94.12962913144534,440.0,0.0,0.1762446601205046,22.928148347421864,1,0
2025-01-19 23:00:00,24.0,94.3,440.0,0.0,0.17008329619843704,22.86,1,0
2025-01-20 00:00:00,24.5022225211328,84.42962913144534,440.0,0.0,0.47879788345481683,21.38814834742186,0,0
2025-01-20 01:00:00,24.801923788646683,83.93012701892219,440.0,0.0,0.503082556807986,21.58794919243112,0,0
2025-01-20 02:00:00,23.77867965644036,78.53553390593274,400.0,0.0,0.6320228653241516,19.485786437626903,0,1
2025-01-20 03:00:00,24.4,77.5,400.0,0.0,0.6876703469287712,19.9,0,1
2025-01-20 04:00:00,25.123542864692435,76.2940952255126,400.0,0.0,0.7564942779954009,20.38236190979496,0,1
2025-01-20 05:00:00,25.9,75.0,400.0,0.0,0.8354050537869793,20.9,0,1
2025-01-20 06:00:00,26.67645713530756,73.7059047744874,400.0,0.0,0.919825819676268,21.41763809020504,0,1
2025-01-20 07:00:00,28.35607755260871,72.02196122369564,397.6098061184782,47.80387763043558,1.0796753457670296,22.76046979734784,0,1
2025-01-20 08:00:00,29.86832034355964,70.54096609406726,395.3825,92.34999999999998,1.2405561139805648,23.97651356237309,0,1
2025-01-20 09:00:00,31.11012866105642,69.36384675622625,393.46986887574224,130.60262248515534,1.3850103869514523,24.98289801230167,0,1
2025-01-20 10:00:00,31.99687532044692,68.5708219477648,392.0022553960507,159.9548920789858,1.494122978019153,25.71103970999988,0,1
2025-01-20 11:00:00,32.46813000231182,68.21593499884409,391.07967499422045,178.40650011559092,1.5517013515838862,26.11131700208064,0,1
2025-01-20 12:00:00,32.491777478867206,68.32337086855466,390.765,184.7,1.5485168674921008,26.15645165257813,0,1
2025-01-20 13:00:00,29.998076211353315,75.2698729810778,440.0,178.40650011559092,1.0491995982138802,25.052050807568875,0,0
2025-01-20 14:00:00,29.52132034355964,76.06446609406726,440.0,159.9548920789858,0.9880466110242718,24.734213562373093,0,0
2025-01-20 15:00:00,28.9,77.1,440.0,130.60262248515534,0.9120124609364325,24.32,0,0
2025-01-20 16:00:00,28.17645713530756,78.30590477448739,440.0,92.34999999999998,0.8284846636098838,23.83763809020504,0,0
2025-01-20 17:00:00,27.4,79.6,440.0,47.80387763043563,0.7445730026365727,23.32,0,0
2025-01-20 18:00:00,26.623542864692435,80.8940952255126,440.0,2.261922638025161e-14,0.6662898542837644,22.80236190979496,0,0
2025-01-20 19:00:00,25.9,82.1,440.0,0.0,0.5981500185114773,22.32,0,0
2025-01-20 20:00:00,25.27867965644036,83.13553390593273,440.0,0.0,0.5431612493215083,21.905786437626904,0,0
2025-01-20 21:00:00,24.801923788646683,83.93012701892219,440.0,0.0,0.503082556807986,21.58794919243112,0,0
2025-01-20 22:00:00,24.5022225211328,84.42962913144534,440.0,0.0,0.47879788345481683,21.38814834742186,0,0
2025-01-20 23:00:00,24.4,84.6,440.0,0.0,0.47067214856458134,21.32,0,0
2025-01-21 00:00:00,23.9022225211328,79.32962913144534,440.0,0.0,0.6131762581336303,19.768148347421864,0,0
2025-01-21 01:00:00,24.201923788646685,78.8301270189222,440.0,0.0,0.6393881722243432,19.967949192431124,0,0
2025-01-21 02:00:00,23.17867965644036,73.43553390593274,400.0,0.0,0.7544158650825847,17.86578643762691,0,1
2025-01-21 03:00:00,23.8,72.4,400.0,0.0,0.8137264681860952,18.28,0,1
2025-01-21 04:00:00,24.52354286469244,71.19409522551261,400.0,0.0,0.8869280158052649,18.76236190979496,0,1
2025-01-21 05:00:00,25.3,69.9,400.0,0.0,0.9706731048040439,19.28,0,1
2025-01-21 06:00:00,26.731470545754938,68.6059047744874,400.0,0.0,1.1017933845843033,19.797638090205044,0,1
2025-01-21 07:00:00,28.162941091509875,66.71852945424507,396.5926472712253,68.14705457549371,1.27000108879779,21.506646982358887,0,1
2025-01-21 08:00:00,30.05432034355964,65.04796609406726,393.4175,131.64999999999998,1.4876644918050437,23.06391356237309,0,1
2025-01-21 09:00:00,31.62170052108168,63.70806082621362,390.6909392256791,186.181215486418,1.6890522014230387,24.3633126863244,0,1
2025-01-21 10:00:00,32.75826725519606,62.79012598039023,388.59877555917785,228.0244888164427,1.8464816525196406,25.316292451274105,0,1
2025-01-21 11:00:00,33.38656540123824,62.35671729938088,387.2835864969044,254.3282700619117,1.934958382948612,25.857908861114414,0,1
2025-01-21 12:00:00,33.46377747886721,62.43737086855465,386.835,263.3,1.9391666184383198,25.951251652578136,0,1
2025-01-21 13:00:00,29.39807621135332,70.1698729810778,440.0,254.3282700619117,1.2226634691185585,23.43205080756888,0,0
2025-01-21 14:00:00,28.921320343559643,70.96446609406726,440.0,228.0244888164428,1.1577920272034725,23.11421356237309,0,0
2025-01-21 15:00:00,28.3,72.0,440.0,179.8372444082214,1.0770091842687937,22.700000000000003,0,0
2025-01-21 16:00:00,27.576457135307564,73.2059047744874,440.0,131.64999999999998,0.9880878926417024,22.217638090205043,0,0
2025-01-21 17:00:00,26.8,74.5,440.0,68.14705457549378,0.8985484961665315,21.700000000000003,0,0
2025-01-21 18:00:00,26.02354286469244,75.7940952255126,440.0,3.2244950221549814e-14,0.8147999964885833,21.18236190979496,0,0
2025-01-21 19:00:00,25.3,77.0,440.0,0.0,0.7417103458635552,20.700000000000003,0,0
2025-01-21 20:00:00,24.67867965644036,78.03553390593274,440.0,0.0,0.6825790502478841,20.285786437626907,0,0
2025-01-21 21:00:00,24.201923788646685,78.8301270189222,440.0,0.0,0.6393881722243432,19.967949192431124,0,0
2025-01-21 22:00:00,23.9022225211328,79.1650635094611,440.0,0.0,0.6180580153574078,19.768148347421864,0,0
2025-01-21 23:00:00,23.8,79.5,440.0,0.0,0.6043982825295273,19.700000000000003,0,0
2025-01-22 00:00:00,24.2022225211328,87.62962913144534,440.0,0.0,0.3736257855576598,21.728148347421865,0,0
2025-01-22 01:00:00,24.501923788646685,87.1301270189222,440.0,0.0,0.3957489471997531,21.927949192431125,0,0
2025-01-22 02:00:00,23.47867965644036,81.73553390593274,400.0,0.0,0.5281742502441874,19.825786437626903,0,1
2025-01-22 03:00:00,24.1,80.7,400.0,0.0,0.5793617870582297,20.24,0,1
2025-01-22 04:00:00,24.82354286469244,79.49409522551261,400.0,0.0,0.64278511703629,20.72236190979496,0,1
2025-01-22 05:00:00,25.6,78.2,400.0,0.0,0.7156441150113704,21.24,0,1
2025-01-22 06:00:00,26.376457135307565,76.9059047744874,400.0,0.0,0.793738034455898,21.75763809020504,0,1
2025-01-22 07:00:00,27.86558673541326,75.31720663229338,398.0860331614669,38.279336770662816,0.9257153289691216,22.929028061871936,0,1
2025-01-22 08:00:00,29.200320343559643,73.92496609406726,396.3025,73.94999999999999,1.0566341744466885,23.985313562373094,0,1
2025-01-22 09:00:00,30.289698070103125,72.8240620517029,394.7709453531255,104.5810929374904,1.172391996230015,24.854510480443704,0,1
2025-01-22 10:00:00,31.05948062326157,72.08951929635748,393.5957421390141,128.08515721971847,1.2581564301848518,25.47738448253307,0,1
2025-01-22 11:00:00,31.457208594163067,71.77139570291847,392.8569785145924,142.86042970815322,1.301582126845835,25.811487734746763,0,1
2025-01-22 12:00:00,31.455777478867205,71.89137086855466,392.605,147.9,1.2959450041740335,25.834051652578136,0,1
2025-01-22 13:00:00,29.69807621135332,78.4698729810778,440.0,142.86042970815322,0.897835573974217,25.39205080756888,0,0
2025-01-22 14:00:00,29.221320343559643,79.26446609406726,440.0,128.0851572197185,0.8412812489526811,25.074213562373096,0,0
2025-01-22 15:00:00,28.6,80.3,440.0,104.5810929374904,0.7710598318399294,24.66,0,0
2025-01-22 16:00:00,27.876457135307565,81.50590477448739,440.0,73.94999999999999,0.6940510029374238,24.177638090205043,0,0
2025-01-22 17:00:00,27.1,82.8,440.0,38.27933677066286,0.6168454174123817,23.66,0,0
2025-01-22 18:00:00,26.32354286469244,84.0940952255126,440.0,1.8112526159389362e-14,0.5449789977435081,23.14236190979496,0,0
2025-01-22 19:00:00,25.6,85.3,440.0,0.0,0.4825673619572086,22.66,0,0
2025-01-22 20:00:00,24.97867965644036,86.33553390593273,440.0,0.0,0.43231050462086484,22.245786437626908,0,0
2025-01-22 21:00:00,24.501923788646685,87.1301270189222,440.0,0.0,0.3957489471997531,21.927949192431125,1,0
2025-01-22 22:00:00,24.2022225211328,87.62962913144534,440.0,0.0,0.3736257855576598,21.728148347421865,1,0
2025-01-22 23:00:00,24.1,87.8,440.0,0.0,0.3662286944098655,21.66,1,0
2025-01-23 00:00:00,24.5022225211328,86.62962913144534,440.0,0.0,0.41114661474111425,21.828148347421862,1,0
2025-01-23 01:00:00,24.801923788646683,86.1301270189222,440.0,0.0,0.43420947820426586,22.027949192431123,1,0
2025-01-23 02:00:00,23.77867965644036,80.73553390593274,400.0,0.0,0.5672436950610976,19.925786437626904,1,1
2025-01-23 03:00:00,24.4,79.7,400.0,0.0,0.6204314685624024,20.34,0,1
2025-01-23 04:00:00,25.123542864692435,78.45,400.0,0.0,0.6876958228713465,20.82236190979496,0,1
2025-01-23 05:00:00,25.9,77.2,400.0,0.0,0.761889409053725,21.34,0,1
2025-01-23 06:00:00,26.67645713530756,75.9059047744874,400.0,0.0,0.8428649360279757,21.857638090205043,0,1
2025-01-23 07:00:00,28.287749324701643,74.25612533764918,397.7806266882459,44.38746623508231,0.989523672345755,23.13897439223148,0,1
2025-01-23 08:00:00,29.73632034355964,72.80696609406726,395.7125,85.74999999999999,1.1364820156332918,24.297713562373094,0,1
2025-01-23 09:00:00,30.92345247082317,71.65718485134288,391.695030854964,121.26881297349291,1.2677885479728563,25.25488944109175,0,1
2025-01-23 10:00:00,31.768244613847827,70.88513730106435,392.57383216254846,143.46254609103408,1.3663193593577,25.945272074060696,0,1
2025-01-23 11:00:00,32.2131255841715,70.54343720791425,391.7171860395712,165.65627920857523,1.4175499399109044,26.321813025754352,0,1
2025-01-23 12:00:00,32.2277774788672,70.65537086855466,391.425,171.5,1.4133311018929853,26.35885165257813,0,1
2025-01-23 13:00:00,29.998076211353315,77.4698729810778,440.0,165.65627920857523,0.9558624667747899,25.49205080756888,0,0
2025-01-23 14:00:00,29.52132034355964,78.26446609406726,440.0,148.52335674903125,0.8972317349995248,25.17421356237309,0,0
2025-01-23 15:00:00,28.9,79.3,440.0,121.26881297349291,0.8243955432918844,24.76,0,0
2025-01-23 16:00:00,28.17645713530756,80.50590477448739,440.0,85.74999999999999,0.7444679650107986,24.27763809020504,0,0
2025-01-23 17:00:00,27.4,81.8,440.0,44.38746623508236,0.6642759141169423,23.76,0,0
2025-01-23 18:00:00,26.623542864692435,83.0940952255126,440.0,22.19373311754118,0.5895681445963147,23.242361909794955,0,0
2025-01-23 19:00:00,25.9511112605664,84.3,440.0,0.0,0.5262227886043293,22.76,0,0
2025-01-23 20:00:00,25.27867965644036,85.33553390593273,440.0,0.0,0.47230488530487985,22.345786437626906,0,0
2025-01-23 21:00:00,24.801923788646683,86.1301270189222,440.0,0.0,0.43420947820426586,22.027949192431123,0,0
2025-01-23 22:00:00,24.5022225211328,86.62962913144534,440.0,0.0,0.41114661474111425,21.828148347421862,1,0
2025-01-23 23:00:00,24.4,86.8,440.0,0.0,0.4034332701982125,21.76,1,0
2025-01-24 00:00:00,24.2022225211328,80.82962913144534,440.0,0.0,0.5790080953354856,20.368148347421865,0,0
2025-01-24 01:00:00,24.501923788646685,80.3301270189222,440.0,0.0,0.6048491337295626,20.56794919243113,0,0
2025-01-24 02:00:00,23.47867965644036,74.93553390593274,400.0,0.0,0.7248175511303333,18.46578643762691,0,1
2025-01-24 03:00:00,24.1,73.9,400.0,0.0,0.7834892560735645,18.880000000000003,0,1
2025-01-24 04:00:00,24.82354286469244,72.69409522551261,400.0,0.0,0.8559402469325778,19.362361909794963,0,1
2025-01-24 05:00:00,25.6,71.4,400.0,0.0,0.9388725545562014,19.880000000000003,0,1
2025-01-24 06:00:00,26.376457135307565,70.1059047744874,400.0,0.0,1.0274522623394586,20.39763809020504,0,1
2025-01-24 07:00:00,28.178388739433604,68.31532777711341,397.07663888556704,58.46722228865944,1.2101548049323894,21.93241000119587,0,1
2025-01-24 08:00:00,29.980320343559644,66.73496609406727,394.3525,112.95,1.4098645863293222,23.3273135623731,0,1
2025-01-24 09:00:00,31.39278464875414,65.47251876237739,392.01322890649794,159.7354218700411,1.5862047006520519,24.48728840122962,0,1
2025-01-24 10:00:00,32.410480253165304,64.61401948140562,390.2182430642548,195.63513871490468,1.7219467763645437,25.333284149446428,0,1
2025-01-24 11:00:00,32.96405288317401,64.217973558413,389.089867792065,218.2026441587005,1.7962628154384142,25.80764759485661,0,1
2025-01-24 12:00:00,33.01577747886721,67.9439232697454,388.705,225.9,1.6138955942480493,25.87805165257814,0,1
2025-01-24 13:00:00,29.69807621135332,71.6698729810778,440.0,218.2026441587005,1.1814048208095433,24.03205080756888,0,0
2025-01-24 14:00:00,29.221320343559643,72.46446609406726,440.0,195.6351387149047,1.1171705758844293,23.714213562373097,0,0
2025-01-24 15:00:00,28.6,73.5,440.0,159.7354218700411,1.0372124641501586,23.3,0,0
2025-01-24 16:00:00,27.876457135307565,74.7059047744874,440.0,112.95,0.9492430933006152,22.817638090205044,0,0
2025-01-24 17:00:00,27.1,76.0,440.0,58.4672222886595,0.8607145359242534,22.3,0,0
2025-01-24 18:00:00,26.32354286469244,77.2940952255126,440.0,2.7664771192738717e-14,0.7779652526719255,21.78236190979496,0,0
2025-01-24 19:00:00,25.6,78.5,440.0,0.0,0.7057958015020396,21.3,0,0
2025-01-24 20:00:00,24.97867965644036,79.53553390593274,440.0,0.0,0.6474459816446047,20.885786437626905,0,0
2025-01-24 21:00:00,24.501923788646685,80.3301270189222,440.0,0.0,0.6048491337295626,20.56794919243113,0,0
2025-01-24 22:00:00,24.2022225211328,80.82962913144534,440.0,0.0,0.5790080953354856,20.368148347421865,0,0
2025-01-24 23:00:00,24.1,81.0,440.0,0.0,0.5703561634252002,20.3,0,0
2025-01-25 00:00:00,24.2022225211328,85.62962913144534,440.0,0.0,0.4340323472570204,21.328148347421862,0,0
2025-01-25 01:00:00,24.501923788646685,85.1301270189222,440.0,0.0,0.4572490020614618,21.527949192431123,0,0
2025-01-25 02:00:00,23.47867965644036,79.73553390593274,400.0,0.0,0.5860105152107009,19.425786437626908,0,1
2025-01-25 03:00:00,24.1,78.7,400.0,0.0,0.639399277945093,19.840000000000003,0,1
2025-01-25 04:00:00,24.82354286469244,77.49409522551261,400.0,0.0,0.7054778022999042,20.32236190979496,0,1
2025-01-25 05:00:00,25.6,76.2,400.0,0.0,0.781299538406909,20.840000000000003,0,1
2025-01-25 06:00:00,26.376457135307565,74.9059047744874,400.0,0.0,0.8624775132451806,21.357638090205043,0,1
2025-01-25 07:00:00,28.215510084391862,73.14224495780407,397.2112247890203,55.775504219593216,1.0280132686405041,22.84395907595268,0,1
2025-01-25 08:00:00,29.876320343559644,71.58696609406726,394.6125,107.75,1.197057451884728,24.19371356237309,0,1
2025-01-25 09:00:00,31.245706438267337,70.3460578676208,392.38092443271495,152.381511345701,1.3509800230523517,25.31491801179149,0,1
2025-01-25 10:00:00,32.230346969178136,69.50408612339919,390.6685762742227,186.6284745155465,1.4689935727747647,26.131164193857973,0,1
2025-01-25 11:00:00,32.76314031130589,69.11842984434706,389.59214922173527,208.15701556529424,1.5328691723457577,26.586826280175305,0,1
2025-01-25 12:00:00,32.80777747886721,69.21537086855466,389.225,215.5,1.5318941037299119,26.65085165257814,0,1
2025-01-25 13:00:00,29.69807621135332,76.4698729810778,440.0,208.15701556529424,0.9812382936316659,24.99205080756888,0,0
2025-01-25 14:00:00,29.221320343559643,77.26446609406726,440.0,180.26926345549762,0.922425168638489,24.674213562373097,0,0
2025-01-25 15:00:00,28.6,78.3,440.0,152.381511345701,0.8493400178135264,24.26,0,0
2025-01-25 16:00:00,27.876457135307565,79.50590477448739,440.0,107.75,0.7691075001030685,23.777638090205045,0,0
2025-01-25 17:00:00,27.1,80.8,440.0,55.77550421959328,0.6885716287394029,23.26,0,0
2025-01-25 18:00:00,26.32354286469244,82.0940952255126,440.0,2.6391138521625462e-14,0.6135043668401012,22.74236190979496,0,0
2025-01-25 19:00:00,25.6,83.3,440.0,0.0,0.5482227853527473,22.26,0,0
2025-01-25 20:00:00,24.97867965644036,84.33553390593273,440.0,0.0,0.4955856449219649,21.845786437626906,0,0
2025-01-25 21:00:00,24.501923788646685,85.1301270189222,440.0,0.0,0.4572490020614618,21.527949192431123,0,0
2025-01-25 22:00:00,24.2022225211328,85.62962913144534,440.0,0.0,0.4340323472570204,21.328148347421862,0,0
2025-01-25 23:00:00,24.1,85.8,440.0,0.0,0.4262661852967287,21.26,1,0
2025-01-26 00:00:00,24.7022225211328,80.32962913144534,440.0,0.0,0.6121464282332739,20.768148347421864,0,0
2025-01-26 01:00:00,25.001923788646685,79.8301270189222,440.0,0.0,0.6390099620600594,20.967949192431124,0,0
2025-01-26 02:00:00,23.97867965644036,74.43553390593274,400.0,0.0,0.7618469385652624,18.86578643762691,0,1
2025-01-26 03:00:00,24.6,73.4,400.0,0.0,0.8227596336529961,19.28,0,1
2025-01-26 04:00:00,25.32354286469244,72.19409522551261,400.0,0.0,0.8979478492373858,19.76236190979496,0,1
2025-01-26 05:00:00,26.1,70.9,400.0,0.0,0.9839762872472144,20.28,0,1
2025-01-26 06:00:00,26.876457135307565,69.6059047744874,400.0,0.0,1.075823406493629,20.797638090205044,0,1
2025-01-26 07:00:00,28.985717167478896,67.70714141626055,396.5357070813028,69.2858583739448,1.2924804974966673,22.527145450731005,0,1
2025-01-26 08:00:00,30.898320343559643,66.02596609406727,393.3075,133.84999999999997,1.5175015935790803,24.10351356237309,0,1
2025-01-26 09:00:00,32.48392591782609,64.67694812784141,390.53537573381806,189.2924853236388,1.7260095979687666,25.419315543394376,0,1
2025-01-26 10:00:00,33.63447749072909,63.75202086262371,388.4082499703453,231.8350005930942,1.8892281138997364,26.384881663253832,0,1
2025-01-26 11:00:00,34.27156687395167,63.31421656302416,387.0710828151208,258.5783436975836,1.9811129369173022,26.9344101865565,0,1
2025-01-26 12:00:00,34.351777478867206,63.393370868554655,386.615,267.7,1.9856664668645,27.030451652578137,0,1
2025-01-26 13:00:00,30.19807621135332,71.1698729810778,440.0,258.5783436975836,1.237247835234298,24.43205080756888,0,0
2025-01-26 14:00:00,29.721320343559643,71.96446609406726,440.0,231.83500059309424,1.170683029859015,24.11421356237309,0,0
2025-01-26 15:00:00,29.1,73.0,440.0,189.2924853236388,1.0877987942799718,23.700000000000003,0,0
2025-01-26 16:00:00,28.376457135307565,74.2059047744874,440.0,133.84999999999997,0.9965753413836631,23.217638090205043,0,0
2025-01-26 17:00:00,27.6,75.5,440.0,69.28585837394488,0.9047315802716146,22.700000000000003,0,0
2025-01-26 18:00:00,26.82354286469244,76.7940952255126,440.0,3.2783794813174645e-14,0.8188428247189204,22.18236190979496,0,0
2025-01-26 19:00:00,26.1,78.0,440.0,0.0,0.7438995986061415,21.700000000000003,0,0
2025-01-26 20:00:00,25.47867965644036,79.03553390593274,440.0,0.0,0.6832802395809536,21.285786437626907,0,0
2025-01-26 21:00:00,25.001923788646685,79.8301270189222,440.0,0.0,0.6390099620600594,20.967949192431124,0,0
2025-01-26 22:00:00,24.7022225211328,80.32962913144534,440.0,0.0,0.6121464282332739,20.768148347421864,0,0
2025-01-26 23:00:00,24.6,80.5,440.0,0.0,0.6031508592568957,20.700000000000003,0,0
2025-01-27 00:00:00,23.5022225211328,79.72962913144535,440.0,0.0,0.5870134287272717,19.448148347421863,0,0
2025-01-27 01:00:00,23.801923788646683,79.2301270189222,440.0,0.0,0.61242572574391,19.647949192431124,0,0
2025-01-27 02:00:00,22.77867965644036,73.83553390593275,400.0,0.0,0.7252916769703176,17.54578643762691,0,1
2025-01-27 03:00:00,23.4,72.80000000000001,400.0,0.0,0.7828514374542739,17.96,0,1
2025-01-27 04:00:00,24.123542864692435,71.59409522551262,400.0,0.0,0.8539144021340896,18.46,0,1
2025-01-27 05:00:00,24.9,70.30000000000001,400.0,0.0,0.9352404307344097,18.96,0,1
2025-01-27 06:00:00,25.67645713530756,69.0059047744874,400.0,0.0,1.0220869540120505,19.47763809020504,0,1
2025-01-27 07:00:00,27.8069403291773,67.09652983541136,396.4826491770567,70.34701645886514,1.2298156582461686,21.22624629625957,0,1
2025-01-27 08:00:00,29.73932034355964,65.40546609406728,393.205,135.89999999999998,1.446063167448023,22.820413562373098,0,1
2025-01-27 09:00:00,31.34190867388339,64.04795674981277,390.3904188436748,192.19162312650363,1.6468856697068968,24.15150002384594,0,1
2025-01-27 10:00:00,32.505491573839414,63.11651382106856,388.2307147625695,235.3857047486104,1.8044475615283881,25.12879433805313,0,1
2025-01-27 11:00:00,33.150772791707375,62.67461360414632,386.8730680207316,262.5386395853688,1.8934588796331169,25.45652299531563,0,1
2025-01-27 12:00:00,33.233777478867204,62.75237086855466,386.41,271.8,1.8983196536093356,25.78425165257813,0,1
2025-01-27 13:00:00,28.998076211353315,70.56987298107781,440.0,262.5386395853688,1.1787449510871817,23.11205080756888,0,0
2025-01-27 14:00:00,28.52132034355964,71.36446609406727,440.0,235.3857047486105,1.115696154733864,22.79421356237309,0,0
2025-01-27 15:00:00,27.9,72.4,440.0,192.19162312650363,1.0372016826012271,22.38,0,0
2025-01-27 16:00:00,27.17645713530756,73.6059047744874,440.0,135.89999999999998,0.9508251923338528,21.89763809020504,0,0
2025-01-27 17:00:00,26.4,74.9,440.0,70.34701645886521,0.8638783550666237,21.38,0,0
2025-01-27 18:00:00,25.623542864692435,76.19409522551261,440.0,3.328590000082506e-14,0.782584964138493,20.86236190979496,0,0
2025-01-27 19:00:00,24.9,77.4,440.0,0.0,0.7116644355083388,20.38,0,0
2025-01-27 20:00:00,24.27867965644036,78.43553390593274,440.0,0.0,0.6543079499321242,19.965786437626903,0,0
2025-01-27 21:00:00,23.801923788646683,79.2301270189222,440.0,0.0,0.61242572574391,19.647949192431124,0,0
2025-01-27 22:00:00,23.5022225211328,79.72962913144535,440.0,0.0,0.5870134287272717,19.448148347421863,0,0
2025-01-27 23:00:00,23.4,79.9,440.0,0.0,0.5785041872364304,19.38,0,0
2025-01-28 00:00:00,23.602222521132795,80.02962913144535,440.0,0.0,0.5818193438938143,19.608148347421864,0,0
2025-01-28 01:00:00,23.901923788646684,79.5301270189222,440.0,0.0,0.6072176921352408,19.807949192431124,0,0
2025-01-28 02:00:00,22.87867965644036,74.13553390593275,400.0,0.0,0.7213309887622762,17.705786437626905,0,1
2025-01-28 03:00:00,23.5,73.10000000000001,400.0,0.0,0.7788977779125178,18.12,0,1
2025-01-28 04:00:00,24.22354286469244,71.89409522551261,400.0,0.0,0.8499757790787577,18.60236190979496,0,1
2025-01-28 05:00:00,25.0,70.60000000000001,400.0,0.0,0.9313266489470129,19.12,0,1
2025-01-28 06:00:00,25.776457135307563,69.3059047744874,400.0,0.0,1.018207607273745,19.637638090205044,0,1
2025-01-28 07:00:00,27.85258832970577,67.42370583514712,396.6185291757356,67.62941648528867,1.2208316609421885,21.3373294967352,0,1
2025-01-28 08:00:00,29.73432034355964,65.75796609406727,393.4675,130.64999999999998,1.4309173093351006,22.88591356237309,0,1
2025-01-28 09:00:00,31.293416249834213,64.42220296183736,390.7616499037978,184.76700192404488,1.6252598027795182,24.177856842201685,0,1
2025-01-28 10:00:00,32.42362623904468,63.50744648846592,388.6853780995563,226.2924380088738,1.7771102379988364,25.125115536737862,0,1
2025-01-28 11:00:00,33.047928368186675,63.07603581590666,387.3801790795333,252.3964184093336,1.862329009114211,25.66313553136801,0,1
2025-01-28 12:00:00,33.123777478867204,63.15737086855466,386.935,261.3,1.8661443492771197,25.75525165257813,0,1
2025-01-28 13:00:00,29.09807621135332,70.8698729810778,440.0,252.3964184093336,1.1734887776813938,23.27205080756888,0,0
2025-01-28 14:00:00,28.62132034355964,71.66446609406727,440.0,226.29243800887383,1.1104267379468085,22.95421356237309,0,0
2025-01-28 15:00:00,28.0,72.7,440.0,184.76700192404488,1.0319209893707069,22.54,0,0
2025-01-28 16:00:00,27.276457135307563,73.9059047744874,440.0,130.64999999999998,0.945539485492044,22.05763809020504,0,0
2025-01-28 17:00:00,26.5,75.2,440.0,67.62941648528874,0.8585964249818606,21.54,0,0
2025-01-28 18:00:00,25.72354286469244,76.49409522551261,440.0,3.2000020861720343e-14,0.7773156912366883,21.02236190979496,0,0
2025-01-28 19:00:00,25.0511112605664,77.7,440.0,0.0,0.7085679374030339,20.54,0,0
2025-01-28 20:00:00,24.37867965644036,78.73553390593274,440.0,0.0,0.6490798867014737,20.125786437626907,0,0
2025-01-28 21:00:00,23.901923788646684,79.5301270189222,440.0,0.0,0.6072176921352408,19.807949192431124,0,0
2025-01-28 22:00:00,23.602222521132795,80.02962913144535,440.0,0.0,0.5818193438938143,19.608148347421864,0,0
2025-01-28 23:00:00,23.5,80.2,440.0,0.0,0.5733150930359797,19.54,0,0
2025-01-29 00:00:00,23.602222521132795,86.22962913144535,440.0,0.0,0.4011877494239452,20.848148347421866,0,0
2025-01-29 01:00:00,23.901923788646684,85.7301270189222,440.0,0.0,0.42330107991597576,21.04794919243113,0,0
2025-01-29 02:00:00,22.87867965644036,80.33553390593275,400.0,0.0,0.5484199333373991,18.945786437626907,0,1
2025-01-29 03:00:00,23.5,79.30000000000001,400.0,0.0,0.5993748699921604,19.360000000000003,0,1
2025-01-29 04:00:00,24.22354286469244,78.09409522551262,400.0,0.0,0.6624760393417928,19.84236190979496,0,1
2025-01-29 05:00:00,25.0,76.80000000000001,400.0,0.0,0.7349244304615882,20.360000000000003,0,1
2025-01-29 06:00:00,25.776457135307563,75.5059047744874,400.0,0.0,0.8125365451780613,20.877638090205046,0,1
2025-01-29 07:00:00,27.488171114201425,73.8059144428993,397.52957221449645,49.40855571007121,0.9609910191212516,22.24935400278128,0,1
2025-01-29 08:00:00,29.03032034355964,72.30996609406728,395.2275,95.45,1.1111184533166123,23.4923135623731,0,1
2025-01-29 09:00:00,30.29780990192356,71.12000613579269,393.2506657735744,134.98668452851194,1.2464849032007255,24.52181112908209,0,1
2025-01-29 10:00:00,31.20426247051619,70.31712837273017,391.7337875208775,159.69096238354757,1.3491164172937151,25.267688145062223,0,1
2025-01-29 11:00:00,31.687904804771662,69.95604759761417,390.7802379880709,184.3952402385832,1.4035209217645273,25.67911432429449,0,1
2025-01-29 12:00:00,31.715777478867206,70.06137086855466,390.455,190.9,1.4008101870394678,25.72805165257813,0,1
2025-01-29 13:00:00,29.09807621135332,77.06987298107781,440.0,184.3952402385832,0.9237256916193739,24.51205080756888,0,0
2025-01-29 14:00:00,28.62132034355964,77.86446609406727,440.0,165.32424958244934,0.8674581107056348,24.194213562373093,0,0
2025-01-29 15:00:00,28.0,78.9,440.0,134.98668452851194,0.7975653068030004,23.78,0,0
2025-01-29 16:00:00,27.276457135307563,80.1059047744874,440.0,95.45,0.7208777465282431,23.297638090205044,0,0
2025-01-29 17:00:00,26.5,81.4,440.0,49.40855571007126,0.6439473187363952,22.78,0,0
2025-01-29 18:00:00,25.72354286469244,82.69409522551261,440.0,2.337850739572297e-14,0.5722881744529796,22.26236190979496,0,0
2025-01-29 19:00:00,25.0,83.9,440.0,0.0,0.5100122125186022,21.78,0,0
2025-01-29 20:00:00,24.37867965644036,84.93553390593274,440.0,0.0,0.45983011763852455,21.365786437626905,0,0
2025-01-29 21:00:00,23.901923788646684,85.7301270189222,440.0,0.0,0.42330107991597576,21.04794919243113,0,0
2025-01-29 22:00:00,23.602222521132795,86.22962913144535,440.0,0.0,0.4011877494239452,20.848148347421866,0,0
2025-01-29 23:00:00,23.5,86.4,440.0,0.0,0.39379218511562225,20.78,1,0
2025-01-30 00:00:00,25.4022225211328,85.62962913144534,440.0,0.0,0.46624243194272297,22.528148347421865,1,0
2025-01-30 01:00:00,25.701923788646685,85.1301270189222,440.0,0.0,0.49110175535287753,22.72794919243112,1,0
2025-01-30 02:00:00,24.67867965644036,79.73553390593274,400.0,0.0,0.6297489755057154,20.625786437626907,0,1
2025-01-30 03:00:00,25.3,78.7,400.0,0.0,0.6868882768214664,21.04,0,1
2025-01-30 04:00:00,26.02354286469244,77.49409522551261,400.0,0.0,0.7575759428150959,21.52236190979496,0,1
2025-01-30 05:00:00,26.8,76.2,400.0,0.0,0.8386452630887627,22.04,0,1
2025-01-30 06:00:00,27.576457135307564,74.9059047744874,400.0,0.0,0.925396863019195,22.55763809020504,0,1
2025-01-30 07:00:00,29.078527687668384,73.31073615616582,398.053680780829,38.92638438341912,1.0739470310948014,23.740674918901547,0,1
2025-01-30 08:00:00,30.425320343559644,71.91246609406727,396.24,75.19999999999999,1.2211563322324581,24.8078135623731,0,1
2025-01-30 09:00:00,31.525053409162453,70.80638438217323,394.6825570054772,106.34885989045677,1.3512676571475932,25.6863302855971,0,1
2025-01-30 10:00:00,32.3027818934508,70.06786866126286,393.487488963541,130.25022072917957,1.4477382053828416,26.316355625703373,0,1
2025-01-30 11:00:00,32.70550488547752,69.74724755726125,392.7362377863062,145.27524427387587,1.496800194068764,26.654954396929767,0,1
2025-01-30 12:00:00,32.705777478867205,69.86637086855465,392.48,150.4,1.4909292361702464,26.67905165257813,0,1
2025-01-30 13:00:00,30.89807621135332,76.4698729810778,440.0,145.27524427387587,1.0509940825190345,26.19205080756888,0,0
2025-01-30 14:00:00,30.421320343559643,77.26446609406726,440.0,130.25022072917957,0.9882424103906692,25.874213562373093,0,0
2025-01-30 15:00:00,29.8,78.3,440.0,106.34885989045677,0.9102352765690622,25.46,0,0
2025-01-30 16:00:00,29.076457135307564,79.50590477448739,440.0,75.19999999999999,0.8245615527774782,24.97763809020504,0,0
2025-01-30 17:00:00,28.3,80.8,440.0,38.92638438341916,0.7385205834986015,24.46,0,0
2025-01-30 18:00:00,27.52354286469244,82.0940952255126,440.0,1.84186878591762e-14,0.658279226151245,23.94236190979496,0,0
2025-01-30 19:00:00,26.8,83.3,440.0,0.0,0.5884611719992581,23.46,0,0
2025-01-30 20:00:00,26.17867965644036,84.33553390593273,440.0,0.0,0.5321389261039331,23.045786437626905,0,0
2025-01-30 21:00:00,25.701923788646685,85.1301270189222,440.0,0.0,0.49110175535287753,22.72794919243112,0,0
2025-01-30 22:00:00,25.4022225211328,85.62962913144534,440.0,0.0,0.46624243194272297,22.528148347421865,0,0
2025-01-30 23:00:00,25.3,85.8,440.0,0.0,0.4579255178809777,23.308148347421863,1,0
2025-01-31 00:00:00,26.102222521132795,89.92962913144534,440.0,0.0,0.3405603809194032,24.088148347421864,1,0
2025-01-31 01:00:00,26.401923788646684,89.43012701892219,440.0,0.0,0.36382947392559795,24.28794919243112,1,0
2025-01-31 02:00:00,25.37867965644036,84.03553390593274,400.0,0.0,0.5172386851824778,22.185786437626906,0,1
2025-01-31 03:00:00,26.0,83.0,400.0,0.0,0.571444770862436,22.6,0,1
2025-01-31 04:00:00,26.72354286469244,81.7940952255126,400.0,0.0,0.6386487265968146,23.08236190979496,0,1
2025-01-31 05:00:00,27.5,80.5,400.0,0.0,0.7158976908118817,23.6,0,1
2025-01-31 06:00:00,28.276457135307563,79.2059047744874,400.0,0.0,0.7987435486222706,24.11763809020504,0,1
2025-01-31 07:00:00,30.018711761523523,77.49064411923824,397.4532205961912,50.93558807617608,0.9561121534937165,25.51684058537117,0,1
2025-01-31 08:00:00,31.58932034355964,75.98046609406727,394.1775,98.4,1.1158362880129362,26.78541356237309,0,1
2025-01-31 09:00:00,32.88124850210357,74.77828683570267,393.0420692731244,139.15861453751256,1.2602631469824803,27.836905869244102,0,1
2025-01-31 10:00:00,33.80645346816276,73.96603287390688,391.4783100267611,170.43379946477754,1.369960647805176,28.599660042944134,0,1
2025-01-31 11:00:00,34.30188405227377,73.59905797386311,390.4952898693156,190.09420261368865,1.4281124751366878,29.0216956470464,0,1
2025-01-31 12:00:00,34.333777478867205,73.70237086855465,390.16,196.8,1.4250463756043812,29.07425165257813,0,1
2025-01-31 13:00:00,31.59807621135332,80.7698729810778,440.0,190.09420261368865,0.8937860877169964,27.752050807568875,0,0
2025-01-31 14:00:00,31.12132034355964,81.56446609406726,440.0,170.43379946477754,0.8339710797143539,27.43421356237309,0,0
2025-01-31 15:00:00,30.5,82.6,440.0,139.15861453751256,0.7597326017672557,27.02,0,0
2025-01-31 16:00:00,29.776457135307563,83.80590477448739,440.0,98.4,0.6783646848748697,26.53763809020504,0,0
2025-01-31 17:00:00,29.0,85.1,440.0,50.93558807617614,0.5968459624128023,26.02,0,0
2025-01-31 18:00:00,28.22354286469244,86.3940952255126,440.0,2.410104900721992e-14,0.5210258000328285,25.50236190979496,0,0
2025-01-31 19:00:00,27.5,87.6,440.0,0.0,0.45523750595217144,25.02,1,0
2025-01-31 20:00:00,26.87867965644036,88.63553390593273,440.0,0.0,0.4023069045746836,24.605786437626904,1,0
2025-01-31 21:00:00,26.401923788646684,89.43012701892219,440.0,0.0,0.36382947392559795,24.28794919243112,1,0
2025-01-31 22:00:00,26.102222521132795,89.92962913144534,440.0,0.0,0.3405603809194032,24.088148347421864,1,0
2025-01-31 23:00:00,26.0,90.1,440.0,0.0,0.3327825430316541,24.02,1,0
2025-02-01 00:00:00,25.9022225211328,85.72962913144535,440.0,0.0,0.47692429972662753,23.048148347421865,1,0
2025-02-01 01:00:00,26.201923788646685,85.2301270189222,440.0,0.0,0.502437529825875,23.247949192431125,1,0
2025-02-01 02:00:00,25.17867965644036,79.83553390593275,400.0,0.0,0.6455955452550427,21.14578643762691,0,1
2025-02-01 03:00:00,25.8,78.80000000000001,400.0,0.0,0.7042433360098469,21.56,0,1
2025-02-01 04:00:00,26.52354286469244,77.59409522551262,400.0,0.0,0.7767869997220579,22.042361909794963,0,1
2025-02-01 05:00:00,27.3,76.30000000000001,400.0,0.0,0.8599720015005453,22.56,0,1
2025-02-01 06:00:00,28.076457135307564,75.0059047744874,400.0,0.0,0.9489734132186839,23.07763809020505,0,1
2025-02-01 07:00:00,29.912404255850635,73.2437978720747,397.2189893603734,55.62021279253171,1.1295915109211243,24.56116383026557,0,1
2025-02-01 08:00:00,31.570320343559644,71.68996609406727,394.6275,107.45,1.3137373496277949,25.9083135623731,0,1
2025-02-01 09:00:00,32.9372211568931,70.45030050830792,392.40213763615054,151.95724727698908,1.4811674135185002,27.027281258554687,0,1
2025-02-01 10:00:00,33.91995466433272,69.60928227582191,390.6945570363362,186.10885927327587,1.6093705232604696,27.841811119497105,0,1
2025-02-01 11:00:00,34.451549201390414,69.2242253993048,388.74696412373237,207.5774600695208,1.6786533060930806,28.296394281251374,0,1
2025-02-01 12:00:00,34.495777478867204,69.32137086855467,389.255,214.9,1.6774660046096852,28.360051652578136,0,1
2025-02-01 13:00:00,31.39807621135332,76.56987298107781,440.0,207.5774600695208,1.0767116836507422,26.71205080756888,0,0
2025-02-01 14:00:00,30.921320343559643,77.4849364905389,440.0,186.1088592732759,1.006987940334643,26.394213562373096,0,0
2025-02-01 15:00:00,30.3,78.4,440.0,151.95724727698908,0.9323910827000518,25.980000000000004,0,0
2025-02-01 16:00:00,29.576457135307564,79.6059047744874,440.0,107.45,0.8445334783316555,25.497638090205044,0,0
2025-02-01 17:00:00,28.8,80.9,440.0,55.62021279253177,0.7562860122441908,24.98,0,0
2025-02-01 18:00:00,28.02354286469244,82.19409522551261,440.0,2.6317659713676624e-14,0.6739739715393188,24.46236190979496,0,0
2025-02-01 19:00:00,27.3,83.4,440.0,0.0,0.6023432584349812,23.98,0,0
2025-02-01 20:00:00,26.67867965644036,84.43553390593274,440.0,0.0,0.5445507470447232,23.565786437626908,0,0
2025-02-01 21:00:00,26.201923788646685,85.2301270189222,440.0,0.0,0.502437529825875,23.247949192431125,0,0
2025-02-01 22:00:00,25.9022225211328,85.72962913144535,440.0,0.0,0.47692429972662753,23.048148347421865,0,0
2025-02-01 23:00:00,25.8,85.9,440.0,0.0,0.4683882564971152,22.98,1,0
2025-02-02 00:00:00,26.0022225211328,80.42962913144534,440.0,0.0,0.6579326747630373,22.08814834742186,0,0
2025-02-02 01:00:00,26.301923788646683,79.93012701892219,440.0,0.0,0.6867715664644057,22.28794919243112,0,0
2025-02-02 02:00:00,25.27867965644036,74.53553390593274,400.0,0.0,0.8201452177501467,20.185786437626906,0,1
2025-02-02 03:00:00,25.9,73.5,400.0,0.0,0.8855293570141981,20.6,0,1
2025-02-02 04:00:00,26.623542864692435,72.2940952255126,400.0,0.0,0.9662019921528855,21.082361909794955,0,1
2025-02-02 05:00:00,27.4,71.0,400.0,0.0,1.0584616213951277,21.6,0,1
2025-02-02 06:00:00,28.17645713530756,69.7059047744874,400.0,0.0,1.1569135763153982,22.11763809020504,0,1
2025-02-02 07:00:00,30.16510749246112,67.86744625376944,396.8372312688472,63.25537462305607,1.3763701591717092,23.73859674321501,0,1
2025-02-02 08:00:00,31.96532034355964,66.24246609406727,393.89,122.2,1.6019520692909772,25.21381356237309,0,1
2025-02-02 09:00:00,33.45441415779316,64.94170400785788,391.3591551339004,172.81689732199223,1.8089336065197905,26.44275495936473,0,1
2025-02-02 10:00:00,34.53090965256554,64.05380478170548,389.4171695657541,211.6566086849168,1.969323362808858,27.34167060890664,0,1
2025-02-02 11:00:00,35.12144543890096,63.63927728054951,388.1963864027476,236.0722719450483,2.058210627958015,27.849300895010863,0,1
2025-02-02 12:00:00,35.1857774788672,63.726370868554646,387.78,244.4,2.0605862022339556,27.93105165257813,0,1
2025-02-02 13:00:00,31.498076211353315,71.2698729810778,440.0,236.0722719450483,1.3277813754510555,25.752050807568875,0,0
2025-02-02 14:00:00,31.02132034355964,72.18493649053889,440.0,211.6566086849168,1.2511349589981822,25.43421356237309,0,0
2025-02-02 15:00:00,30.4,73.1,440.0,172.81689732199223,1.1678340815311443,25.02,0,0
2025-02-02 16:00:00,29.67645713530756,74.30590477448739,440.0,122.2,1.0701477664716061,24.53763809020504,0,0
2025-02-02 17:00:00,28.9,75.6,440.0,63.25537462305614,0.9717512684213517,24.02,0,0
2025-02-02 18:00:00,28.123542864692435,76.8940952255126,440.0,2.993036777116131e-14,0.8796894248008328,23.50236190979496,0,0
2025-02-02 19:00:00,27.4,78.1,440.0,0.0,0.7993210175363207,23.02,0,0
2025-02-02 20:00:00,26.77867965644036,79.13553390593273,440.0,0.0,0.7342847895613345,22.605786437626904,0,0
2025-02-02 21:00:00,26.301923788646683,79.93012701892219,440.0,0.0,0.6867715664644057,22.28794919243112,0,0
2025-02-02 22:00:00,26.0022225211328,80.42962913144534,440.0,0.0,0.6579326747630373,22.08814834742186,0,0
2025-02-02 23:00:00,25.9,80.6,440.0,0.0,0.6482743217386961,22.02,0,0
2025-02-03 00:00:00,25.602222521132795,78.62962913144534,440.0,0.0,0.701632829176116,21.328148347421862,0,0
2025-02-03 01:00:00,25.901923788646684,78.1301270189222,440.0,0.0,0.7308912730457913,21.527949192431123,0,0
2025-02-03 02:00:00,24.87867965644036,72.73553390593274,400.0,0.0,0.8574559576017359,19.425786437626904,0,1
2025-02-03 03:00:00,25.5,71.7,400.0,0.0,0.923529923268829,19.84,0,1
2025-02-03 04:00:00,26.22354286469244,70.49409522551261,400.0,0.0,1.0050053496481028,20.32236190979496,0,1
2025-02-03 05:00:00,27.0,69.2,400.0,0.0,1.0981247741497404,20.84,0,1
2025-02-03 06:00:00,27.776457135307563,67.9059047744874,400.0,0.0,1.1974335079919831,21.357638090205043,0,1
2025-02-03 07:00:00,29.82722406328573,66.03638796835713,396.68193984178566,66.36120316428631,1.4268781994161848,23.03450165695716,0,1
2025-02-03 08:00:00,31.68532034355964,64.38246609406727,393.59,128.19999999999996,1.6636505100441161,24.561813562373096,0,1
2025-02-03 09:00:00,33.224119785277935,63.05685119411549,390.9348910651885,181.3021786962308,1.8817839185535996,25.83549002410104,0,1
2025-02-03 10:00:00,34.338755749473805,62.14988173325135,388.8975543234835,222.04891353033003,2.051633228178446,26.76873209612408,0,1
2025-02-03 11:00:00,34.953267637210345,61.72336618139482,387.6168309069741,247.6633818605171,2.146620418522456,27.29794087348931,0,1
2025-02-03 12:00:00,35.025777478867205,61.80637086855465,387.18,256.4,2.1505675450872923,27.387051652578137,0,1
2025-02-03 13:00:00,31.09807621135332,69.4698729810778,440.0,247.6633818605171,1.379271126689986,24.99205080756888,0,0
2025-02-03 14:00:00,30.62132034355964,70.26446609406726,440.0,214.48278027837395,1.3073646168171258,24.67421356237309,0,0
2025-02-03 15:00:00,30.0,71.3,440.0,181.3021786962308,1.217759671863837,24.26,0,0
2025-02-03 16:00:00,29.276457135307563,72.50590477448739,440.0,128.19999999999996,1.1190426450424331,23.77763809020504,0,0
2025-02-03 17:00:00,28.5,73.8,440.0,66.36120316428638,1.0195414371705267,23.26,0,0
2025-02-03 18:00:00,27.72354286469244,75.0940952255126,440.0,3.139994393013813e-14,0.9263775396235188,22.74236190979496,0,0
2025-02-03 19:00:00,27.0,76.3,440.0,0.0,0.8449856216671704,22.26,0,0
2025-02-03 20:00:00,26.37867965644036,77.33553390593273,440.0,0.0,0.7790738494636796,21.845786437626906,0,0
2025-02-03 21:00:00,25.901923788646684,78.1301270189222,440.0,0.0,0.7308912730457913,21.527949192431123,0,0
2025-02-03 22:00:00,25.602222521132795,78.62962913144534,440.0,0.0,0.701632829176116,21.328148347421862,0,0
2025-02-03 23:00:00,25.5,78.8,440.0,0.0,0.691831603296791,21.26,0,0
2025-02-04 00:00:00,25.0022225211328,74.42962913144534,440.0,0.0,0.8101197505054221,19.88814834742186,0,0
2025-02-04 01:00:00,25.301923788646683,73.93012701892219,440.0,0.0,0.8408045792555621,20.08794919243112,0,0
2025-02-04 02:00:00,24.27867965644036,70.71506350946109,400.0,0.0,0.8885620759369778,17.985786437626906,0,1
2025-02-04 03:00:00,24.9,67.5,400.0,0.0,1.0234112457531421,18.4,0,1
2025-02-04 04:00:00,25.623542864692435,66.2940952255126,400.0,0.0,1.1080332601962897,18.88236190979496,0,1
2025-02-04 05:00:00,26.4,65.0,400.0,0.0,1.204611252084934,19.4,0,1
2025-02-04 06:00:00,27.17645713530756,63.70590477448739,400.0,0.0,1.3074644074188373,19.91763809020504,0,1
2025-02-04 07:00:00,29.354563033476165,61.77271848326191,396.3635924163096,72.72815167380833,1.5629182150738106,21.709106730128543,0,1
2025-02-04 08:00:00,31.33132034355964,60.05946609406725,392.975,140.49999999999997,1.8284900450414217,23.34321356237309,0,1
2025-02-04 09:00:00,32.97201632162171,58.6829029259436,390.065149724329,198.69700551341987,2.0750510487341973,24.708596906810428,0,1
2025-02-04 10:00:00,34.16484024813575,57.73683948392038,387.83234307682864,243.35313846342729,2.2688030311344156,25.71220814491982,0,1
2025-02-04 11:00:00,34.82850314374456,57.28574842812771,386.4287421406386,271.4251571872282,2.379014572466118,26.285652829370104,0,1
2025-02-04 12:00:00,34.9177774788672,57.36037086855465,385.95,281.0,2.38661648882527,26.38985165257813,0,1
2025-02-04 13:00:00,30.498076211353315,65.26987298107781,440.0,271.4251571872282,1.5162476586850404,23.552050807568875,0,0
2025-02-04 14:00:00,30.02132034355964,66.06446609406726,440.0,243.35313846342729,1.4416685615536293,23.234213562373093,0,0
2025-02-04 15:00:00,29.4,67.1,440.0,198.69700551341987,1.348639482712498,22.82,0,0
2025-02-04 16:00:00,28.67645713530756,68.30590477448739,440.0,140.49999999999997,1.2460180277462074,22.33763809020504,0,0
2025-02-04 17:00:00,27.9,69.6,440.0,72.72815167380841,1.1424250417057,21.82,0,0
2025-02-04 18:00:00,27.123542864692435,70.8940952255126,440.0,3.4412575056040633e-14,1.0452696445618708,21.30236190979496,0,0
2025-02-04 19:00:00,26.4,72.1,440.0,0.0,0.9602472552334189,20.82,0,0
2025-02-04 20:00:00,25.77867965644036,73.13553390593273,440.0,0.0,0.8912855588557039,20.4057864376269,0,0
2025-02-04 21:00:00,25.301923788646683,73.93012701892219,440.0,0.0,0.8408045792555621,20.08794919243112,0,0
2025-02-04 22:00:00,25.0022225211328,74.42962913144534,440.0,0.0,0.8101197505054221,19.88814834742186,0,0
2025-02-04 23:00:00,24.9,74.6,440.0,0.0,0.7998352505270712,19.82,0,0
2025-02-05 00:00:00,24.9022225211328,77.82962913144534,440.0,0.0,0.6982280946475684,20.468148347421867,0,0
2025-02-05 01:00:00,25.201923788646685,77.3301270189222,440.0,0.0,0.7268140477912055,20.667949192431124,0,0
2025-02-05 02:00:00,24.17867965644036,71.93553390593274,400.0,0.0,0.8464437467407739,18.565786437626908,0,1
2025-02-05 03:00:00,24.8,70.9,400.0,0.0,0.9108984488200916,18.980000000000004,0,1
2025-02-05 04:00:00,25.52354286469244,69.69409522551261,400.0,0.0,0.9903722169424828,19.46236190979496,0,1
2025-02-05 05:00:00,26.3,68.4,400.0,0.0,1.081198635043197,19.980000000000004,0,1
2025-02-05 06:00:00,27.076457135307564,67.1059047744874,400.0,0.0,1.1780572488567769,20.497638090205044,0,1
2025-02-05 07:00:00,29.251974843025145,65.17401257848744,396.3700628924372,72.59874215125707,1.4154593917189255,22.28677735872263,0,1
2025-02-05 08:00:00,31.22632034355964,63.46196609406727,392.9875,140.24999999999997,1.662773867640559,23.918713562373096,0,1
2025-02-05 09:00:00,32.86494525380985,62.08643845984954,390.0828273938587,198.3434521228266,1.892708413734113,25.28223294577976,0,1
2025-02-05 10:00:00,34.0561799940979,61.14116961093931,387.8539937119232,242.92012576153505,2.073476747162847,26.284413916285764,0,1
2025-02-05 11:00:00,34.718843885481675,60.69057805725916,386.4528902862958,270.94219427408365,2.176127533217603,26.856959496933506,0,1
2025-02-05 12:00:00,34.80777747886721,60.765370868554655,385.975,280.5,2.18270827032952,26.96085165257814,0,1
2025-02-05 13:00:00,30.39807621135332,68.66987298107782,440.0,270.94219427408365,1.3600135703859415,24.13205080756888,0,0
2025-02-05 14:00:00,29.921320343559643,69.46446609406726,440.0,242.92012576153505,1.2898069390526574,23.81421356237309,0,0
2025-02-05 15:00:00,29.3,70.5,440.0,198.3434521228266,1.2023165156994904,23.4,0,0
2025-02-05 16:00:00,28.576457135307564,71.7059047744874,440.0,140.24999999999997,1.1059231858075764,22.91763809020504,0,0
2025-02-05 17:00:00,27.8,73.0,440.0,72.59874215125714,1.0087564340044457,22.4,0,0
2025-02-05 18:00:00,27.02354286469244,74.25,440.0,3.4351342716083266e-14,0.9193438991845625,21.88236190979496,0,0
2025-02-05 19:00:00,26.3,75.5,440.0,0.0,0.8382710936252635,21.4,0,0
2025-02-05 20:00:00,25.67867965644036,76.53553390593274,440.0,0.0,0.7738855846233921,20.985786437626903,0,0
2025-02-05 21:00:00,25.201923788646685,77.3301270189222,440.0,0.0,0.7268140477912055,20.667949192431124,0,0
2025-02-05 22:00:00,24.9022225211328,77.82962913144534,440.0,0.0,0.6982280946475684,20.468148347421867,0,0
2025-02-05 23:00:00,24.8,78.0,440.0,0.0,0.6886517482488665,20.4,0,0
2025-02-06 00:00:00,24.802222521132794,77.92962913144534,440.0,0.0,0.6909461257934331,20.38814834742186,0,0
2025-02-06 01:00:00,25.101923788646683,77.43012701892219,440.0,0.0,0.7193155448429703,20.58794919243112,0,0
2025-02-06 02:00:00,24.07867965644036,72.03553390593274,400.0,0.0,0.8383853615351762,18.485786437626903,0,1
2025-02-06 03:00:00,24.7,71.0,400.0,0.0,0.9023668742237133,18.9,0,1
2025-02-06 04:00:00,25.42354286469244,69.75,400.0,0.0,0.9826955723701415,19.38236190979496,0,1
2025-02-06 05:00:00,26.2,68.5,400.0,0.0,1.071436782003916,19.9,0,1
2025-02-06 06:00:00,26.97645713530756,67.2059047744874,400.0,0.0,1.1676071009621936,20.41763809020504,0,1
2025-02-06 07:00:00,28.959413473468864,65.37029326326557,396.85146631632784,62.9706736734433,1.3839041963511058,22.03347212612198,0,1
2025-02-06 08:00:00,30.75432034355964,63.74796609406726,393.9175,121.65,1.606014381340436,23.503913562373093,0,1
2025-02-06 09:00:00,32.23885780860706,62.44948218245093,391.3980460068656,172.03907986268703,1.8096837181478367,24.72875424509724,0,1
2025-02-06 10:00:00,33.311857093682285,61.56333106114711,389.46480096296233,210.703980740754,1.967499634798892,25.62452330591171,0,1
2025-02-06 11:00:00,33.9001950707226,61.14990246463869,388.74696412373237,235.00975353613032,2.055081620306647,26.13017556365034,0,1
2025-02-06 12:00:00,33.96377747886721,61.23737086855465,387.835,243.3,2.057730273661048,26.21125165257813,0,1
2025-02-06 13:00:00,30.298076211353315,68.76987298107781,440.0,235.00975353613032,1.3479391767975857,24.052050807568875,0,0
2025-02-06 14:00:00,29.82132034355964,69.56446609406726,440.0,210.703980740754,1.2782232119031487,23.734213562373093,0,0
2025-02-06 15:00:00,29.2,70.6,440.0,172.03907986268703,1.1913491894112214,23.32,0,0
2025-02-06 16:00:00,28.47645713530756,71.80590477448739,440.0,121.65,1.0956418323970525,22.83763809020504,0,0
2025-02-06 17:00:00,27.7,73.1,440.0,62.970673673443365,0.9991745094718761,22.32,0,0
2025-02-06 18:00:00,26.92354286469244,74.3940952255126,440.0,2.9795656623255104e-14,0.9088505919884983,21.80236190979496,0,0
2025-02-06 19:00:00,26.2,75.6,440.0,0.0,0.8299383327268433,21.32,0,0
2025-02-06 20:00:00,25.57867965644036,76.63553390593273,440.0,0.0,0.7660328754309711,20.905786437626904,0,0
2025-02-06 21:00:00,25.101923788646683,77.43012701892219,440.0,0.0,0.7193155448429703,20.58794919243112,0,0
2025-02-06 22:00:00,24.802222521132794,77.92962913144534,440.0,0.0,0.6909461257934331,20.38814834742186,0,0
2025-02-06 23:00:00,24.7,78.1,440.0,0.0,0.6814425705344596,20.32,0,0
2025-02-07 00:00:00,24.602222521132795,77.92962913144534,440.0,0.0,0.6827451755530355,20.188148347421865,0,0
2025-02-07 01:00:00,24.901923788646684,77.43012701892219,440.0,0.0,0.7107972563341762,20.38794919243112,0,0
2025-02-07 02:00:00,23.87867965644036,72.03553390593274,400.0,0.0,0.8283795727272074,18.285786437626903,0,1
2025-02-07 03:00:00,24.5,71.0,400.0,0.0,0.8916482247556612,18.7,0,1
2025-02-07 04:00:00,25.22354286469244,69.7940952255126,400.0,0.0,0.9696710513148625,19.18236190979496,0,1
2025-02-07 05:00:00,26.0,68.5,400.0,0.0,1.0588535460098074,19.7,0,1
2025-02-07 06:00:00,26.776457135307563,67.2059047744874,400.0,0.0,1.1539744327954116,20.217638090205043,0,1
2025-02-07 07:00:00,28.95197484302514,65.27401257848743,396.3700628924372,72.59874215125707,1.387155225559717,22.006777358722623,0,1
2025-02-07 08:00:00,30.92632034355964,63.56196609406726,392.9875,140.24999999999997,1.6301580880243172,23.63871356237309,0,1
2025-02-07 09:00:00,32.564945253809846,62.18643845984953,390.0828273938587,198.3434521228266,1.8561505078760112,25.00223294577976,0,1
2025-02-07 10:00:00,33.756179994097906,61.2411696109393,387.8539937119232,242.92012576153505,2.0338586954468796,26.004413916285767,0,1
2025-02-07 11:00:00,34.41884388548167,61.05327023974698,386.4528902862958,270.94219427408365,2.1204825241703458,26.5769594969335,0,1
2025-02-07 12:00:00,34.507777478867204,60.86537086855465,385.975,280.5,2.141253582847425,26.68085165257813,0,1
2025-02-07 13:00:00,30.09807621135332,68.76987298107781,440.0,270.94219427408365,1.3325872055641577,23.85205080756888,0,0
2025-02-07 14:00:00,29.62132034355964,69.56446609406726,440.0,242.92012576153505,1.2636135176560197,23.534213562373093,0,0
2025-02-07 15:00:00,29.0,70.6,440.0,198.3434521228266,1.177669214425261,23.12,0,0
2025-02-07 16:00:00,28.276457135307563,71.80590477448739,440.0,140.24999999999997,1.0829926200871771,22.63763809020504,0,0
2025-02-07 17:00:00,27.5,73.1,440.0,72.59874215125714,0.9875716862994679,22.12,0,0
2025-02-07 18:00:00,26.72354286469244,74.3940952255126,440.0,3.4351342716083266e-14,0.8982348683105267,21.60236190979496,0,0
2025-02-07 19:00:00,26.0,75.6,440.0,0.0,0.8201913181790259,21.12,0,0
2025-02-07 20:00:00,25.37867965644036,76.63553390593273,440.0,0.0,0.7569940423486498,20.705786437626905,0,0
2025-02-07 21:00:00,24.901923788646684,77.43012701892219,440.0,0.0,0.7107972563341762,20.38794919243112,0,0
2025-02-07 22:00:00,24.602222521132795,77.92962913144534,440.0,0.0,0.6827451755530355,20.188148347421865,0,0
2025-02-07 23:00:00,24.5,78.1,440.0,0.0,0.6733481421430685,20.12,0,0
2025-02-08 00:00:00,24.802222521132794,79.02962913144535,440.0,0.0,0.6565089727931785,20.608148347421864,0,0
2025-02-08 01:00:00,25.101923788646683,78.5301270189222,440.0,0.0,0.6842578774830059,20.807949192431124,0,0
2025-02-08 02:00:00,24.07867965644036,73.13553390593275,400.0,0.0,0.8054069419012552,18.705786437626905,0,1
2025-02-08 03:00:00,24.7,72.10000000000001,400.0,0.0,0.8681391652014341,19.12,0,1
2025-02-08 04:00:00,25.42354286469244,70.89409522551261,400.0,0.0,0.9455287190649825,19.60236190979496,0,1
2025-02-08 05:00:00,26.2,69.60000000000001,400.0,0.0,1.0340215292990171,20.12,0,1
2025-02-08 06:00:00,26.97645713530756,68.3059047744874,400.0,0.0,1.1284424951931882,20.637638090205044,0,1
2025-02-08 07:00:00,29.06449400578049,66.41775299710976,396.5887649855488,68.22470028902447,1.350218318471071,22.34804460520244,0,1
2025-02-08 08:00:00,30.95732034355964,64.74646609406727,393.41,131.79999999999998,1.5799532898106088,23.906613562373096,0,1
2025-02-08 09:00:00,32.525943161768794,63.40593950587007,390.6803326239613,180.042148218789,1.792350331713772,25.207131062942807,0,1
2025-02-08 10:00:00,33.663463407618764,62.48752790417888,388.5857851781211,228.28429643757804,1.9582990470013655,26.16096898845453,0,1
2025-02-08 11:00:00,34.29236095619597,62.053819521902014,387.2690976095101,254.61804780979844,2.051546111031075,26.703124860576374,0,1
2025-02-08 12:00:00,34.369777478867206,62.134370868554655,386.82,263.6,2.056012934566253,26.79665165257813,0,1
2025-02-08 13:00:00,30.298076211353315,69.8698729810778,440.0,254.61804780979844,1.3004615250551204,24.27205080756888,0,0
2025-02-08 14:00:00,29.82132034355964,70.66446609406727,440.0,228.2842964375781,1.2320257133661048,23.95421356237309,0,0
2025-02-08 15:00:00,29.2,71.7,440.0,186.393347520774,1.1467749000114813,23.54,0,0
2025-02-08 16:00:00,28.47645713530756,72.9059047744874,440.0,131.79999999999998,1.0528950797172152,23.05763809020504,0,0
2025-02-08 17:00:00,27.7,74.2,440.0,68.22470028902454,0.9583160722815763,22.54,0,0
2025-02-08 18:00:00,26.92354286469244,75.49409522551261,440.0,3.228168962552423e-14,0.8698074236258848,22.02236190979496,0,0
2025-02-08 19:00:00,26.2,76.7,440.0,0.0,0.7925230800219443,21.54,0,0
2025-02-08 20:00:00,25.57867965644036,77.73553390593274,440.0,0.0,0.7299680169582137,21.125786437626907,0,0
2025-02-08 21:00:00,25.101923788646683,78.5301270189222,440.0,0.0,0.6842578774830059,20.807949192431124,0,0
2025-02-08 22:00:00,24.802222521132794,79.02962913144535,440.0,0.0,0.6565089727931785,20.608148347421864,0,0
2025-02-08 23:00:00,24.7,79.2,440.0,0.0,0.6472148615121803,20.54,0,0
2025-02-09 00:00:00,25.302222521132794,76.82962913144534,440.0,0.0,0.747303211246274,20.668148347421862,0,0
2025-02-09 01:00:00,25.601923788646683,76.3301270189222,440.0,0.0,0.7771164050523655,20.867949192431123,0,0
2025-02-09 02:00:00,24.57867965644036,70.93553390593274,400.0,0.0,0.8978430481319646,18.765786437626907,0,1
2025-02-09 03:00:00,25.2,69.9,400.0,0.0,0.9649193851176221,19.18,0,1
2025-02-09 04:00:00,25.92354286469244,68.69409522551261,400.0,0.0,1.047582331816441,19.66236190979496,0,1
2025-02-09 05:00:00,26.7,67.4,400.0,0.0,1.1420003260559977,20.18,0,1
2025-02-09 06:00:00,27.47645713530756,66.1059047744874,400.0,0.0,1.2426326487954615,20.697638090205043,0,1
2025-02-09 07:00:00,29.603834500636072,64.19808274968197,396.4904137484098,70.19172503180363,1.48491906248186,22.443451050572467,0,1
2025-02-09 08:00:00,31.53332034355964,62.50846609406726,393.22,135.59999999999997,1.7361622149294393,24.03501356237309,0,1
2025-02-09 09:00:00,33.13342339250915,61.15219939049989,390.4116320471104,191.76735905779168,1.9687737465774062,25.36386327060913,0,1
2025-02-09 10:00:00,34.295099268994,60.22170997349126,389.91946429994914,234.86608950633973,2.1509256408118604,26.33944126369225,0,1
2025-02-09 11:00:00,34.93918168179191,59.780409159104046,386.9020457955202,261.9590840895953,2.2538287652849296,26.89526351361272,0,1
2025-02-09 12:00:00,35.02177747886721,59.85837086855465,386.44,271.2,2.2597539629244117,26.993451652578138,0,1
2025-02-09 13:00:00,30.798076211353315,67.66987298107782,440.0,261.9590840895953,1.4358468710950227,24.33205080756888,0,0
2025-02-09 14:00:00,30.32132034355964,68.46446609406726,440.0,234.86608950633976,1.362932692612492,24.014213562373094,0,0
2025-02-09 15:00:00,29.7,69.5,440.0,191.76735905779168,1.2720321449781289,23.6,0,0
2025-02-09 16:00:00,28.97645713530756,70.7059047744874,440.0,135.59999999999997,1.1718314764624465,23.11763809020504,0,0
2025-02-09 17:00:00,28.2,72.0,440.0,70.1917250318037,1.0707681650551342,22.6,0,0
2025-02-09 18:00:00,27.42354286469244,73.2940952255126,440.0,3.3212421192876224e-14,0.9760732135231324,22.08236190979496,0,0
2025-02-09 19:00:00,26.7,74.5,440.0,0.0,0.8932824636327591,21.6,0,0
2025-02-09 20:00:00,26.07867965644036,75.53553390593274,440.0,0.0,0.8261908956306316,21.185786437626906,0,0
2025-02-09 21:00:00,25.601923788646683,76.3301270189222,440.0,0.0,0.7771164050523655,20.867949192431123,0,0
2025-02-09 22:00:00,25.302222521132794,76.82962913144534,440.0,0.0,0.747303211246274,20.668148347421862,0,0
2025-02-09 23:00:00,25.2,77.0,440.0,0.0,0.7373138158706083,20.6,0,0
2025-02-10 00:00:00,25.102222521132795,74.72962913144535,440.0,0.0,0.8053963709104859,20.048148347421865,0,0
2025-02-10 01:00:00,25.401923788646684,74.2301270189222,440.0,0.0,0.8360810739726031,20.247949192431125,0,0
2025-02-10 02:00:00,24.37867965644036,68.83553390593275,400.0,0.0,0.9512690340761825,18.14578643762691,0,1
2025-02-10 03:00:00,25.0,67.80000000000001,400.0,0.0,1.0200244250372044,18.56,0,1
2025-02-10 04:00:00,25.72354286469244,66.59409522551262,400.0,0.0,1.1046983390042222,19.042361909794963,0,1
2025-02-10 05:00:00,26.5,65.30000000000001,400.0,0.0,1.2013425785028449,19.56,0,1
2025-02-10 06:00:00,27.276457135307563,64.0059047744874,400.0,0.0,1.304273552547145,20.07763809020504,0,1
2025-02-10 07:00:00,29.392964100741768,62.10351794962912,396.5175897481456,69.64820503708833,1.5528260515544476,21.8136676906676,0,1
2025-02-10 08:00:00,31.31232034355964,60.41896609406727,393.2725,134.54999999999998,1.8100777169432807,23.39611356237309,0,1
2025-02-10 09:00:00,32.90372490769931,59.067048632904815,390.485878259135,190.2824348173,2.0478949789578627,24.71713463428028,0,1
2025-02-10 10:00:00,34.058726202035054,58.139896506970736,388.3476281920804,233.0474361583925,2.233938877765683,25.6867055034292,0,1
2025-02-10 11:00:00,34.69861279708777,57.70069360145612,387.00346800728056,259.9306398543883,2.339021802328014,26.238751517379,0,1
2025-02-10 12:00:00,34.7797774788672,57.77937086855466,386.545,269.1,2.345188298151957,26.335651652578136,0,1
2025-02-10 13:00:00,30.59807621135332,65.56987298107782,440.0,251.07371807919625,1.5117613169876798,23.71205080756888,0,0
2025-02-10 14:00:00,30.12132034355964,66.36446609406727,440.0,233.0474361583925,1.4371389314684095,23.394213562373096,0,0
2025-02-10 15:00:00,29.5,67.4,440.0,190.2824348173,1.344060663018265,22.98,0,0
2025-02-10 16:00:00,28.776457135307563,68.6059047744874,440.0,134.54999999999998,1.2413917703616844,22.497638090205044,0,0
2025-02-10 17:00:00,28.0,69.9,440.0,69.64820503708842,1.1377590395625738,21.98,0,0
2025-02-10 18:00:00,27.22354286469244,71.19409522551261,440.0,3.2955245365055276e-14,1.0405747868196837,21.46236190979496,0,0
2025-02-10 19:00:00,26.5,72.4,440.0,0.0,0.9555347310281994,21.014074173710934,0,0
2025-02-10 20:00:00,25.87867965644036,73.43553390593274,440.0,0.0,0.8865645641423406,20.565786437626905,0,0
2025-02-10 21:00:00,25.401923788646684,74.2301270189222,440.0,0.0,0.8360810739726031,20.247949192431125,0,0
2025-02-10 22:00:00,25.102222521132795,74.72962913144535,440.0,0.0,0.8053963709104859,20.048148347421865,0,0
2025-02-10 23:00:00,25.0,74.9,440.0,0.0,0.7951122070942184,19.98,0,0
2025-02-11 00:00:00,25.602222521132795,73.12962913144534,440.0,0.0,0.8822090383680175,20.228148347421865,0,0
2025-02-11 01:00:00,25.901923788646684,72.6301270189222,440.0,0.0,0.9147013027258875,19.276967392524384,0,0
2025-02-11 02:00:00,25.700961894323342,67.23553390593274,400.0,0.0,1.0820381482102575,18.325786437626903,0,1
2025-02-11 03:00:00,25.5,66.2,400.0,0.0,1.1030145373316758,18.74,0,1
2025-02-11 04:00:00,26.22354286469244,64.99409522551261,400.0,0.0,1.192341730799987,19.22236190979496,0,1
2025-02-11 05:00:00,27.0,63.7,400.0,0.0,1.294218483819337,19.74,0,1
2025-02-11 06:00:00,27.776457135307563,62.40590477448739,400.0,0.0,1.4026389904235483,20.25763809020504,0,1
2025-02-11 07:00:00,30.00115046159462,60.449424769202686,396.24712384601344,75.05752307973101,1.678267379359595,22.09103541543516,0,1
2025-02-11 08:00:00,32.021320343559644,58.714466094067255,392.75,144.99999999999997,1.9654006915765319,23.764213562373094,0,1
2025-02-11 09:00:00,33.69929554223529,57.31926331563682,389.74695167279503,205.0609665440988,2.2325630402226895,25.163148205362653,0,1
2025-02-11 10:00:00,34.92072482081695,56.35889719757978,387.4426316451256,251.1473670974872,2.443068949180368,26.192504260332907,0,1
2025-02-11 11:00:00,35.602369792476594,55.8988151037617,385.9940755188085,280.1184896238298,2.5634269167975337,26.78213281322893,0,1
2025-02-11 12:00:00,35.6977774788672,55.97037086855465,385.5,290.0,2.5727344157850935,26.891851652578133,0,1
2025-02-11 13:00:00,31.09807621135332,63.969872981077806,440.0,280.1184896238298,1.6277467125299403,23.89205080756888,0,0
2025-02-11 14:00:00,30.62132034355964,64.76446609406726,440.0,251.14736709748723,1.5491798610041339,23.574213562373096,0,0
2025-02-11 15:00:00,30.0,65.8,440.0,205.0609665440988,1.4511282500955829,23.16,0,0
2025-02-11 16:00:00,29.276457135307563,67.00590477448739,440.0,144.99999999999997,1.3428992403313817,22.677638090205043,0,0
2025-02-11 17:00:00,28.5,68.3,440.0,75.0575230797311,1.2335673113857137,22.16,0,0
2025-02-11 18:00:00,27.72354286469244,69.5940952255126,440.0,3.5514757175273243e-14,1.1309505721659276,21.64236190979496,0,0
2025-02-11 19:00:00,27.0,70.8,440.0,0.0,1.0410793313367672,21.16,0,0
2025-02-11 20:00:00,26.37867965644036,71.83553390593273,440.0,0.0,0.9681321821976621,20.745786437626904,0,0
2025-02-11 21:00:00,25.901923788646684,72.6301270189222,440.0,0.0,0.9147013027258875,20.42794919243112,0,0
2025-02-11 22:00:00,25.602222521132795,73.12962913144534,440.0,0.0,0.8822090383680175,20.228148347421865,0,0
2025-02-11 23:00:00,25.5,73.3,440.0,0.0,0.8713162173596375,20.16,0,0
2025-02-12 00:00:00,26.0022225211328,75.6650635094611,440.0,0.0,0.8181117242460996,21.70814834742186,0,0
2025-02-12 01:00:00,26.301923788646683,78.0301270189222,440.0,0.0,0.751787721649474,21.90794919243112,0,0
2025-02-12 02:00:00,25.27867965644036,72.63553390593275,400.0,0.0,0.8813393503099619,19.805786437626907,0,1
2025-02-12 03:00:00,25.9,71.60000000000001,400.0,0.0,0.9490201411020082,20.22,0,1
2025-02-12 04:00:00,26.623542864692435,70.39409522551261,400.0,0.0,1.0324616505193194,20.70236190979496,0,1
2025-02-12 05:00:00,27.4,69.10000000000001,400.0,0.0,1.127809106934808,21.22,0,1
2025-02-12 06:00:00,28.17645713530756,67.8059047744874,400.0,0.0,1.229473452378244,21.73763809020504,0,1
2025-02-12 07:00:00,30.32971640514632,65.88514179742684,396.4257089871342,71.48582025731622,1.4751168712680074,23.50674476463169,0,1
2025-02-12 08:00:00,32.28332034355964,64.18346609406727,393.095,138.09999999999997,1.7304512546987934,25.12001356237309,0,1
2025-02-12 09:00:00,33.904134070627805,62.81684405144056,390.2348553518138,195.3028929637244,1.967335947657595,26.46750288091592,0,1
2025-02-12 10:00:00,35.08170180937244,61.87840870330204,388.0401891737369,239.19621652526192,2.153153765622376,27.457383550032848,0,1
2025-02-12 11:00:00,35.73577426442081,61.43211286778959,386.660564338948,266.78871322104067,2.258307406853835,28.02219683797873,0,1
2025-02-12 12:00:00,35.821777478867205,61.50837086855466,386.19,276.2,2.2645199234406053,28.123451652578137,0,1
2025-02-12 13:00:00,31.498076211353315,69.3698729810778,440.0,266.78871322104067,1.4155911025607002,25.37205080756888,0,0
2025-02-12 14:00:00,31.02132034355964,70.16446609406727,440.0,239.196216525262,1.3420166909700224,25.054213562373093,0,0
2025-02-12 15:00:00,30.4,71.2,440.0,195.3028929637244,1.2503205036467266,24.64,0,0
2025-02-12 16:00:00,29.67645713530756,72.4059047744874,440.0,138.09999999999997,1.1492819308953885,24.15763809020504,0,0
2025-02-12 17:00:00,28.9,73.7,440.0,71.4858202573163,1.0474204245689156,23.64,0,0
2025-02-12 18:00:00,28.123542864692435,74.99409522551261,440.0,3.3824744592449893e-14,0.9520263414216905,23.12236190979496,0,0
2025-02-12 19:00:00,27.4,76.2,440.0,0.0,0.8686685030760012,22.64,0,0
2025-02-12 20:00:00,26.77867965644036,77.23553390593274,440.0,0.0,0.8011516383882609,22.225786437626905,0,0
2025-02-12 21:00:00,26.301923788646683,78.0301270189222,440.0,0.0,0.751787721649474,21.90794919243112,0,0
2025-02-12 22:00:00,26.0022225211328,78.52962913144535,440.0,0.0,0.7218084229768005,21.70814834742186,0,0
2025-02-12 23:00:00,25.9,78.7,440.0,0.0,0.7117651058265062,21.64,0,0
2025-02-13 00:00:00,25.302222521132794,75.12962913144534,440.0,0.0,0.8021325217620928,20.328148347421862,0,0
2025-02-13 01:00:00,25.601923788646683,74.6301270189222,440.0,0.0,0.832929881096159,20.527949192431123,0,0
2025-02-13 02:00:00,24.57867965644036,69.23553390593274,400.0,0.0,0.9503584866363003,18.425786437626904,0,1
2025-02-13 03:00:00,25.2,68.2,400.0,0.0,1.0194164932471887,18.84,0,1
2025-02-13 04:00:00,25.92354286469244,66.99409522551261,400.0,0.0,1.104469043026886,19.32236190979496,0,1
2025-02-13 05:00:00,26.7,65.7,400.0,0.0,1.2015524902981818,19.84,0,1
2025-02-13 06:00:00,27.47645713530756,64.4059047744874,400.0,0.0,1.304958416422449,20.357638090205043,0,1
2025-02-13 07:00:00,29.707879756767284,62.44606012161636,396.2303006080818,75.3939878383643,1.566933173699974,22.19709178109056,0,1
2025-02-13 08:00:00,31.73432034355964,60.70796609406726,392.7175,140.6870965990028,1.8403816402882476,23.875913562373093,0,1
2025-02-13 09:00:00,33.41768031854614,59.31007092748139,389.70098973201794,205.9802053596413,2.0952062944341585,25.279694504042418,0,1
2025-02-13 10:00:00,34.64324148131534,58.34763886733058,387.3863399938796,252.27320012240696,2.2961925916371544,26.312769254781458,0,1
2025-02-13 11:00:00,35.32748386396011,57.88625806801994,385.9312903400997,281.3741931980056,2.4111192648155235,26.9047354775641,0,1
2025-02-13 12:00:00,35.42377747886721,57.957370868554655,385.435,291.3,2.41985739042281,27.01525165257814,0,1
2025-02-13 13:00:00,30.798076211353315,65.9698729810778,440.0,281.3741931980056,1.5113473378711948,23.99205080756888,0,0
2025-02-13 14:00:00,30.32132034355964,66.76446609406726,440.0,252.27320012240705,1.4364049092032303,23.67421356237309,0,0
2025-02-13 15:00:00,29.7,67.8,440.0,205.9802053596413,1.3429322973211721,23.26,0,0
2025-02-13 16:00:00,28.97645713530756,69.00590477448739,440.0,145.64999999999998,1.239835403351139,22.77763809020504,0,0
2025-02-13 17:00:00,28.2,70.3,440.0,75.39398783836438,1.1357790893620532,22.26,0,0
2025-02-13 18:00:00,27.42354286469244,71.5940952255126,440.0,3.5673961259162404e-14,1.038206456227364,21.74236190979496,0,0
2025-02-13 19:00:00,26.7,72.8,440.0,0.0,0.9528346278749431,21.26,0,0
2025-02-13 20:00:00,26.07867965644036,73.83553390593273,440.0,0.0,0.883601693690626,20.845786437626906,0,0
2025-02-13 21:00:00,25.601923788646683,74.48258151868905,440.0,0.0,0.8377740147682956,20.527949192431123,0,0
2025-02-13 22:00:00,25.302222521132794,75.12962913144534,440.0,0.0,0.8021325217620928,20.328148347421862,0,0
2025-02-13 23:00:00,25.2,75.3,440.0,0.0,0.791810924000175,20.26,0,0
2025-02-14 00:00:00,25.2022225211328,70.92962913144534,440.0,0.0,0.9320356285725498,19.388148347421865,0,0
2025-02-14 01:00:00,25.501923788646685,70.43012701892219,440.0,0.0,0.9650805693816625,19.587949192431125,0,0
2025-02-14 02:00:00,24.47867965644036,65.03553390593274,400.0,0.0,1.0736649231988893,17.485786437626906,0,1
2025-02-14 03:00:00,25.1,64.0,400.0,0.0,1.1472104743938083,17.900000000000002,0,1
2025-02-14 04:00:00,25.82354286469244,62.794095225512606,400.0,0.0,1.23766762542427,18.38236190979496,0,1
2025-02-14 05:00:00,26.6,61.5,400.0,0.0,1.34077131321056,18.9,0,1
2025-02-14 06:00:00,27.376457135307565,60.205904774487394,400.0,0.0,1.4504329775580027,19.417638090205045,0,1
2025-02-14 07:00:00,29.63531457554816,58.23234271222592,396.1617135611296,76.76572877740766,1.7354936352852424,21.28178311799334,0,1
2025-02-14 08:00:00,31.687320343559644,56.48146609406727,392.585,148.29999999999998,2.032926629245629,22.983613562373097,0,1
2025-02-14 09:00:00,33.39263363735192,55.07259426807851,389.5136064350035,209.72787129993003,2.310164361169878,24.407152490967626,0,1
2025-02-14 10:00:00,34.6350401741165,54.10173952093001,387.1568432618768,256.8631347624645,2.529108886966819,25.45538807830249,0,1
2025-02-14 11:00:00,35.329872001546754,53.635063999226624,385.6753199961331,286.4936000773377,2.6548605390324536,26.05688480139208,0,1
2025-02-14 12:00:00,35.42977747886721,53.704370868554655,385.17,296.6,2.6655293450134425,26.17065165257814,0,1
2025-02-14 13:00:00,30.69807621135332,61.76987298107781,440.0,286.4936000773377,1.6882211040920185,23.05205080756888,0,0
2025-02-14 14:00:00,30.221320343559643,62.564466094067264,440.0,256.86313476246454,1.608689717267571,22.734213562373096,0,0
2025-02-14 15:00:00,29.6,63.6,440.0,209.72787129993003,1.5093921206437,22.32,0,0
2025-02-14 16:00:00,28.876457135307565,64.8059047744874,440.0,148.29999999999998,1.3997282540945468,21.837638090205047,0,0
2025-02-14 17:00:00,28.1,66.1,440.0,76.76572877740774,1.288876364129233,21.32,0,0
2025-02-14 18:00:00,27.32354286469244,67.39409522551261,440.0,3.63230240627105e-14,1.1847607407007619,20.80236190979496,0,0
2025-02-14 19:00:00,26.6,68.6,440.0,0.0,1.0935121879171843,20.32,0,0
2025-02-14 20:00:00,25.97867965644036,69.63553390593273,440.0,0.0,1.0193975706420961,19.905786437626908,0,0
2025-02-14 21:00:00,25.501923788646685,70.43012701892219,440.0,0.0,0.9650805693816625,19.587949192431125,0,0
2025-02-14 22:00:00,25.2022225211328,70.92962913144534,440.0,0.0,0.9320356285725498,19.388148347421865,0,0
2025-02-14 23:00:00,25.1,71.1,440.0,0.0,0.9209550752772517,19.32,0,0
2025-02-15 00:00:00,24.9022225211328,73.62962913144534,440.0,0.0,0.8305018403104876,19.628148347421863,0,0
2025-02-15 01:00:00,25.201923788646685,73.1301270189222,440.0,0.0,0.8614693677954702,19.827949192431124,0,0
2025-02-15 02:00:00,24.17867965644036,67.73553390593274,400.0,0.0,0.973118657440849,17.72578643762691,0,1
2025-02-15 03:00:00,24.8,66.7,400.0,0.0,1.042368328031239,18.14,0,1
2025-02-15 04:00:00,25.52354286469244,65.49409522551261,400.0,0.0,1.1276247867670968,18.62236190979496,0,1
2025-02-15 05:00:00,26.3,64.2,400.0,0.0,1.2249022510932421,19.14,0,1
2025-02-15 06:00:00,27.076457135307564,62.90590477448739,400.0,0.0,1.3284745323016471,19.65763809020504,0,1
2025-02-15 07:00:00,29.317714880481184,60.941142559759406,396.205712798797,75.88574402405908,1.5935287498444033,21.505943392433064,0,1
2025-02-15 08:00:00,31.35332034355964,59.19846609406726,392.67,146.59999999999997,1.8702419114733282,23.193013562373093,0,1
2025-02-15 09:00:00,33.04455037623123,57.79663589863885,389.6338145878052,207.3237082438957,2.128202246064265,24.603877555959,0,1
2025-02-15 10:00:00,34.27615044665915,56.83118438465868,387.30406758052015,253.9186483895974,2.331804743993378,25.64238732359089,0,1
2025-02-15 11:00:00,34.9641890453591,56.36790547732045,385.83952738660224,283.2094522679548,2.448441964050485,26.237770140823187,0,1
2025-02-15 12:00:00,35.06177747886721,56.43837086855465,388.375,293.2,2.457707140487509,26.349451652578136,0,1
2025-02-15 13:00:00,30.39807621135332,64.4698729810778,440.0,283.2094522679548,1.5423319182231883,23.29205080756888,0,0
2025-02-15 14:00:00,29.921320343559643,65.26446609406726,440.0,253.91864838959745,1.4672130116207438,22.97421356237309,0,0
2025-02-15 15:00:00,29.3,66.3,440.0,207.3237082438957,1.373493782341452,22.56,0,0
2025-02-15 16:00:00,28.576457135307564,67.50590477448739,440.0,146.59999999999997,1.270087381318008,22.07763809020504,0,0
2025-02-15 17:00:00,27.8,68.8,440.0,75.88574402405916,1.1656741015162484,21.56,0,0
2025-02-15 18:00:00,27.02354286469244,70.0940952255126,440.0,3.5906644151000403e-14,1.067720819573572,21.04236190979496,0,0
2025-02-15 19:00:00,26.3,71.3,440.0,0.0,0.9819747096753089,20.56,0,0
2025-02-15 20:00:00,25.67867965644036,72.33553390593273,440.0,0.0,0.9124065056785725,20.145786437626903,0,0
2025-02-15 21:00:00,25.201923788646685,73.1301270189222,440.0,0.0,0.8614693677954702,19.827949192431124,0,0
2025-02-15 22:00:00,24.9022225211328,73.62962913144534,440.0,0.0,0.8305018403104876,19.628148347421863,0,0
2025-02-15 23:00:00,24.8,73.8,440.0,0.0,0.8201216274600139,19.56,0,0
2025-02-16 00:00:00,25.4022225211328,74.62962913144534,440.0,0.0,0.8231341780418118,20.328148347421862,0,0
2025-02-16 01:00:00,25.701923788646685,74.1301270189222,440.0,0.0,0.8543946574345531,20.527949192431123,0,0
2025-02-16 02:00:00,24.67867965644036,68.73553390593274,400.0,0.0,0.971590635602101,18.425786437626908,0,1
2025-02-16 03:00:00,25.3,67.7,400.0,0.0,1.0416193117996884,18.840000000000003,0,1
2025-02-16 04:00:00,26.02354286469244,66.49409522551261,400.0,0.0,1.1278492312906025,19.32236190979496,0,1
2025-02-16 05:00:00,26.8,65.2,400.0,0.0,1.2262544182978548,19.840000000000003,0,1
2025-02-16 06:00:00,27.576457135307564,63.90590477448739,400.0,0.0,1.3310447017530664,20.357638090205043,0,1
2025-02-16 07:00:00,29.82444417565385,61.93777791217308,396.1888895608654,76.22220878269236,1.5988135953303997,22.211999758088464,0,1
2025-02-16 08:00:00,31.866320343559643,60.19196609406726,392.6375,147.24999999999997,1.8785311560083122,23.904713562373097,0,1
2025-02-16 09:00:00,33.56293515254208,58.78744351048342,389.58785264702806,208.24294705943825,2.139415112970074,25.320423854638765,0,1
2025-02-16 10:00:00,34.79866710715755,57.81992605440948,387.24777592927416,255.0444814145172,2.34538681578496,26.362652318039444,0,1
2025-02-16 11:00:00,35.48930311684261,57.35534844157869,385.7767422078935,284.4651558421306,2.4633837718357334,26.96037280515835,0,1
2025-02-16 12:00:00,35.5877774788672,57.42537086855465,385.275,294.5,2.472707871224815,27.072851652578134,0,1
2025-02-16 13:00:00,30.89807621135332,65.4698729810778,440.0,284.4651558421306,1.5423188806560113,23.99205080756888,0,0
2025-02-16 14:00:00,30.421320343559643,66.26446609406726,440.0,255.0444814145172,1.4663779386467577,23.67421356237309,0,0
2025-02-16 15:00:00,29.8,67.3,440.0,208.24294705943825,1.371644863769969,23.26,0,0
2025-02-16 16:00:00,29.076457135307564,68.50590477448739,440.0,147.24999999999997,1.2671366936044328,22.77763809020504,0,0
2025-02-16 17:00:00,28.3,69.8,440.0,76.22220878269243,1.1616313344613418,22.26,0,0
2025-02-16 18:00:00,27.52354286469244,71.0940952255126,440.0,3.606584823488955e-14,1.062674959227012,21.74236190979496,0,0
2025-02-16 19:00:00,26.8,72.3,440.0,0.0,0.9760703272083501,21.26,0,0
2025-02-16 20:00:00,26.17867965644036,73.33553390593273,440.0,0.0,0.9058208730015819,20.845786437626906,0,0
2025-02-16 21:00:00,25.701923788646685,74.1301270189222,440.0,0.0,0.8543946574345531,20.527949192431123,0,0
2025-02-16 22:00:00,25.4022225211328,74.62962913144534,440.0,0.0,0.8231341780418118,20.328148347421862,0,0
2025-02-16 23:00:00,25.3,74.8,440.0,0.0,0.8126565528591998,20.26,0,0
2025-02-17 00:00:00,25.602222521132795,76.92962913144534,440.0,0.0,0.757447293835431,20.988148347421863,0,0
2025-02-17 01:00:00,25.901923788646684,76.43012701892219,440.0,0.0,0.7877052822196393,21.187949192431123,0,0
2025-02-17 02:00:00,24.87867965644036,71.03553390593274,400.0,0.0,0.9109202404853145,19.085786437626908,0,1
2025-02-17 03:00:00,25.5,70.0,400.0,0.0,0.9790069857973457,19.5,0,1
2025-02-17 04:00:00,26.22354286469244,68.7940952255126,400.0,0.0,1.0629093220041397,19.98236190979496,0,1
2025-02-17 05:00:00,27.0,67.5,400.0,0.0,1.1587355571385247,20.5,0,1
2025-02-17 06:00:00,27.776457135307563,66.2059047744874,400.0,0.0,1.260860657107194,21.01763809020504,0,1
2025-02-17 07:00:00,29.989244785519904,64.25537760724005,396.9912286006832,74.46223927599522,1.5157322094265506,22.840320306967914,0,1
2025-02-17 08:00:00,31.99832034355964,62.69545218942208,392.8075,143.84999999999997,1.7735791115296216,24.503513562373094,0,1
2025-02-17 09:00:00,33.66676863030071,61.135526771604106,389.8282689526315,203.43462094736967,2.029253175178832,25.89387398462153,0,1
2025-02-17 10:00:00,34.88088765224286,60.17881578186682,387.5422245665608,249.15550866878297,2.2243198623303586,26.916650808616225,0,1
2025-02-17 11:00:00,35.5579372044673,59.721031397766346,386.10515698883177,277.89686022336497,2.3355383609009843,27.50214348402057,0,1
2025-02-17 12:00:00,35.6517774788672,59.793370868554646,385.615,287.7,2.343413202825741,27.61045165257813,0,1
2025-02-17 13:00:00,31.09807621135332,67.76987298107781,440.0,277.89686022336497,1.4560726714041532,24.65205080756888,0,0
2025-02-17 14:00:00,30.62132034355964,68.56446609406726,440.0,249.155508668783,1.3821075104749283,24.33421356237309,0,0
2025-02-17 15:00:00,30.0,69.6,440.0,203.43462094736967,1.2898917778627403,23.92,0,0
2025-02-17 16:00:00,29.276457135307563,70.80590477448739,440.0,143.84999999999997,1.1882346835862905,23.43763809020504,0,0
2025-02-17 17:00:00,28.552012765590764,72.1,440.0,74.46223927599529,1.0889748456578485,22.92,0,0
2025-02-17 18:00:00,27.82756839587396,73.3940952255126,440.0,3.5233088411469354e-14,0.9956316451542444,22.402361909794955,0,0
2025-02-17 19:00:00,27.10312402615716,74.6,440.0,0.0,0.9110897230479127,21.92,0,0
2025-02-17 20:00:00,26.37867965644036,75.63553390593273,440.0,0.0,0.837510061399638,21.505786437626902,0,0
2025-02-17 21:00:00,25.901923788646684,76.43012701892219,440.0,0.0,0.7877052822196393,21.187949192431123,0,0
2025-02-17 22:00:00,25.602222521132795,76.92962913144534,440.0,0.0,0.757447293835431,20.988148347421863,0,0
2025-02-17 23:00:00,25.5,77.1,440.0,0.0,0.7473086658253073,20.92,0,0
2025-02-18 00:00:00,25.302222521132794,73.92962913144534,440.0,0.0,0.8408355644791414,20.088148347421864,0,0
2025-02-18 01:00:00,25.601923788646683,73.43012701892219,440.0,0.0,0.872327628891778,20.28794919243112,0,0
2025-02-18 02:00:00,24.57867965644036,68.03553390593274,400.0,0.0,0.9874282079334789,18.185786437626906,0,1
2025-02-18 03:00:00,25.2,67.0,400.0,0.0,1.057885040162177,18.6,0,1
2025-02-18 04:00:00,25.92354286469244,65.7940952255126,400.0,0.0,1.1446243685872,19.08236190979496,0,1
2025-02-18 05:00:00,26.7,64.5,400.0,0.0,1.243589312116194,19.6,0,1
2025-02-18 06:00:00,27.47645713530756,63.20590477448739,400.0,0.0,1.3489530759238524,20.11763809020504,0,1
2025-02-18 07:00:00,29.717197242390977,61.2414013788045,396.2070068940226,75.85986211954884,1.618063773241858,21.96547751815188,0,1
2025-02-18 08:00:00,31.75232034355964,59.49896609406726,392.6725,146.54999999999998,1.8989436731706884,23.652113562373096,0,1
2025-02-18 09:00:00,33.44313616266886,58.09734300542003,389.6373501217112,207.25299756577712,2.160725317187146,25.062604763752866,0,1
2025-02-18 10:00:00,34.67441839585158,57.13205041006246,387.30839770753903,253.83204584921896,2.36729095806101,26.10082847786408,0,1
2025-02-18 11:00:00,35.36225719370652,56.66887140314673,385.8443570157337,283.112859685326,2.4855782637873434,26.696031474335864,0,1
2025-02-18 12:00:00,35.4597774788672,56.73937086855465,385.345,293.1,2.4949053515903623,26.807651652578134,0,1
2025-02-18 13:00:00,30.798076211353315,64.76987298107781,440.0,283.112859685326,1.5646417850073155,23.75205080756888,0,0
2025-02-18 14:00:00,30.32132034355964,65.56446609406726,440.0,253.832045849219,1.4882676503261039,23.43421356237309,0,0
2025-02-18 15:00:00,29.7,66.6,440.0,207.25299756577712,1.3929794636809674,23.02,0,0
2025-02-18 16:00:00,28.97645713530756,67.80590477448739,440.0,146.54999999999998,1.2878381752725692,22.53763809020504,0,0
2025-02-18 17:00:00,28.2,69.1,440.0,75.85986211954892,1.1816691535787018,22.02,0,0
2025-02-18 18:00:00,27.42354286469244,70.3940952255126,440.0,3.5894397683008926e-14,1.0820652157832924,21.50236190979496,0,0
2025-02-18 19:00:00,26.7,71.6,440.0,0.0,0.9948714496929554,21.02,0,0
2025-02-18 20:00:00,26.07867965644036,72.63553390593273,440.0,0.0,0.9241269629094456,20.605786437626904,0,0
2025-02-18 21:00:00,25.601923788646683,73.43012701892219,440.0,0.0,0.872327628891778,20.28794919243112,0,0
2025-02-18 22:00:00,25.302222521132794,73.7650635094611,440.0,0.0,0.8461432230603194,20.088148347421864,0,0
2025-02-18 23:00:00,25.2,74.1,440.0,0.0,0.8302794709151634,20.02,0,0
2025-02-19 00:00:00,25.4022225211328,77.82962913144534,440.0,0.0,0.7193111246311676,20.968148347421867,0,0
2025-02-19 01:00:00,25.701923788646685,77.3301270189222,440.0,0.0,0.7487094495562474,21.167949192431124,0,0
2025-02-19 02:00:00,24.67867965644036,71.93553390593274,400.0,0.0,0.872145789028607,19.065786437626908,0,1
2025-02-19 03:00:00,25.3,70.9,400.0,0.0,0.9384248288969328,19.480000000000004,0,1
2025-02-19 04:00:00,26.02354286469244,69.69409522551261,400.0,0.0,1.020133365552273,19.96236190979496,0,1
2025-02-19 05:00:00,26.8,68.4,400.0,0.0,1.1134953913279368,20.480000000000004,0,1
2025-02-19 06:00:00,27.576457135307564,67.1059047744874,400.0,0.0,1.213038057757758,20.997638090205044,0,1
2025-02-19 07:00:00,29.816679604300774,65.14166019784962,396.2083009892481,75.83398021503858,1.4635808422459802,22.8450116438707,0,1
2025-02-19 08:00:00,31.85132034355964,63.39946609406727,394.1775,146.49999999999997,1.7257051103180325,24.531213562373097,0,1
2025-02-19 09:00:00,33.54172194910649,61.99805011220122,389.640885655617,207.18228688765845,1.9704105796855866,25.94133197154673,0,1
2025-02-19 10:00:00,34.772686345044015,61.03291643546625,387.312727834558,253.7454433088405,2.163617208615158,26.979269632137264,0,1
2025-02-19 11:00:00,35.46032534205394,60.56983732897303,385.84918664486514,283.01626710269704,2.2740652343290404,27.574292807848547,0,1
2025-02-19 12:00:00,35.55777747886721,60.640370868554655,385.35,293.0,2.2822112551716183,27.68585165257814,0,1
2025-02-19 13:00:00,30.89807621135332,65.05241848131095,440.0,283.01626710269704,1.5609648577314044,24.63205080756888,0,0
2025-02-19 14:00:00,30.421320343559643,69.46446609406726,440.0,253.7454433088405,1.327283966790441,24.31421356237309,0,0
2025-02-19 15:00:00,29.8,70.5,440.0,207.18228688765845,1.2374166202206143,23.9,0,0
2025-02-19 16:00:00,29.05,71.7059047744874,440.0,146.49999999999997,1.1366491898353515,23.41763809020504,0,0
2025-02-19 17:00:00,28.3,73.0,440.0,75.83398021503866,1.0385445705449081,22.9,0,0
2025-02-19 18:00:00,27.52354286469244,74.2940952255126,440.0,3.588215121501745e-14,0.9450325641504251,22.38236190979496,0,0
2025-02-19 19:00:00,26.8,75.5,440.0,0.0,0.8633113002384323,21.9,0,0
2025-02-19 20:00:00,26.17867965644036,76.53553390593274,440.0,0.0,0.7971133975404476,21.485786437626903,0,0
2025-02-19 21:00:00,25.701923788646685,77.3301270189222,440.0,0.0,0.7487094495562474,21.167949192431124,0,0
2025-02-19 22:00:00,25.4022225211328,77.82962913144534,440.0,0.0,0.7193111246311676,20.968148347421867,0,0
2025-02-19 23:00:00,25.3,78.0,440.0,0.0,0.7094620699564441,20.9,0,0
2025-02-20 00:00:00,25.7022225211328,77.62962913144534,440.0,0.0,0.7388309814799685,21.228148347421865,0,0
2025-02-20 01:00:00,26.001923788646685,77.1301270189222,440.0,0.0,0.7688444483017381,21.427949192431125,0,0
2025-02-20 02:00:00,24.97867965644036,71.73553390593274,400.0,0.0,0.8942190288188947,19.32578643762691,0,1
2025-02-20 03:00:00,25.6,70.7,400.0,0.0,0.9618519527446399,19.74,0,1
2025-02-20 04:00:00,26.32354286469244,69.49409522551261,400.0,0.0,1.0452141921486395,20.22236190979496,0,1
2025-02-20 05:00:00,27.1,68.2,400.0,0.0,1.1404467600996355,20.74,0,1
2025-02-20 06:00:00,27.876457135307565,66.9059047744874,400.0,0.0,1.2419634322466289,21.25763809020504,0,1
2025-02-20 07:00:00,30.11305613766934,64.94347193116533,396.2173596558266,75.65280688346681,1.4971442564982818,23.101750523902407,0,1
2025-02-20 08:00:00,32.14432034355964,63.20296609406726,392.6925,146.14999999999998,1.7639357614247226,24.78491356237309,0,1
2025-02-20 09:00:00,33.831822454169874,61.80299985966953,389.6656343929586,206.68731214082783,2.0128493110764305,26.19242242610378,0,1
2025-02-20 10:00:00,35.06056198939103,60.83897861329274,387.3430387236904,253.1392255261914,2.209280529989946,27.22835771204958,0,1
2025-02-20 11:00:00,35.746802380485896,60.37659880975705,385.8829940487853,272.7196127630957,2.3215190078320176,27.822122142437305,0,1
2025-02-20 12:00:00,35.84377747886721,60.44737086855465,385.385,292.3,2.3297540618673755,27.93325165257814,0,1
2025-02-20 13:00:00,31.19807621135332,68.4698729810778,440.0,282.34011902429467,1.432572165500294,24.89205080756888,0,0
2025-02-20 14:00:00,30.721320343559643,69.26446609406726,440.0,253.13922552619144,1.359065219021913,24.574213562373096,0,0
2025-02-20 15:00:00,30.1,70.3,440.0,206.68731214082783,1.2674365420486047,24.16,0,0
2025-02-20 16:00:00,29.376457135307565,71.50590477448739,440.0,146.14999999999998,1.1664488335482046,23.677638090205043,0,0
2025-02-20 17:00:00,28.6,72.8,440.0,75.6528068834669,1.0646105292409176,23.16,0,0
2025-02-20 18:00:00,27.82354286469244,74.0940952255126,440.0,3.579642593907713e-14,0.9692091287561784,22.64236190979496,0,0
2025-02-20 19:00:00,27.1,75.3,440.0,0.0,0.8858187098887108,22.16,0,0
2025-02-20 20:00:00,26.47867965644036,76.33553390593273,440.0,0.0,0.8182552156368418,21.745786437626904,0,0
2025-02-20 21:00:00,26.001923788646685,77.1301270189222,440.0,0.0,0.7688444483017381,21.427949192431125,0,0
2025-02-20 22:00:00,25.800961894323343,77.62962913144534,440.0,0.0,0.7431642355740313,21.228148347421865,0,0
2025-02-20 23:00:00,25.6,77.8,440.0,0.0,0.7287751996904781,21.16,0,0
2025-02-21 00:00:00,25.9022225211328,78.52962913144535,440.0,0.0,0.7175525910065944,21.608148347421867,0,0
2025-02-21 01:00:00,26.201923788646685,78.0301270189222,440.0,0.0,0.7473651754042001,21.807949192431124,0,0
2025-02-21 02:00:00,25.17867965644036,72.63553390593275,400.0,0.0,0.8761143154596216,19.70578643762691,0,1
2025-02-21 03:00:00,25.851111260566398,71.60000000000001,400.0,0.0,0.946278849379738,20.120000000000005,0,1
2025-02-21 04:00:00,26.52354286469244,70.39409522551261,400.0,0.0,1.0264027351404807,20.60236190979496,0,1
2025-02-21 05:00:00,27.3,69.10000000000001,400.0,0.0,1.1212293184121038,21.120000000000005,0,1
2025-02-21 06:00:00,28.076457135307564,67.8059047744874,400.0,0.0,1.2223423234963475,21.637638090205044,0,1
2025-02-21 07:00:00,30.311503223398724,65.84424838830064,396.9912286006832,75.57516116993605,1.4753467335042034,23.48035290105885,0,1
2025-02-21 08:00:00,32.341320343559644,64.10446609406726,392.7,145.99999999999997,1.7399483045884097,25.162213562373097,0,1
2025-02-21 09:00:00,34.02757981348275,62.70512118001309,389.6762409946764,206.4751801064719,1.9868600466633504,26.56860404948537,0,1
2025-02-21 10:00:00,35.25536583696832,61.74157668950409,387.3560291047472,252.87941790505607,2.181697459680572,27.60368117486914,0,1
2025-02-21 11:00:00,35.94100682552816,61.27949658723592,385.8974829361796,282.05034127640795,2.292948825394692,27.955766413723637,0,1
2025-02-21 12:00:00,36.037777478867206,61.350370868554656,385.4,292.0,2.3009372144677642,28.307851652578137,0,1
2025-02-21 13:00:00,31.39807621135332,69.3698729810778,440.0,282.05034127640795,1.4075815980999704,25.27205080756888,0,0
2025-02-21 14:00:00,30.921320343559643,70.16446609406727,440.0,252.8794179050561,1.3343965396364414,24.95421356237309,0,0
2025-02-21 15:00:00,30.3,71.2,440.0,206.4751801064719,1.2431881102667357,24.54,0,0
2025-02-21 16:00:00,29.576457135307564,72.4059047744874,440.0,145.99999999999997,1.1426904191887899,24.05763809020504,0,0
2025-02-21 17:00:00,28.8,73.7,440.0,75.57516116993614,1.041378121571844,23.54,0,0
2025-02-21 18:00:00,28.092893218813455,74.99409522551261,440.0,3.5759686535102714e-14,0.9503302524768243,23.02236190979496,0,0
2025-02-21 19:00:00,27.385786437626905,76.2,440.0,0.0,0.8679465948252411,22.54,0,0
2025-02-21 20:00:00,26.67867965644036,77.23553390593274,440.0,0.0,0.7964556537100729,22.125786437626907,0,0
2025-02-21 21:00:00,26.201923788646685,78.0301270189222,440.0,0.0,0.7473651754042001,21.807949192431124,0,0
2025-02-21 22:00:00,25.9022225211328,78.52962913144535,440.0,0.0,0.7175525910065944,21.608148347421867,0,0
2025-02-21 23:00:00,25.8,78.7,440.0,0.0,0.7075652385381956,21.54,0,0
2025-02-22 00:00:00,26.2022225211328,77.42962913144534,440.0,0.0,0.7678062874676155,21.688148347421865,0,0
2025-02-22 01:00:00,26.501923788646685,76.93012701892219,440.0,0.0,0.7987884929447525,21.88794919243112,0,0
2025-02-22 02:00:00,25.47867965644036,71.53553390593274,400.0,0.0,0.9277225150895758,19.785786437626907,0,1
2025-02-22 03:00:00,26.1,70.5,400.0,0.0,0.9975017344945991,20.200000000000003,0,1
2025-02-22 04:00:00,26.82354286469244,69.2940952255126,400.0,0.0,1.0834875884147397,20.68236190979496,0,1
2025-02-22 05:00:00,27.6,68.0,400.0,0.0,1.1816902272935372,21.200000000000003,0,1
2025-02-22 06:00:00,28.376457135307565,66.7059047744874,400.0,0.0,1.2863437940093918,21.717638090205043,0,1
2025-02-22 07:00:00,30.59286825215134,64.75356587392433,396.26782936962167,74.64341260756697,1.5471436336439315,23.543581426936207,0,1
2025-02-22 08:00:00,32.60532034355964,63.022466094067255,394.1775,144.19999999999996,1.8192405306695645,25.209813562373093,0,1
2025-02-22 09:00:00,34.27666812523732,61.6305770241358,389.80352021529,203.92959569420032,2.0726205918876763,26.60278353006448,0,1
2025-02-22 10:00:00,35.49301200789585,60.67275360404033,387.5119136774284,249.76172645143208,2.2722167240016056,27.627562728703914,0,1
2025-02-22 11:00:00,36.17146016603535,60.21426991698232,386.0713495849116,278.5730083017673,2.3859963688765573,28.214314149431807,0,1
2025-02-22 12:00:00,36.26577747886721,60.28637086855465,385.58,288.4,2.394009464465108,28.323051652578137,0,1
2025-02-22 13:00:00,31.69807621135332,68.26987298107781,440.0,278.5730083017673,1.483145738595595,25.35205080756888,0,0
2025-02-22 14:00:00,31.221320343559643,69.06446609406726,440.0,249.7617264514321,1.407415124213545,25.034213562373097,0,0
2025-02-22 15:00:00,30.6,70.1,440.0,203.92959569420032,1.312996292068322,24.62,0,0
2025-02-22 16:00:00,29.876457135307565,71.30590477448739,440.0,144.19999999999996,1.2089082207660693,24.137638090205044,0,0
2025-02-22 17:00:00,29.1,72.6,440.0,74.64341260756706,1.1039143319730085,23.62,0,0
2025-02-22 18:00:00,28.32354286469244,73.8940952255126,440.0,3.5318813687409663e-14,1.0055277491667198,23.10236190979496,0,0
2025-02-22 19:00:00,27.6,75.1,440.0,0.0,0.9195027081127842,22.62,0,0
2025-02-22 20:00:00,26.97867965644036,76.13553390593273,440.0,0.0,0.849785729438531,22.205786437626905,0,0
2025-02-22 21:00:00,26.501923788646685,76.93012701892219,440.0,0.0,0.7987884929447525,21.88794919243112,0,0
2025-02-22 22:00:00,26.2022225211328,77.42962913144534,440.0,0.0,0.7678062874676155,21.688148347421865,0,0
2025-02-22 23:00:00,26.1,77.6,440.0,0.0,0.7574250458535263,21.62,0,0
2025-02-23 00:00:00,26.7022225211328,75.42962913144534,440.0,0.0,0.8608294083131489,21.788148347421863,0,0
2025-02-23 01:00:00,27.001923788646685,74.93012701892219,440.0,0.0,0.8939271386426002,21.987949192431124,0,0
2025-02-23 02:00:00,25.97867965644036,69.53553390593274,400.0,0.0,1.0227547762899216,19.885786437626905,0,1
2025-02-23 03:00:00,26.6,68.5,400.0,0.0,1.0969947108086398,20.3,0,1
2025-02-23 04:00:00,27.32354286469244,67.2940952255126,400.0,0.0,1.1883943179589151,20.78236190979496,0,1
2025-02-23 05:00:00,28.1,66.0,400.0,0.0,1.292678359303655,21.3,0,1
2025-02-23 06:00:00,28.876457135307565,64.7059047744874,400.0,0.0,1.4037054219834375,21.817638090205044,0,1
2025-02-23 07:00:00,31.11823251857139,62.7408837407143,396.2044187035716,75.91162592856934,1.6852003586868405,23.66640926671425,0,1
2025-02-23 08:00:00,33.15432034355964,60.99796609406726,392.6675,146.64999999999998,1.9789058989336983,25.35391356237309,0,1
2025-02-23 09:00:00,34.8459645897936,59.59592879185766,389.6302790538993,207.3944189220144,2.2525221520747403,26.765150348165136,0,1
2025-02-23 10:00:00,36.07788249746672,58.63031835925489,387.2997374535012,254.00525092997583,2.4682937913096774,27.803946169317705,0,1
2025-02-23 11:00:00,36.76612089701168,58.16693955149415,385.8346977574708,283.30604485058376,2.591692290296932,28.399508807310504,0,1
2025-02-23 12:00:00,36.863777478867206,58.23737086855465,385.335,293.3,2.6011465170286434,28.51125165257813,0,1
2025-02-23 13:00:00,32.19807621135332,66.26987298107781,440.0,283.30604485058376,1.621830652803818,25.45205080756888,0,0
2025-02-23 14:00:00,31.721320343559643,67.06446609406726,440.0,254.0052509299759,1.5415173039347339,25.13421356237309,0,0
2025-02-23 15:00:00,31.1,68.1,440.0,207.3944189220144,1.441316130305781,24.72,0,0
2025-02-23 16:00:00,30.376457135307565,69.30590477448739,440.0,146.64999999999998,1.3307575685824873,24.23763809020504,0,0
2025-02-23 17:00:00,29.6,70.6,440.0,75.91162592856942,1.2191244051352963,23.72,0,0
2025-02-23 18:00:00,28.82354286469244,71.8940952255126,440.0,3.5918890618991874e-14,1.114402240814717,23.20236190979496,0,0
2025-02-23 19:00:00,28.1,73.1,440.0,0.0,1.0227367019196565,22.72,0,0
2025-02-23 20:00:00,27.47867965644036,74.13553390593273,440.0,0.0,0.9483718529440045,22.305786437626907,0,0
2025-02-23 21:00:00,27.001923788646685,74.93012701892219,440.0,0.0,0.8939271386426002,21.987949192431124,0,0
2025-02-23 22:00:00,26.7022225211328,75.42962913144534,440.0,0.0,0.8608294083131489,21.788148347421863,0,0
2025-02-23 23:00:00,26.6,75.6,440.0,0.0,0.8497355855152644,21.72,0,0
2025-02-24 00:00:00,26.302222521132794,75.52962913144535,440.0,0.0,0.8373670847117516,21.408148347421864,0,0
2025-02-24 01:00:00,26.601923788646683,75.0301270189222,400.0,0.0,0.8696799890565511,21.60794919243112,0,0
2025-02-24 02:00:00,25.57867965644036,69.63553390593275,400.0,0.0,0.9955365202576067,19.505786437626902,0,1
2025-02-24 03:00:00,26.2,68.60000000000001,400.0,0.0,1.0680353953943797,19.92,0,1
2025-02-24 04:00:00,26.92354286469244,67.39409522551261,400.0,0.0,1.1573071179323988,20.40236190979496,0,1
2025-02-24 05:00:00,27.7,66.10000000000001,400.0,0.0,1.2591827461374199,20.92,0,1
2025-02-24 06:00:00,28.47645713530756,64.8059047744874,400.0,0.0,1.3676666221778322,21.43763809020504,0,1
2025-02-24 07:00:00,30.65093956684473,62.87453021657763,396.3726510828882,72.54697834223657,1.635035792495896,23.225845610160256,0,1
2025-02-24 08:00:00,32.62432034355964,61.16296609406727,394.1775,140.14999999999998,1.9127684537474525,24.85691356237309,0,1
2025-02-24 09:00:00,34.2621168266851,59.78785267341192,390.08989846167054,198.2020307665893,2.170404283976226,26.219687361367484,0,1
2025-02-24 10:00:00,35.452715892482765,58.84290166174688,387.8626539659611,242.7469206807781,2.3726684430850415,27.22129622483214,0,1
2025-02-24 11:00:00,36.11498018217652,58.39250990891174,386.4625495445587,270.7490091088259,2.4875369810036627,27.793482163958863,0,1
2025-02-24 12:00:00,36.2037774788672,58.46737086855466,385.985,280.3,2.4951742769671683,27.89725165257813,0,1
2025-02-24 13:00:00,31.798076211353315,66.3698729810778,440.0,270.7490091088259,1.5808813523530987,25.07205080756888,0,0
2025-02-24 14:00:00,31.32132034355964,67.16446609406727,440.0,242.74692068077812,1.5023674604785986,24.754213562373096,0,0
2025-02-24 15:00:00,30.7,68.2,440.0,198.2020307665893,1.4044244325977289,24.34,0,0
2025-02-24 16:00:00,29.97645713530756,69.4059047744874,440.0,140.14999999999998,1.2963754464489028,23.857638090205043,0,0
2025-02-24 17:00:00,29.2,70.7,440.0,72.54697834223664,1.1872969812839718,23.34,0,0
2025-02-24 18:00:00,28.42354286469244,71.99409522551261,440.0,3.432684978010031e-14,1.0849919791972809,22.82236190979496,0,0
2025-02-24 19:00:00,27.7,73.2,440.0,0.0,0.9954601060909398,22.34,0,0
2025-02-24 20:00:00,27.07867965644036,74.23553390593274,440.0,0.0,0.9228395354251208,21.925786437626904,0,0
2025-02-24 21:00:00,26.601923788646683,75.0301270189222,440.0,0.0,0.8696799890565511,21.60794919243112,0,0
2025-02-24 22:00:00,26.302222521132794,75.52962913144535,440.0,0.0,0.8373670847117516,21.408148347421864,0,0
2025-02-24 23:00:00,26.2,75.7,440.0,0.0,0.8265369461173067,21.34,0,0
2025-02-25 00:00:00,25.2022225211328,84.12962913144534,440.0,0.0,0.5088256752910236,22.028148347421865,0,0
2025-02-25 01:00:00,25.501923788646685,83.6301270189222,440.0,0.0,0.5342683192245564,22.22794919243113,0,0
2025-02-25 02:00:00,24.47867965644036,78.23553390593274,400.0,0.0,0.6683283466844234,20.125786437626907,0,1
2025-02-25 03:00:00,25.1,77.2,400.0,0.0,0.7265666337827452,20.540000000000003,0,1
2025-02-25 04:00:00,25.82354286469244,75.99409522551261,400.0,0.0,0.7985649411964957,21.02236190979496,0,1
2025-02-25 05:00:00,26.6,74.7,400.0,0.0,0.881078291538368,21.540000000000003,0,1
2025-02-25 06:00:00,27.376457135307565,73.4059047744874,400.0,0.0,0.9693134748964364,22.05763809020505,0,1
2025-02-25 07:00:00,29.325249359515336,71.58737532024233,396.9368766012117,61.262467975766654,1.1596858663993417,23.6427244235638,0,1
2025-02-25 08:00:00,30.935384536502887,69.98096609406727,394.0825,118.34999999999998,1.3436796036635354,25.084513562373097,0,1
2025-02-25 09:00:00,32.545519713490435,68.69615123000925,391.6313912446572,167.3721751068558,1.5349299789242918,26.284749959492284,0,1
2025-02-25 10:00:00,33.59754174038274,67.8204887377969,389.7505893462112,204.9882130757766,1.6737260139314398,27.16163948794212,0,1
2025-02-25 11:00:00,34.17269286165245,67.41365356917377,388.5682678458689,228.6346430826225,1.7500890236964766,27.655423575487205,0,1
2025-02-25 12:00:00,34.23177747886721,67.50337086855465,388.375,236.7,1.7510130549342726,27.73245165257814,0,1
2025-02-25 13:00:00,30.69807621135332,74.9698729810778,440.0,228.6346430826225,1.1053164602496166,25.69205080756888,0,0
2025-02-25 14:00:00,30.221320343559643,75.76446609406726,440.0,204.98821307577663,1.0414558073334939,25.374213562373093,0,0
2025-02-25 15:00:00,29.6,76.8,440.0,167.3721751068558,0.9620301428278526,24.96,0,0
2025-02-25 16:00:00,28.876457135307565,78.00590477448739,440.0,118.34999999999998,0.874742092761033,24.47763809020504,0,0
2025-02-25 17:00:00,28.1,79.3,440.0,61.262467975766725,0.7870130011054609,23.96,0,0
2025-02-25 18:00:00,27.32354286469244,80.5940952255126,440.0,2.898738973581785e-14,0.7051285426245804,23.44236190979496,0,0
2025-02-25 19:00:00,26.6,81.8,440.0,0.0,0.6338191662449921,22.96,0,0
2025-02-25 20:00:00,25.97867965644036,82.83553390593273,440.0,0.0,0.5762464251291254,22.545786437626905,0,0
2025-02-25 21:00:00,25.501923788646685,83.6301270189222,440.0,0.0,0.5342683192245564,22.22794919243113,0,0
2025-02-25 22:00:00,25.2022225211328,84.12962913144534,440.0,0.0,0.5088256752910236,22.028148347421865,0,0
2025-02-25 23:00:00,25.1,84.3,440.0,0.0,0.5003112346661887,21.96,0,0
2025-02-26 00:00:00,26.102222521132795,78.72962913144535,440.0,0.0,0.7193226247417857,21.848148347421866,0,0
2025-02-26 01:00:00,26.401923788646684,78.2301270189222,440.0,0.0,0.7493487810413563,22.04794919243113,0,0
2025-02-26 02:00:00,25.37867965644036,72.83553390593275,400.0,0.0,0.8801116581907373,19.945786437626907,0,1
2025-02-26 03:00:00,26.0,71.80000000000001,400.0,0.0,0.9479260316659227,20.360000000000003,0,1
2025-02-26 04:00:00,26.72354286469244,70.59409522551262,400.0,0.0,1.0315358600013511,20.84236190979496,0,1
2025-02-26 05:00:00,27.5,69.30000000000001,400.0,0.0,1.1270799542525523,21.360000000000003,0,1
2025-02-26 06:00:00,28.276457135307563,68.0059047744874,400.0,0.0,1.2289583594880744,21.877638090205046,0,1
2025-02-26 07:00:00,30.20454383590713,66.19772808204644,396.98864041023216,60.227191795356575,1.4511653666750326,23.44408945231642,0,1
2025-02-26 08:00:00,31.94832034355964,64.60096609406727,394.1825,112.3854698887331,1.6782353895792188,24.868513562373096,0,1
2025-02-26 09:00:00,33.38895117099551,63.32443550125671,391.7728126008945,164.5437479821096,1.8854668370111707,26.053838271246853,0,1
2025-02-26 10:00:00,34.428259708079985,62.45512975394827,389.9237944269681,201.5241114606389,2.0452258972422146,26.91928565886964,0,1
2025-02-26 11:00:00,34.99541879554933,62.05229060222534,388.7614530111267,224.7709397774662,2.1331385352048877,27.405876915994394,0,1
2025-02-26 12:00:00,35.05177747886721,62.14337086855466,388.365,232.7,2.134656602626107,27.48045165257814,0,1
2025-02-26 13:00:00,31.59807621135332,69.56987298107781,440.0,224.7709397774662,1.4143444892595467,25.51205080756888,0,0
2025-02-26 14:00:00,31.12132034355964,70.36446609406727,440.0,201.5241114606389,1.3406272004679216,25.194213562373093,0,0
2025-02-26 15:00:00,30.5,71.4,440.0,164.5437479821096,1.2487558856634196,24.78,0,0
2025-02-26 16:00:00,29.776457135307563,72.6059047744874,440.0,116.34999999999998,1.1475285600278904,24.29763809020504,0,0
2025-02-26 17:00:00,29.0,73.9,440.0,60.22719179535664,1.0454818536224249,23.78,0,0
2025-02-26 18:00:00,28.22354286469244,75.19409522551261,440.0,2.8497531016158914e-14,0.949919655832104,23.26236190979496,0,0
2025-02-26 19:00:00,27.5,76.4,440.0,0.0,0.8664197693928416,22.78,0,0
2025-02-26 20:00:00,26.87867965644036,77.43553390593274,440.0,0.0,0.7987916398838669,22.36578643762691,0,0
2025-02-26 21:00:00,26.401923788646684,78.2301270189222,440.0,0.0,0.7493487810413563,22.04794919243113,0,0
2025-02-26 22:00:00,26.102222521132795,78.72962913144535,440.0,0.0,0.7193226247417857,21.848148347421866,0,0
2025-02-26 23:00:00,26.0,78.9,440.0,0.0,0.7092638038351409,21.78,0,0
2025-02-27 00:00:00,27.0022225211328,76.42962913144534,440.0,0.0,0.8404734827705908,22.28814834742186,0,0
2025-02-27 01:00:00,27.301923788646683,75.93012701892219,440.0,0.0,0.8734914712920937,22.48794919243112,0,0
2025-02-27 02:00:00,26.27867965644036,70.53553390593274,400.0,0.0,1.0068640411447989,20.385786437626905,0,1
2025-02-27 03:00:00,26.9,69.5,400.0,0.0,1.0810653845967557,20.8,0,1
2025-02-27 04:00:00,27.623542864692435,68.2940952255126,400.0,0.0,1.1724407231014347,21.28236190979496,0,1
2025-02-27 05:00:00,28.4,67.0,400.0,0.0,1.2767250264544934,21.8,0,1
2025-02-27 06:00:00,29.17645713530756,65.7059047744874,400.0,0.0,1.3877813852978498,22.31763809020504,0,1
2025-02-27 07:00:00,31.08021484566749,63.90989257716625,397.0494628858313,59.010742283374725,1.6288004582595499,23.86219336110074,0,1
2025-02-27 08:00:00,32.80132034355964,62.324466094067255,394.3,114.0,1.8741170372265514,25.26621356237309,0,1
2025-02-27 09:00:00,34.22248313356397,61.05766951997247,391.9389826944733,161.22034611053286,2.097242437552226,26.434017037558466,0,1
2025-02-27 10:00:00,35.246853320124245,60.19583294792613,390.1273103968574,197.453792062852,2.268778208230295,27.28601990970947,0,1
2025-02-27 11:00:00,35.80462176787815,59.79768911606092,388.98844558030464,220.2310883939076,2.3629336018392597,27.560935781143797,0,1
2025-02-27 12:00:00,35.857777478867206,59.89037086855465,388.6,228.0,2.364380284022161,27.83585165257813,0,1
2025-02-27 13:00:00,32.498076211353315,67.26987298107781,440.0,220.2310883939076,1.6005847881243256,25.95205080756888,0,0
2025-02-27 14:00:00,32.02132034355964,68.06446609406726,440.0,197.453792062852,1.5202932961360216,25.634213562373088,0,0
2025-02-27 15:00:00,31.4,69.1,440.0,161.22034611053286,1.4201384508440913,25.22,0,0
2025-02-27 16:00:00,30.67645713530756,70.30590477448739,440.0,114.0,1.309658014704047,24.73763809020504,0,0
2025-02-27 17:00:00,29.9,71.6,440.0,59.01074228337479,1.1981359046146178,24.22,0,0
2025-02-27 18:00:00,29.123542864692435,72.8940952255126,440.0,2.7921947020559652e-14,1.0935511225967822,23.70236190979496,0,0
2025-02-27 19:00:00,28.4,74.1,440.0,0.0,1.002035702580951,23.22,0,0
2025-02-27 20:00:00,27.77867965644036,75.13553390593273,440.0,0.0,0.9278156716099043,22.805786437626903,0,0
2025-02-27 21:00:00,27.301923788646683,75.93012701892219,440.0,0.0,0.8734914712920937,22.48794919243112,0,0
2025-02-27 22:00:00,27.0022225211328,76.42962913144534,440.0,0.0,0.8404734827705908,22.28814834742186,0,0
2025-02-27 23:00:00,26.9,76.6,440.0,0.0,0.8294075409693145,22.22,0,0
2025-02-28 00:00:00,26.5022225211328,84.52962913144535,440.0,0.0,0.5356670857262199,23.408148347421864,0,0
2025-02-28 01:00:00,26.801923788646683,84.0301270189222,440.0,0.0,0.5627971545608347,23.60794919243112,0,0
2025-02-28 02:00:00,25.77867965644036,78.63553390593275,400.0,0.0,0.7088114104195677,21.505786437626902,0,1
2025-02-28 03:00:00,26.4,77.60000000000001,400.0,0.0,0.7709512013343572,21.92,0,1
2025-02-28 04:00:00,27.123542864692435,76.39409522551261,400.0,0.0,0.8477501690591013,22.40236190979496,0,1
2025-02-28 05:00:00,27.9,75.10000000000001,400.0,0.0,0.9357363006076287,22.92,0,1
2025-02-28 06:00:00,28.67645713530756,73.8059047744874,400.0,0.0,1.0297916580125903,23.43763809020504,0,1
2025-02-28 07:00:00,30.23132677286929,72.18433661356536,397.92168306782673,41.56633864346483,1.1959871585741146,24.66819409558237,0,1
2025-02-28 08:00:00,31.62732034355964,70.76146609406727,395.985,80.29999999999998,1.361215213590215,25.779613562373093,0,1
2025-02-28 09:00:00,32.769303192524504,69.63425949049221,394.321932547072,113.56134905855954,1.507786958135281,26.696155090622945,0,1
2025-02-28 10:00:00,33.57945107582282,68.87953407007686,393.0458160076109,139.08367984778084,1.6170082361895333,27.35535788983819,0,1
2025-02-28 11:00:00,34.002553754040484,68.54872312297977,392.2436156148988,149.8418399238904,1.6732131517116928,27.71229837863644,0,1
2025-02-28 12:00:00,34.00977747886721,68.66437086855467,391.97,160.6,1.6677312834673346,27.74265165257814,0,1
2025-02-28 13:00:00,31.998076211353315,75.3698729810778,440.0,155.12768770202436,1.1709799129750937,27.072050807568875,0,0
2025-02-28 14:00:00,31.52132034355964,76.16446609406727,440.0,139.08367984778084,1.103027754642294,26.754213562373096,0,0
2025-02-28 15:00:00,30.9,77.2,440.0,113.56134905855954,1.0184939354532576,26.34,0,0
2025-02-28 16:00:00,30.17645713530756,78.4059047744874,440.0,80.29999999999998,0.9255659690364512,25.857638090205043,0,0
2025-02-28 17:00:00,29.4,79.7,440.0,41.56633864346488,0.8321392552906898,25.34,0,0
2025-02-28 18:00:00,28.623542864692435,80.99409522551261,440.0,1.966782759430649e-14,0.744908616511816,24.82236190979496,0,0
2025-02-28 19:00:00,27.9,82.2,440.0,0.0,0.668919925735574,24.34,0,0
2025-02-28 20:00:00,27.27867965644036,83.23553390593274,440.0,0.0,0.607552289812195,23.925786437626904,0,0
2025-02-28 21:00:00,26.801923788646683,84.0301270189222,440.0,0.0,0.5627971545608347,23.60794919243112,0,0
2025-02-28 22:00:00,26.5022225211328,84.52962913144535,440.0,0.0,0.5356670857262199,23.408148347421864,0,0
2025-02-28 23:00:00,26.4,84.7,440.0,0.0,0.5265872044828427,23.34,0,0
2025-03-01 00:00:00,26.302222521132794,89.22962913144535,440.0,0.0,0.3685581270472454,24.148148347421863,0,0
2025-03-01 01:00:00,26.601923788646683,88.7301270189222,440.0,0.0,0.392520339141485,24.347949192431123,0,0
2025-03-01 02:00:00,25.57867965644036,83.33553390593275,400.0,0.0,0.5463651010969045,22.245786437626908,0,1
2025-03-01 03:00:00,26.2,82.30000000000001,400.0,0.0,0.6020454298879145,22.66,0,1
2025-03-01 04:00:00,26.92354286469244,81.09409522551262,400.0,0.0,0.6710422028707638,23.14236190979496,0,1
2025-03-01 05:00:00,27.7,79.80000000000001,400.0,0.0,0.7503094829491406,23.660000000000004,0,1
2025-03-01 06:00:00,28.47645713530756,78.5059047744874,400.0,0.0,0.8352752478925909,24.177638090205043,0,1
2025-03-01 07:00:00,30.162806847781376,76.81859657610933,397.5929828805466,48.140342389068856,0.9928245129372975,25.52652616300324,0,1
2025-03-01 08:00:00,31.68132034355964,75.33446609406727,395.35,93.0,1.1518352738472408,26.74821356237309,0,1
2025-03-01 09:00:00,32.92851343736727,74.15465436807084,393.4239069349651,131.52186130069785,1.2948551744060937,27.75944431098144,0,1
2025-03-01 10:00:00,33.81939198094532,73.3595636175156,391.9459637448047,161.0807251039056,1.4028859736621702,28.49130470444844,0,1
2025-03-01 11:00:00,34.293244073795336,73.00337796310234,391.01688981551166,179.6622036897667,1.4596339283008437,28.893919666415805,0,1
2025-03-01 12:00:00,34.31777747886721,73.11037086855467,390.7,186.0,1.4558319456152318,28.93985165257814,0,1
2025-03-01 13:00:00,31.798076211353315,80.06987298107781,440.0,179.6622036897667,0.93687324274794,27.81205080756888,0,0
2025-03-01 14:00:00,31.32132034355964,80.86446609406727,440.0,161.0807251039056,0.8755333036921923,27.49421356237309,0,0
2025-03-01 15:00:00,30.7,81.9,440.0,131.52186130069785,0.7993736550320406,27.08,0,0
2025-03-01 16:00:00,29.97645713530756,83.1059047744874,440.0,93.0,0.7158600402753769,26.59763809020504,0,0
2025-03-01 17:00:00,29.2,84.4,440.0,48.14034238906891,0.6321444678508517,26.08,0,0
2025-03-01 18:00:00,28.42354286469244,85.69409522551261,440.0,2.277843046414077e-14,0.5542328326995822,25.56236190979496,0,0
2025-03-01 19:00:00,27.7,86.9,440.0,0.0,0.48658684290266047,25.08,0,0
2025-03-01 20:00:00,27.07867965644036,87.93553390593274,440.0,0.0,0.4321287405976893,24.665786437626902,1,0
2025-03-01 21:00:00,26.601923788646683,88.7301270189222,440.0,0.0,0.392520339141485,24.347949192431123,1,0
2025-03-01 22:00:00,26.302222521132794,89.22962913144535,440.0,0.0,0.3685581270472454,24.148148347421863,1,0
2025-03-01 23:00:00,26.2,89.4,440.0,0.0,0.36054698061084156,24.08,1,0
2025-03-02 00:00:00,26.9022225211328,85.42962913144534,440.0,0.0,0.5165107897470377,23.988148347421863,1,0
2025-03-02 01:00:00,27.201923788646685,84.93012701892219,440.0,0.0,0.5436901011743114,24.187949192431123,0,0
2025-03-02 02:00:00,26.17867965644036,79.53553390593274,400.0,0.0,0.6952001392956342,22.085786437626908,0,1
2025-03-02 03:00:00,26.8,78.5,400.0,0.0,0.7575997124541344,22.5,0,1
2025-03-02 04:00:00,27.52354286469244,77.2940952255126,400.0,0.0,0.8347428187661251,22.98236190979496,0,1
2025-03-02 05:00:00,28.300000000000004,76.0,400.0,0.0,0.9231507293732518,23.5,0,1
2025-03-02 06:00:00,29.076457135307564,74.7059047744874,400.0,0.0,1.0176852505928764,24.017638090205043,0,1
2025-03-02 07:00:00,30.85908753255952,72.97045623372024,397.3522811686012,52.95437662797574,1.2046194013805789,25.453178779303563,0,1
2025-03-02 08:00:00,32.46732034355964,71.44146609406727,394.885,102.29999999999998,1.3941670210555304,26.755613562373096,0,1
2025-03-02 09:00:00,33.79155715996867,70.22313250677013,392.7662976284616,144.67404743076762,1.565618721816445,27.836183661322693,0,1
2025-03-02 10:00:00,34.74155343115313,69.39848289241169,391.1405601192852,177.1887976142961,1.696199146006871,28.446747647190037,0,1
2025-03-02 11:00:00,35.25256848117487,69.02371575941257,390.1185787970628,197.62842405874332,1.7661588288526966,29.05731163305738,0,1
2025-03-02 12:00:00,35.28977747886721,69.12437086855465,389.77,204.6,1.7640367593592137,29.11465165257814,0,1
2025-03-02 13:00:00,32.39807621135331,76.2698729810778,440.0,197.62842405874332,1.1539448419297764,27.65205080756888,0,0
2025-03-02 14:00:00,31.921320343559643,77.06446609406726,440.0,177.18879761429616,1.0856938492494979,27.33421356237309,0,0
2025-03-02 15:00:00,31.3,78.1,440.0,144.67404743076762,1.0008068709888658,26.92,0,0
2025-03-02 16:00:00,30.576457135307564,79.30590477448739,440.0,102.29999999999998,0.9075172121369666,26.43763809020504,0,0
2025-03-02 17:00:00,29.8,80.6,440.0,52.9543766279758,0.8137587265179634,25.92,0,0
2025-03-02 18:00:00,29.02354286469244,81.8940952255126,440.0,2.5056273510554847e-14,0.7262514972725544,25.40236190979496,0,0
2025-03-02 19:00:00,28.351111260566398,83.1,440.0,0.0,0.6519846514590515,24.92,0,0
2025-03-02 20:00:00,27.67867965644036,84.13553390593273,440.0,0.0,0.5885374879716556,24.505786437626902,0,0
2025-03-02 21:00:00,27.201923788646685,84.78258151868903,440.0,0.0,0.5490132401317739,24.187949192431123,0,0
2025-03-02 22:00:00,26.9022225211328,85.42962913144534,440.0,0.0,0.5165107897470377,23.988148347421863,0,0
2025-03-02 23:00:00,26.8,85.6,440.0,0.0,0.5074156213646296,23.92,0,0
2025-03-03 00:00:00,27.0022225211328,82.52962913144535,440.0,0.0,0.6229593726408934,23.508148347421866,0,0
2025-03-03 01:00:00,27.301923788646683,82.0301270189222,440.0,0.0,0.6521235405568317,23.707949192431123,0,0
2025-03-03 02:00:00,26.27867965644036,76.63553390593275,400.0,0.0,0.7984139497236628,21.605786437626904,0,1
2025-03-03 03:00:00,26.9,75.60000000000001,400.0,0.0,0.864852307677404,22.02,0,1
2025-03-03 04:00:00,27.623542864692435,74.39409522551261,400.0,0.0,0.9468711182663875,22.50236190979496,0,1
2025-03-03 05:00:00,28.4,73.10000000000001,400.0,0.0,1.0407243397462382,23.02,0,1
2025-03-03 06:00:00,29.17645713530756,71.8059047744874,400.0,0.0,1.1409322879634742,23.537638090205043,0,1
2025-03-03 07:00:00,31.18477773988891,69.95761113005555,396.7880556502777,64.23888699444565,1.3639451886607583,25.17629996590002,0,1
2025-03-03 08:00:00,33.00332034355964,68.32346609406727,394.1775,124.09999999999998,1.5936732519149757,26.668013562373098,0,1
2025-03-03 09:00:00,34.508154273163335,67.0148339501728,391.2248048454749,175.5039030905011,1.804823063549914,27.911121063197896,0,1
2025-03-03 10:00:00,35.59672758325316,66.12089581636168,389.2526247390351,214.94750521929765,1.9686465984189145,28.82090674652549,0,1
2025-03-03 11:00:00,36.194855801698935,65.70257209915054,388.0128604957527,239.7427900849468,2.059494956218614,29.335370221529043,0,1
2025-03-03 12:00:00,36.2617774788672,69.53622254011418,387.59,248.2,1.8360094467923076,29.419451652578136,0,1
2025-03-03 13:00:00,32.498076211353315,73.3698729810778,440.0,239.7427900849468,1.3022795844227393,27.17205080756888,0,0
2025-03-03 14:00:00,32.02132034355964,74.16446609406727,440.0,214.94750521929768,1.2299023750464912,26.85421356237309,0,0
2025-03-03 15:00:00,31.4,75.2,440.0,175.5039030905011,1.1397874945285908,26.44,0,0
2025-03-03 16:00:00,30.67645713530756,76.4059047744874,440.0,124.09999999999998,1.0406175260472057,25.95763809020504,0,0
2025-03-03 17:00:00,29.9,77.7,440.0,64.2388869944457,0.9407898124262666,25.44,0,0
2025-03-03 18:00:00,29.123542864692435,78.99409522551261,440.0,3.03957335548373e-14,0.8474548604229796,24.92236190979496,0,0
2025-03-03 19:00:00,28.4,80.2,440.0,0.0,0.7660350158726958,24.44,0,0
2025-03-03 20:00:00,27.77867965644036,81.23553390593274,440.0,0.0,0.7001946329996747,24.025786437626905,0,0
2025-03-03 21:00:00,27.301923788646683,82.0301270189222,440.0,0.0,0.6521235405568317,23.707949192431123,0,0
2025-03-03 22:00:00,27.0022225211328,82.52962913144535,440.0,0.0,0.6229593726408934,23.508148347421866,0,0
2025-03-03 23:00:00,26.9,82.7,440.0,0.0,0.6131944640499627,23.44,0,0
2025-03-04 00:00:00,27.2022225211328,77.82962913144534,440.0,0.0,0.7998754951532475,22.768148347421864,0,0
2025-03-04 01:00:00,27.501923788646685,77.3301270189222,440.0,0.0,0.8323658764983933,22.967949192431124,0,0
2025-03-04 02:00:00,26.47867965644036,71.93553390593274,400.0,0.0,0.970395683733213,20.86578643762691,0,1
2025-03-04 03:00:00,27.1,70.9,400.0,0.0,1.043616374808157,21.28,0,1
2025-03-04 04:00:00,27.82354286469244,69.69409522551261,400.0,0.0,1.1338248873506034,21.76236190979496,0,1
2025-03-04 05:00:00,28.6,68.4,400.0,0.0,1.2368269383828303,22.28,0,1
2025-03-04 06:00:00,29.376457135307565,67.1059047744874,400.0,0.0,1.3465694805451567,22.797638090205044,0,1
2025-03-04 07:00:00,31.60218573777503,65.1489071311125,396.2445356555624,72.54999999999998,1.620201362655211,24.63196716399753,0,1
2025-03-04 08:00:00,33.62332034355964,63.41346609406726,392.745,145.09999999999997,1.9056859732473914,26.30601356237309,0,1
2025-03-04 09:00:00,35.30212396936004,62.01784910207444,389.7398806049832,205.2023879003361,2.1715362767081507,27.705693789774926,0,1
2025-03-04 10:00:00,36.52418892243209,61.05716514677221,387.43397139108777,251.32057217824408,2.3809683723216715,28.73562195178653,0,1
2025-03-04 11:00:00,37.20623349578175,60.59688325210912,385.9844162605456,280.3116747890876,2.5003815715044873,29.325610146203577,0,1
2025-03-04 12:00:00,37.30177747886721,60.66837086855465,385.49,290.2,2.5088434439593073,29.43545165257813,0,1
2025-03-04 13:00:00,32.69807621135332,68.66987298107782,440.0,280.3116747890876,1.5494577132929572,26.43205080756888,0,0
2025-03-04 14:00:00,32.22132034355964,69.46446609406726,440.0,251.3205721782441,1.4701532385649103,26.11421356237309,0,0
2025-03-04 15:00:00,31.6,70.5,440.0,205.2023879003361,1.3712631554827737,25.700000000000003,0,0
2025-03-04 16:00:00,30.876457135307565,71.7059047744874,440.0,145.09999999999997,1.2622251606223218,25.217638090205043,0,0
2025-03-04 17:00:00,30.1,73.0,440.0,75.1092868887516,1.1522150382260041,24.700000000000003,0,0
2025-03-04 18:00:00,29.32354286469244,74.2940952255126,440.0,3.553925011125619e-14,1.0491055375600555,24.18236190979496,0,0
2025-03-04 19:00:00,28.6,75.5,440.0,0.0,0.9589322781765617,23.700000000000003,0,0
2025-03-04 20:00:00,27.97867965644036,76.53553390593274,440.0,0.0,0.8858400304654087,23.285786437626907,0,0
2025-03-04 21:00:00,27.501923788646685,77.3301270189222,440.0,0.0,0.8323658764983933,22.967949192431124,0,0
2025-03-04 22:00:00,27.2022225211328,77.82962913144534,440.0,0.0,0.7998754951532475,22.768148347421864,0,0
2025-03-04 23:00:00,27.1,78.0,440.0,0.0,0.7889883245972322,22.700000000000003,0,0
2025-03-05 00:00:00,26.802222521132794,74.52962913144535,440.0,0.0,0.8976216575280477,21.70814834742186,0,0
2025-03-05 01:00:00,27.101923788646683,74.0301270189222,440.0,0.0,0.9314653409335224,21.90794919243113,0,0
2025-03-05 02:00:00,26.07867965644036,68.63553390593275,400.0,0.0,1.0592111936388438,19.805786437626907,0,1
2025-03-05 03:00:00,26.7,67.60000000000001,400.0,0.0,1.134994189086329,20.22,0,1
2025-03-05 04:00:00,27.42354286469244,66.39409522551261,400.0,0.0,1.2282610809697192,20.70236190979496,0,1
2025-03-05 05:00:00,28.2,65.10000000000001,400.0,0.0,1.3346360343008632,21.22,0,1
2025-03-05 06:00:00,28.97645713530756,63.8059047744874,400.0,0.0,1.4478474150106693,21.73763809020504,0,1
2025-03-05 07:00:00,31.234796937457947,61.832601531271024,396.1630076563552,76.7398468728974,1.737760004370671,23.60131724371216,0,1
2025-03-05 08:00:00,33.28632034355964,60.08196609406726,392.5875,148.24999999999997,2.0404095710148784,25.30271356237309,0,1
2025-03-05 09:00:00,34.991219423789545,58.6733013748597,389.5171419689094,209.65716062181136,2.3225410714742436,26.725879698761485,0,1
2025-03-05 10:00:00,36.23330812330892,57.7026055463338,387.1611733888957,256.776532222086,2.5452334389817213,27.77382923257568,0,1
2025-03-05 11:00:00,36.92794014989418,57.23602992505291,385.68014962526456,286.3970074947088,2.6728459063465597,28.37514613490476,0,1
2025-03-05 12:00:00,37.02777747886721,57.305370868554654,385.175,296.5,2.683064929287246,28.488851652578138,0,1
2025-03-05 13:00:00,32.29807621135332,65.3698729810778,440.0,286.3970074947088,1.674523513888786,25.37205080756888,0,0
2025-03-05 14:00:00,31.82132034355964,66.16446609406727,440.0,256.7765322220861,1.5926306027878663,25.054213562373093,0,0
2025-03-05 15:00:00,31.2,67.2,440.0,209.65716062181136,1.4904318644196928,24.64,0,0
2025-03-05 16:00:00,30.47645713530756,68.4059047744874,440.0,148.24999999999997,1.3776316692147512,24.15763809020504,0,0
2025-03-05 17:00:00,29.7,69.7,440.0,76.73984687289749,1.2636909505848293,23.64,0,0
2025-03-05 18:00:00,28.92354286469244,70.99409522551261,440.0,3.631077759471902e-14,1.1567592143875458,23.12236190979496,0,0
2025-03-05 19:00:00,28.2,72.2,440.0,0.0,1.0631198210190262,22.64,0,0
2025-03-05 20:00:00,27.57867965644036,73.23553390593274,440.0,0.0,0.9871233981266164,22.225786437626905,0,0
2025-03-05 21:00:00,27.101923788646683,74.0301270189222,440.0,0.0,0.9314653409335224,21.90794919243113,0,0
2025-03-05 22:00:00,26.802222521132794,74.52962913144535,440.0,0.0,0.8976216575280477,21.70814834742186,0,0
2025-03-05 23:00:00,26.7,74.7,440.0,0.0,0.8862763266630904,21.64,0,0
2025-03-06 00:00:00,28.2022225211328,68.72962913144534,440.0,0.0,1.1959872987808218,21.948148347421863,0,0
2025-03-06 01:00:00,28.501923788646685,68.23012701892219,440.0,0.0,1.2364243020368997,22.147949192431124,0,0
2025-03-06 02:00:00,27.47867965644036,62.835533905932735,400.0,0.0,1.36270872343233,20.04578643762691,0,1
2025-03-06 03:00:00,28.1,61.8,400.0,0.0,1.4523621566294007,20.46,0,1
2025-03-06 04:00:00,28.82354286469244,60.5940952255126,400.0,0.0,1.5624484938083985,20.94236190979496,0,1
2025-03-06 05:00:00,29.6,59.3,400.0,0.0,1.6876994315988625,21.46,0,1
2025-03-06 06:00:00,30.376457135307565,58.00590477448739,400.0,0.0,1.8206746166172847,21.97763809020504,0,1
2025-03-06 07:00:00,32.66740813714087,56.01629593142957,396.08147965714784,78.37040685704328,2.171503498630444,23.87066732342678,0,1
2025-03-06 08:00:00,34.749320343559646,54.25046609406726,392.43,151.39999999999998,2.5369233191909317,25.599413562373098,0,1
2025-03-06 09:00:00,36.48031487821905,52.82875364764494,389.29440333283566,214.1119333432866,2.877145319677341,27.04606560774804,0,1
2025-03-06 10:00:00,37.74242732418577,51.84804594589537,386.8883753867036,262.23249226592804,3.1457887064661976,28.11203651336484,0,1
2025-03-06 11:00:00,38.4496468040066,51.3751765979967,385.3758829899835,292.4823402003299,3.3004265495330336,28.724682123605938,0,1
2025-03-06 12:00:00,38.5537774788672,51.442370868554654,384.86,302.8,3.3144079967431788,28.84225165257813,0,1
2025-03-06 13:00:00,33.69807621135332,59.56987298107781,440.0,292.4823402003299,2.11469325155949,25.61205080756888,0,0
2025-03-06 14:00:00,33.22132034355964,60.36446609406726,440.0,262.23249226592804,2.018610245869896,25.29421356237309,0,0
2025-03-06 15:00:00,32.6,61.4,440.0,214.1119333432866,1.8984951710600368,24.880000000000003,0,0
2025-03-06 16:00:00,31.876457135307565,62.60590477448739,440.0,151.39999999999998,1.7656300580026374,24.39763809020504,0,0
2025-03-06 17:00:00,31.1,63.9,440.0,78.37040685704336,1.6310818904087363,23.880000000000003,0,0
2025-03-06 18:00:00,30.32354286469244,65.1940952255126,440.0,3.7082305078181865e-14,1.504466004264969,23.36236190979496,0,0
2025-03-06 19:00:00,29.6,66.4,440.0,0.0,1.3932850344403382,22.880000000000003,0,0
2025-03-06 20:00:00,28.97867965644036,67.43553390593274,440.0,0.0,1.3028212147846223,22.46578643762691,0,0
2025-03-06 21:00:00,28.501923788646685,68.23012701892219,440.0,0.0,1.2364243020368997,22.147949192431124,0,0
2025-03-06 22:00:00,28.2022225211328,68.72962913144534,440.0,0.0,1.1959872987808218,21.948148347421863,0,0
2025-03-06 23:00:00,28.1,68.9,440.0,0.0,1.182420499245402,21.880000000000003,0,0
2025-03-07 00:00:00,28.2022225211328,75.62962913144534,440.0,0.0,0.9320853324026053,23.328148347421862,0,0
2025-03-07 01:00:00,27.001923788646685,70.5301270189222,400.0,0.0,1.050819812689899,21.107949192431125,0,1
2025-03-07 02:00:00,27.47867965644036,69.73553390593274,400.0,0.0,1.1097065635766263,21.425786437626908,0,1
2025-03-07 03:00:00,28.1,68.7,400.0,0.0,1.190024489594247,21.840000000000003,0,1
2025-03-07 04:00:00,28.82354286469244,67.49409522551261,400.0,0.0,1.2888627287060617,22.32236190979496,0,1
2025-03-07 05:00:00,29.6,66.2,400.0,0.0,1.4015783977405785,22.840000000000003,0,1
2025-03-07 06:00:00,30.376457135307565,64.9059047744874,400.0,0.0,1.5215217288792222,23.357638090205043,0,1
2025-03-07 07:00:00,32.67620798467436,62.91189600766282,396.0594800383141,78.81039923371756,1.831969560232588,25.25858718620692,0,1
2025-03-07 08:00:00,34.76632034355964,61.14196609406726,392.3875,152.24999999999997,2.1568020124838942,26.994713562373093,0,1
2025-03-07 09:00:00,36.5043565087794,59.71673283236477,389.2342992564349,215.31401487130373,2.460254012630374,28.44770307525235,0,1
2025-03-07 10:00:00,37.77187218791444,58.73332351403104,386.814763227382,263.70473545236155,2.700273876941241,29.518536890720647,0,1
2025-03-07 11:00:00,38.48248828210043,58.25875585894978,385.29377929474896,294.1244141050213,2.838219967964115,30.134239453890384,0,1
2025-03-07 12:00:00,38.58777747886721,58.32537086855465,384.775,304.5,2.84980651453017,30.25285165257814,0,1
2025-03-07 13:00:00,33.69807621135332,66.4698729810778,440.0,294.1244141050213,1.7537895267472634,26.99205080756888,0,0
2025-03-07 14:00:00,33.22132034355964,67.26446609406726,440.0,263.7047354523616,1.6671980325373177,26.67421356237309,0,0
2025-03-07 15:00:00,32.6,68.3,440.0,215.31401487130373,1.5591268632798752,26.26,0,0
2025-03-07 16:00:00,31.876457135307565,69.50590477448739,440.0,152.24999999999997,1.439834037889112,25.777638090205045,0,0
2025-03-07 17:00:00,31.1,70.8,440.0,78.81039923371765,1.3193238559538811,25.26,0,0
2025-03-07 18:00:00,30.32354286469244,72.0940952255126,440.0,3.72904950340369e-14,1.2062173163860836,24.74236190979496,0,0
2025-03-07 19:00:00,29.6,73.3,440.0,0.0,1.1071640005820547,24.26,0,0
2025-03-07 20:00:00,28.97867965644036,74.33553390593273,440.0,0.0,1.026769817041865,23.845786437626906,0,0
2025-03-07 21:00:00,28.501923788646685,75.1301270189222,440.0,0.0,0.9678891495943359,23.527949192431123,0,0
2025-03-07 22:00:00,28.2022225211328,75.62962913144534,440.0,0.0,0.9320853324026053,23.328148347421862,0,0
2025-03-07 23:00:00,28.1,75.8,440.0,0.0,0.9200828322102486,23.26,0,0
2025-03-08 00:00:00,27.802222521132794,78.72962913144535,440.0,0.0,0.7947927583837672,23.548148347421865,0,0
2025-03-08 01:00:00,26.601923788646683,73.63012701892221,400.0,0.0,0.9184408291938567,21.327949192431127,0,1
2025-03-08 02:00:00,27.07867965644036,72.83553390593275,400.0,0.0,0.972985164093617,21.645786437626903,0,1
2025-03-08 03:00:00,27.7,71.80000000000001,400.0,0.0,1.0474617534240482,22.06,0,1
2025-03-08 04:00:00,28.42354286469244,70.59409522551262,400.0,0.0,1.1392301401532496,22.54236190979496,0,1
2025-03-08 05:00:00,29.2,69.30000000000001,400.0,0.0,1.2440278950654586,23.06,0,1
2025-03-08 06:00:00,29.97645713530756,68.0059047744874,400.0,0.0,1.3556981886856132,23.57763809020504,0,1
2025-03-08 07:00:00,32.19700935687298,66.05149532156352,396.2574766078175,74.850467843649,1.6322325475010702,25.40730842118569,0,1
2025-03-08 08:00:00,34.213320343559644,64.31846609406728,392.77,144.59999999999997,1.920653423343307,27.0770135623731,0,1
2025-03-08 09:00:00,35.887981833736305,62.92492016988631,389.7752359440425,204.49528111914955,2.1891280690494384,28.47296586771357,0,1
2025-03-08 10:00:00,37.10686841435639,61.96582540081006,389.91946429994914,250.45454677445963,2.4005011055882846,29.500033494518405,0,1
2025-03-08 11:00:00,37.786914979255975,61.50654251037202,386.0327125518601,279.3457489627985,2.52086196975833,30.08822348133038,0,1
2025-03-08 12:00:00,37.8817774788672,61.57837086855466,388.375,289.2,2.529113404033165,30.19745165257813,0,1
2025-03-08 13:00:00,33.29807621135332,69.56987298107781,440.0,279.3457489627985,1.556459170261597,27.21205080756888,0,0
2025-03-08 14:00:00,32.82132034355964,70.36446609406727,440.0,250.4545467744597,1.4758354417069965,26.894213562373096,0,0
2025-03-08 15:00:00,32.2,71.48518543427733,440.0,204.49528111914955,1.3712139485831767,26.480000000000004,0,0
2025-03-08 16:00:00,31.47645713530756,72.6059047744874,440.0,144.59999999999997,1.2644841683334673,25.997638090205044,0,0
2025-03-08 17:00:00,30.7,73.9,440.0,74.85046784364907,1.1526879776981358,25.48,0,0
2025-03-08 18:00:00,29.92354286469244,75.19409522551261,440.0,3.541678543134145e-14,1.0479236910624479,24.96236190979496,0,0
2025-03-08 19:00:00,29.2,76.4,440.0,0.0,0.9563211180307761,24.48,0,0
2025-03-08 20:00:00,28.57867965644036,77.43553390593274,440.0,0.0,0.8820844612698516,24.065786437626905,0,0
2025-03-08 21:00:00,28.101923788646683,78.2301270189222,440.0,0.0,0.8277821678262185,23.74794919243112,0,0
2025-03-08 22:00:00,27.802222521132794,78.72962913144535,440.0,0.0,0.7947927583837672,23.548148347421865,0,0
2025-03-08 23:00:00,27.7,78.9,440.0,0.0,0.7837391133775681,23.48,0,0
2025-03-09 00:00:00,26.9022225211328,73.32962913144534,440.0,0.0,0.945448433978678,21.568148347421864,0,0
2025-03-09 01:00:00,25.701923788646685,68.2301270189222,400.0,0.0,1.049251759460179,19.347949192431123,0,1
2025-03-09 02:00:00,26.17867965644036,67.43553390593274,400.0,0.0,1.1062502808830479,19.665786437626902,0,1
2025-03-09 03:00:00,26.8,66.4,400.0,0.0,1.1839697831841356,20.08,0,1
2025-03-09 04:00:00,27.52354286469244,65.19409522551261,400.0,0.0,1.2795781251494678,20.56236190979496,0,1
2025-03-09 05:00:00,28.3,63.9,400.0,0.0,1.3885725554322659,21.08,0,1
2025-03-09 06:00:00,29.076457135307564,62.60590477448739,400.0,0.0,1.5045179055025264,21.59763809020504,0,1
2025-03-09 07:00:00,31.367408137140867,60.61629593142957,396.08147965714784,78.37040685704328,1.8066966467547882,23.49066732342678,0,1
2025-03-09 08:00:00,33.44932034355964,59.02252478953726,392.43,151.39999999999998,2.1137486689584937,25.21941356237309,0,1
2025-03-09 09:00:00,35.18031487821905,57.42875364764494,389.29440333283566,214.1119333432866,2.417604177406896,26.66606560774804,0,1
2025-03-09 10:00:00,36.442427324185765,56.44804594589537,386.8883753867036,262.23249226592804,2.6508938166713127,27.73203651336484,0,1
2025-03-09 11:00:00,37.1496468040066,55.9751765979967,385.3758829899835,292.4823402003299,2.7850725560141973,28.344682123605946,0,1
2025-03-09 12:00:00,37.25377747886721,56.042370868554656,388.375,302.8,2.79661538976033,28.46225165257814,0,1
2025-03-09 13:00:00,32.39807621135331,64.16987298107782,440.0,292.4823402003299,1.7423417171852902,25.232050807568875,0,0
2025-03-09 14:00:00,31.921320343559643,64.96446609406726,440.0,262.23249226592804,1.6584686374797724,24.914213562373096,0,0
2025-03-09 15:00:00,31.3,66.0,440.0,214.1119333432866,1.5537640919461837,24.5,0,0
2025-03-09 16:00:00,30.576457135307564,67.2059047744874,440.0,151.39999999999998,1.4381496532846945,24.017638090205043,0,0
2025-03-09 17:00:00,29.8,68.5,440.0,78.37040685704336,1.3213092724389606,23.5,0,0
2025-03-09 18:00:00,29.02354286469244,69.7940952255126,440.0,3.7082305078181865e-14,1.2115983068603504,22.98236190979496,0,0
2025-03-09 19:00:00,28.3,71.0,440.0,0.0,1.115473797992679,22.5,0,0
2025-03-09 20:00:00,27.67867965644036,72.03553390593274,440.0,0.0,1.0374214001204636,22.085786437626908,0,0
2025-03-09 21:00:00,27.201923788646685,72.8301270189222,440.0,0.0,0.9802332779130619,21.767949192431125,0,0
2025-03-09 22:00:00,26.9022225211328,73.32962913144534,440.0,0.0,0.945448433978678,21.568148347421864,0,0
2025-03-09 23:00:00,26.8,73.5,440.0,0.0,0.9337856920946309,21.5,0,0
2025-03-10 00:00:00,26.9022225211328,73.22962913144534,440.0,0.0,0.9489933731872039,21.548148347421865,0,0
2025-03-10 01:00:00,25.701923788646685,68.1301270189222,400.0,0.0,1.0525544222063765,19.327949192431124,0,1
2025-03-10 02:00:00,26.17867965644036,67.33553390593275,400.0,0.0,1.109647389491208,19.64578643762691,0,1
2025-03-10 03:00:00,26.8,66.3,400.0,0.0,1.187493502776946,20.06,0,1
2025-03-10 04:00:00,27.52354286469244,65.0940952255126,400.0,0.0,1.2832544499956116,20.54236190979496,0,1
2025-03-10 05:00:00,28.3,63.8,400.0,0.0,1.3924190168046544,21.06,0,1
2025-03-10 06:00:00,29.076457135307564,62.50590477448739,400.0,0.0,1.508541315873681,21.57763809020504,0,1
2025-03-10 07:00:00,31.256115947746785,60.57194202612661,396.35971013063306,72.80579738733908,1.7973339191651299,23.370504352972105,0,1
2025-03-10 08:00:00,33.234320343559645,58.85796609406726,392.9675,140.64999999999998,2.0968611285355925,25.00591356237309,0,1
2025-03-10 09:00:00,34.87625896230883,57.48078160560005,390.0545431226112,198.90913754777583,2.3744177835104154,26.372415283428843,0,1
2025-03-10 10:00:00,36.07003640055846,56.53424140770903,387.81935269577184,243.6129460845626,2.5922392176530327,27.37688468210026,0,1
2025-03-10 11:00:00,36.7342986987023,56.08285065064885,386.4142532532443,271.7149349351149,2.716087860303258,27.950868828832068,0,1
2025-03-10 12:00:00,36.82377747886721,56.15737086855465,385.935,281.3,2.7247477068216353,28.055251652578136,0,1
2025-03-10 13:00:00,32.39807621135331,64.06987298107781,440.0,271.7149349351149,1.7472045012783115,25.212050807568875,0,0
2025-03-10 14:00:00,31.921320343559643,64.86446609406727,440.0,243.61294608456265,1.6632023134155598,24.894213562373096,0,0
2025-03-10 15:00:00,31.3,65.9,440.0,198.90913754777583,1.5583339863342607,24.480000000000004,0,0
2025-03-10 16:00:00,30.576457135307564,67.10590477448739,440.0,140.64999999999998,1.4425350453602954,23.99763809020504,0,0
2025-03-10 17:00:00,29.8,68.4,440.0,72.80579738733917,1.3255039050498778,23.480000000000004,0,0
2025-03-10 18:00:00,29.02354286469244,69.6940952255126,440.0,3.4449314460015046e-14,1.2156094375181012,22.96236190979496,0,0
2025-03-10 19:00:00,28.3,70.89999999999999,440.0,0.0,1.1193202593650677,22.48,0,0
2025-03-10 20:00:00,27.67867965644036,71.93553390593273,440.0,0.0,1.041131184518388,22.065786437626905,0,0
2025-03-10 21:00:00,27.201923788646685,72.58258151868904,440.0,0.0,0.9891642117196046,21.74794919243112,0,0
2025-03-10 22:00:00,26.9022225211328,73.22962913144534,440.0,0.0,0.9489933731872039,21.548148347421865,0,0
2025-03-10 23:00:00,26.8,73.4,440.0,0.0,0.9373094116874404,21.480000000000004,0,0
2025-03-11 00:00:00,24.7022225211328,92.92962913144534,440.0,0.0,0.2200315541782335,21.273974596215567,0,0
2025-03-11 01:00:00,23.501923788646685,87.8301270189222,400.0,0.0,0.35242326497082305,21.06794919243113,0,1
2025-03-11 02:00:00,23.97867965644036,87.03553390593274,400.0,0.0,0.3863541983452738,21.38578643762691,1,1
2025-03-11 03:00:00,24.6,86.0,400.0,0.0,0.433031386133156,21.8,1,1
2025-03-11 04:00:00,25.32354286469244,84.75,400.0,0.0,0.49247470319449727,22.28236190979496,0,1
2025-03-11 05:00:00,26.1,83.5,400.0,0.0,0.5579246989546064,22.8,0,1
2025-03-11 06:00:00,26.876457135307565,82.2059047744874,400.0,0.0,0.629836288889239,23.317638090205044,0,1
2025-03-11 07:00:00,27.95509972988066,80.82245013505967,399.1122506752984,17.75498649403292,0.7230050449268445,24.119589756892594,0,1
2025-03-11 08:00:00,28.907320343559643,79.62146609406726,398.285,34.29999999999999,0.811936531667124,24.831613562373093,0,1
2025-03-11 09:00:00,29.66822671514126,78.68479772918383,397.5746237405301,48.50752518939716,0.8873487741749309,25.405186260978024,0,1
2025-03-11 10:00:00,30.185964332859456,78.07627744155853,397.02953286501935,59.40934269961248,0.9402063251418039,25.801219821171163,0,1
2025-03-11 11:00:00,30.425250233668603,77.8373748831657,396.68687441582847,66.26251168343008,0.9635563450616698,25.992725210301742,0,1
2025-03-11 12:00:00,30.369777478867206,77.98437086855466,396.57,68.6,0.9541338015274553,25.96665165257814,0,1
2025-03-11 13:00:00,30.19807621135332,83.7698729810778,440.0,66.26251168343008,0.6965175528557171,26.95205080756888,0,0
2025-03-11 14:00:00,29.721320343559643,84.56446609406726,440.0,59.40934269961249,0.6445433734602424,26.63421356237309,0,0
2025-03-11 15:00:00,29.1,85.6,440.0,48.50752518939716,0.5801593569493183,26.22,0,0
2025-03-11 16:00:00,28.376457135307565,86.80590477448739,440.0,34.29999999999999,0.50976434097244,25.73763809020504,0,0
2025-03-11 17:00:00,27.6,88.1,440.0,17.75498649403294,0.4394410532747846,25.22,1,0
2025-03-11 18:00:00,26.82354286469244,89.3940952255126,440.0,8.401077042150843e-15,0.3742396217099439,24.70236190979496,1,0
2025-03-11 19:00:00,26.1,90.6,440.0,0.0,0.31784801031353355,24.22,1,0
2025-03-11 20:00:00,25.47867965644036,91.63553390593272,440.0,0.0,0.2726172167264695,23.805786437626907,1,0
2025-03-11 21:00:00,25.001923788646685,92.4301270189222,440.0,0.0,0.23982422948205945,23.487949192431124,1,0
2025-03-11 22:00:00,24.7022225211328,92.92962913144534,440.0,0.0,0.2200315541782335,23.288148347421863,1,0
2025-03-11 23:00:00,24.6,93.1,440.0,0.0,0.21342261173705565,23.22,1,0
2025-03-12 00:00:00,23.0022225211328,99.62962913144534,440.0,0.0,0.010406737367736897,22.92814834742186,1,0
2025-03-12 01:00:00,21.801923788646683,94.5301270189222,400.0,0.0,0.142882854616563,20.707949192431123,1,1
2025-03-12 02:00:00,22.27867965644036,93.73553390593274,400.0,0.0,0.16846248553339546,21.025786437626905,1,1
2025-03-12 03:00:00,22.9,92.7,400.0,0.0,0.20385175293348493,21.44,1,1
2025-03-12 04:00:00,23.623542864692435,91.4940952255126,400.0,0.0,0.24813038877254529,21.92236190979496,1,1
2025-03-12 05:00:00,24.4,90.2,400.0,0.0,0.29951863999564254,22.44,1,1
2025-03-12 06:00:00,25.17645713530756,88.9059047744874,400.0,0.0,0.35514709815079776,22.95763809020504,1,1
2025-03-12 07:00:00,26.21731214929569,87.54134392535215,399.2067196267608,15.86560746478452,0.4242002713535187,23.72558093436612,1,1
2025-03-12 08:00:00,27.13432034355964,86.35796609406727,398.4675,30.649999999999995,0.4902309078703609,24.40591356237309,1,1
2025-03-12 09:00:00,27.864989125088023,85.43641652421046,397.8327177156633,43.34564568673537,0.5461805997309827,24.952272429930115,1,1
2025-03-12 10:00:00,28.359524623906925,84.83949729603479,397.3456321374007,53.08735725198608,0.585162451734094,25.327424083113883,0,1
2025-03-12 11:00:00,28.584225063030395,84.6078874684848,397.039437342424,59.21125315151989,0.6018980750152281,25.50580255672736,0,1
2025-03-12 12:00:00,28.523777478867203,84.75737086855466,396.935,61.3,0.5939671468709352,25.47525165257813,0,1
2025-03-12 13:00:00,28.498076211353315,90.4698729810778,440.0,59.21125315151989,0.37081202942479974,26.592050807568874,0,0
2025-03-12 14:00:00,28.02132034355964,91.26446609406726,440.0,53.08735725198609,0.3306072249421016,26.226025403784437,0,0
2025-03-12 15:00:00,27.4,92.3,440.0,43.34564568673537,0.2810398098187065,25.86,1,0
2025-03-12 16:00:00,26.67645713530756,93.5059047744874,440.0,30.649999999999995,0.22717786684163843,25.37763809020504,1,0
2025-03-12 17:00:00,25.9,94.8,440.0,15.865607464784537,0.17376425118769184,24.86,1,0
2025-03-12 18:00:00,25.123542864692435,96.0940952255126,440.0,7.507084878773274e-15,0.12464382357068371,24.34236190979496,1,0
2025-03-12 19:00:00,24.4,97.3,440.0,0.0,0.08252044163145263,23.86,1,0
2025-03-12 20:00:00,23.77867965644036,98.33553390593272,440.0,0.0,0.049010332956665674,23.445786437626904,1,0
2025-03-12 21:00:00,23.301923788646683,99.1301270189222,440.0,0.0,0.024888399174621552,23.12794919243112,1,0
2025-03-12 22:00:00,23.0022225211328,99.62962913144534,440.0,0.0,0.010406737367736897,22.92814834742186,1,0
2025-03-12 23:00:00,22.9,99.8,440.0,0.0,0.0055849795324242535,22.86,1,0
2025-03-13 00:00:00,26.4022225211328,84.92962913144534,440.0,0.0,0.5187518948180813,23.388148347421865,0,0
2025-03-13 01:00:00,25.201923788646685,79.8301270189222,400.0,0.0,0.6466620715981908,21.167949192431124,0,1
2025-03-13 02:00:00,25.67867965644036,79.03553390593274,400.0,0.0,0.6914326554238799,21.485786437626903,0,1
2025-03-13 03:00:00,26.3,78.0,400.0,0.0,0.7527332269288081,21.9,0,1
2025-03-13 04:00:00,27.02354286469244,76.7940952255126,400.0,0.0,0.828512892407103,22.38236190979496,0,1
2025-03-13 05:00:00,27.8,75.5,400.0,0.0,0.9153530604855153,22.9,0,1
2025-03-13 06:00:00,28.576457135307564,74.2059047744874,400.0,0.0,1.0082064027656528,23.41763809020504,0,1
2025-03-13 07:00:00,30.8296205565559,72.23518972172205,396.9912286006832,76.48102782779488,1.2353113648277754,25.27665850090031,0,1
2025-03-13 08:00:00,32.87632034355964,70.48696609406726,392.6125,147.74999999999997,1.4742812833856471,26.97371356237309,0,1
2025-03-13 09:00:00,34.57707728816581,69.08037244267156,389.5524973079688,208.9500538406248,1.6982835157295124,28.39315177670012,0,1
2025-03-13 10:00:00,35.81598761523324,68.11126580037164,387.2044746590849,255.9105068183016,1.8754651029197007,29.43824077530757,0,1
2025-03-13 11:00:00,36.50862163336839,67.64568918331581,385.728445916579,285.43108166841967,1.9764629193777292,30.03775947003156,0,1
2025-03-13 12:00:00,36.607777478867206,67.71537086855466,385.225,295.5,1.9829210540848443,30.150851652578137,0,1
2025-03-13 13:00:00,31.89807621135332,75.7698729810778,440.0,285.43108166841967,1.1454691166108903,27.052050807568875,0,0
2025-03-13 14:00:00,31.421320343559643,76.56446609406726,440.0,255.91050681830163,1.078381901388614,26.734213562373093,0,0
2025-03-13 15:00:00,30.8,77.6,440.0,208.9500538406248,0.9949388061851384,26.32,0,0
2025-03-13 16:00:00,30.076457135307564,78.80590477448739,440.0,147.74999999999997,0.9032304844126358,25.83763809020504,0,0
2025-03-13 17:00:00,29.3,80.1,440.0,76.48102782779496,0.811054191946436,25.32,0,0
2025-03-13 18:00:00,28.52354286469244,81.3940952255126,440.0,3.6188312914804287e-14,0.7250157244157631,24.80236190979496,0,0
2025-03-13 19:00:00,27.8,82.6,440.0,0.0,0.650087479691754,24.32,0,0
2025-03-13 20:00:00,27.17867965644036,83.63553390593273,440.0,0.0,0.5895929646375361,23.905786437626904,0,0
2025-03-13 21:00:00,26.701923788646685,84.43012701892219,440.0,0.0,0.5454850148802398,23.58794919243112,0,0
2025-03-13 22:00:00,26.4022225211328,84.92962913144534,440.0,0.0,0.5187518948180813,23.45397459621556,0,0
2025-03-13 23:00:00,26.3,85.1,440.0,0.0,0.5098056855108747,23.32,0,0
2025-03-14 00:00:00,27.2022225211328,80.42962913144534,440.0,0.0,0.7060711876056392,23.288148347421863,0,0
2025-03-14 01:00:00,26.001923788646685,75.3301270189222,400.0,0.0,0.8293572464308818,21.06794919243113,0,1
2025-03-14 02:00:00,26.47867965644036,74.53553390593274,400.0,0.0,0.880494498039903,21.385786437626905,0,1
2025-03-14 03:00:00,27.1,73.5,400.0,0.0,0.9503723000830299,21.8,0,1
2025-03-14 04:00:00,27.82354286469244,72.2940952255126,400.0,0.0,1.036551939090261,22.28236190979496,0,1
2025-03-14 05:00:00,28.6,71.0,400.0,0.0,1.1350626966171549,22.8,0,1
2025-03-14 06:00:00,29.376457135307565,69.7059047744874,400.0,0.0,1.2401345527742307,23.317638090205044,0,1
2025-03-14 07:00:00,31.58199785225704,67.75900107387149,396.2950053693574,74.09989261285169,1.4971459330975838,25.133798067031336,0,1
2025-03-14 08:00:00,33.58432034355964,66.03296609406726,392.8425,143.14999999999998,1.765394925300108,26.79091356237309,0,1
2025-03-14 09:00:00,35.24696964042749,64.64542626654071,389.87776642731455,202.44467145370857,2.015170951815918,28.17605489373563,0,1
2025-03-14 10:00:00,36.456638940936905,63.93999031293755,387.60284634482576,247.9430731034848,2.196585208660219,29.194826968440864,0,1
2025-03-14 11:00:00,37.13089128133121,63.23455435933439,386.172771796672,276.54456406656027,2.323461697276784,29.77780215319809,0,1
2025-03-14 12:00:00,37.223777478867206,63.30737086855465,388.375,286.3,2.330606203775275,29.88525165257813,0,1
2025-03-14 13:00:00,32.69807621135332,71.2698729810778,440.0,276.54456406656027,1.4208725322584677,26.95205080756888,0,0
2025-03-14 14:00:00,32.22132034355964,72.06446609406726,440.0,247.9430731034848,1.3449745391505175,26.63421356237309,0,0
2025-03-14 15:00:00,31.6,73.1,440.0,202.44467145370857,1.2504060638131054,26.22,0,0
2025-03-14 16:00:00,30.876457135307565,74.30590477448739,440.0,143.14999999999998,1.146236810704744,25.73763809020504,0,0
2025-03-14 17:00:00,30.1,75.6,440.0,74.09989261285178,1.041260997507945,25.22,0,0
2025-03-14 18:00:00,29.32354286469244,76.8940952255126,440.0,3.506163785958872e-14,0.9429947267722045,24.70236190979496,0,0
2025-03-14 19:00:00,28.6,78.1,440.0,0.0,0.8571680364108861,24.22,0,0
2025-03-14 20:00:00,27.97867965644036,79.13553390593273,440.0,0.0,0.7876837770916151,23.805786437626907,0,0
2025-03-14 21:00:00,27.501923788646685,79.93012701892219,440.0,0.0,0.7369021180246603,23.487949192431124,0,0
2025-03-14 22:00:00,27.2022225211328,80.42962913144534,440.0,0.0,0.7060711876056392,23.288148347421863,0,0
2025-03-14 23:00:00,27.1,80.6,440.0,0.0,0.695744249872105,23.22,0,0
2025-03-15 00:00:00,27.4022225211328,78.32962913144534,440.0,0.0,0.7910426825183652,23.068148347421864,0,0
2025-03-15 01:00:00,26.201923788646685,73.2301270189222,400.0,0.0,0.9106502724564166,20.847949192431123,0,1
2025-03-15 02:00:00,26.67867965644036,72.43553390593274,400.0,0.0,0.9643922581536389,21.165786437626902,0,1
2025-03-15 03:00:00,27.3,71.4,400.0,0.0,1.037772119954245,21.58,0,1
2025-03-15 04:00:00,28.02354286469244,70.19409522551261,400.0,0.0,1.1281877708886225,22.06236190979496,0,1
2025-03-15 05:00:00,28.8,68.9,400.0,0.0,1.2314395277902794,22.58,0,1
2025-03-15 06:00:00,29.576457135307564,67.6059047744874,400.0,0.0,1.3414617130935456,23.097638090205045,0,1
2025-03-15 07:00:00,31.81305613766933,65.64347193116534,396.2173596558266,75.65280688346681,1.616397612021988,24.941750523902403,0,1
2025-03-15 08:00:00,33.844320343559644,63.90296609406726,392.6925,146.14999999999998,1.9035140965172248,26.62491356237309,0,1
2025-03-15 09:00:00,35.53182245416988,62.50299985966952,389.6656343929586,206.68731214082783,2.171105048539262,28.032422426103786,0,1
2025-03-15 10:00:00,36.76056198939104,61.53897861329274,387.3430387236904,253.1392255261914,2.382061055926876,29.068357712049583,0,1
2025-03-15 11:00:00,37.44680238048589,61.07659880975705,385.8829940487853,282.34011902429467,2.5024397410631534,29.6621221424373,0,1
2025-03-15 12:00:00,37.543777478867206,61.14737086855465,385.385,292.3,2.511070706419191,29.773251652578136,0,1
2025-03-15 13:00:00,32.89807621135331,69.1698729810778,440.0,282.34011902429467,1.5419568866202873,26.732050807568875,0,0
2025-03-15 14:00:00,32.42132034355964,69.96446609406726,440.0,253.13922552619144,1.4624770464205756,26.414213562373096,0,0
2025-03-15 15:00:00,31.8,71.0,440.0,206.68731214082783,1.3633772730524247,26.0,0,0
2025-03-15 16:00:00,31.076457135307564,72.2059047744874,440.0,146.14999999999998,1.2541208691173569,25.517638090205043,0,0
2025-03-15 17:00:00,30.3,73.5,440.0,75.6528068834669,1.143905726460712,25.0,0,0
2025-03-15 18:00:00,29.52354286469244,74.7940952255126,440.0,3.579642593907713e-14,1.0406199952422042,24.48236190979496,0,0
2025-03-15 19:00:00,28.8,76.0,440.0,0.0,0.9503070310921771,24.0,0,0
2025-03-15 20:00:00,28.17867965644036,77.03553390593274,440.0,0.0,0.8771127219788497,23.585786437626908,0,0
2025-03-15 21:00:00,27.701923788646685,77.8301270189222,440.0,0.0,0.8235709662985506,23.267949192431125,0,0
2025-03-15 22:00:00,27.4022225211328,78.32962913144534,440.0,0.0,0.7910426825183652,23.068148347421864,0,0
2025-03-15 23:00:00,27.3,80.57962913144534,440.0,0.0,0.7046824981313858,23.0,0,0
2025-03-16 00:00:00,27.0022225211328,82.82962913144534,440.0,0.0,0.6122619573886132,23.56814834742186,0,0
2025-03-16 01:00:00,25.801923788646683,77.7301270189222,400.0,0.0,0.7398677356485815,21.347949192431123,0,1
2025-03-16 02:00:00,26.27867965644036,76.93553390593274,400.0,0.0,0.7881623058832794,21.665786437626902,0,1
2025-03-16 03:00:00,26.9,75.9,400.0,0.0,0.8542188776649773,22.08,0,1
2025-03-16 04:00:00,27.623542864692435,74.69409522551261,400.0,0.0,0.9357775311433524,22.56236190979496,0,1
2025-03-16 05:00:00,28.4,73.4,400.0,0.0,1.0291177485966518,23.08,0,1
2025-03-16 06:00:00,29.17645713530756,72.1059047744874,400.0,0.0,1.12879216842244,23.59763809020504,0,1
2025-03-16 07:00:00,31.28364661511808,70.20817669244097,396.5408834622048,69.18233075590379,1.3601906675274318,25.325281953606268,0,1
2025-03-16 08:00:00,33.19432034355964,68.52796609406727,393.3175,133.64999999999998,1.600426941574534,26.899913562373094,0,1
2025-03-16 09:00:00,34.7782690635766,67.17977655496617,390.5495178694418,189.00964261116417,1.82288086053038,28.214224374569834,0,1
2025-03-16 10:00:00,35.92754928749881,66.25548496423886,388.425570478421,231.48859043158043,1.9968053521139812,29.178646280346584,0,1
2025-03-16 11:00:00,36.56383946734136,65.81808026632933,387.0904013316466,258.191973367068,2.0944190192228356,29.727455520607226,0,1
2025-03-16 12:00:00,36.64377747886721,65.89737086855466,386.635,267.3,2.098704976181023,29.82325165257814,0,1
2025-03-16 13:00:00,32.498076211353315,73.6698729810778,440.0,258.191973367068,1.2876088366997105,27.232050807568875,0,0
2025-03-16 14:00:00,32.02132034355964,74.46446609406726,440.0,231.4885904315805,1.21562085433717,26.91421356237309,0,0
2025-03-16 15:00:00,31.4,75.5,440.0,189.00964261116417,1.125999742578648,26.5,0,0
2025-03-16 16:00:00,30.67645713530756,76.7059047744874,440.0,133.64999999999998,1.0273860266050658,26.01763809020504,0,0
2025-03-16 17:00:00,29.9,78.0,440.0,69.18233075590388,0.9281334472366755,25.5,0,0
2025-03-16 18:00:00,29.123542864692435,79.2940952255126,440.0,3.2734808941208754e-14,0.835351765561973,24.98236190979496,0,0
2025-03-16 19:00:00,28.4,80.5,440.0,0.0,0.7544284247231096,24.5,0,0
2025-03-16 20:00:00,27.77867965644036,81.53553390593274,440.0,0.0,0.6890001556909753,24.085786437626904,0,0
2025-03-16 21:00:00,27.301923788646683,82.3301270189222,440.0,0.0,0.6412365931436226,23.76794919243112,0,0
2025-03-16 22:00:00,27.10096189432334,82.82962913144534,440.0,0.0,0.6158175489824724,23.56814834742186,0,0
2025-03-16 23:00:00,26.9,83.0,440.0,0.0,0.602561034037536,23.5,0,0
2025-03-17 00:00:00,28.4022225211328,80.72962913144535,440.0,0.0,0.7456405811875579,24.548148347421865,0,0
2025-03-17 01:00:00,28.04045108878658,75.63012701892221,400.0,0.0,0.9233360699003166,22.327949192431127,0,1
2025-03-17 02:00:00,27.67867965644036,74.83553390593275,400.0,0.0,0.9335474369785901,22.64578643762691,0,1
2025-03-17 03:00:00,28.3,73.80000000000001,400.0,0.0,1.0077728795657992,23.06,0,1
2025-03-17 04:00:00,29.02354286469244,72.59409522551262,400.0,0.0,1.099286648443339,23.542361909794963,0,1
2025-03-17 05:00:00,29.8,71.30000000000001,400.0,0.0,1.203859559333275,24.06,0,1
2025-03-17 06:00:00,30.576457135307564,70.0059047744874,400.0,0.0,1.3153586751678643,24.57763809020505,0,1
2025-03-17 07:00:00,32.53404920704882,68.1829753964756,396.914876982378,61.702460352440944,1.559085802406228,26.170644286343936,0,1
2025-03-17 08:00:00,34.30532034355964,66.57246609406728,394.04,119.2,1.8085488127066927,27.6198135623731,0,1
2025-03-17 09:00:00,35.76956134405077,65.28413041472908,391.57128716825633,168.57425663487294,2.036534685847905,28.826387426996583,0,1
2025-03-17 10:00:00,36.82698660411141,64.40576630593256,389.6769771868895,206.46045626221016,2.212510609893971,29.708139865297923,0,1
2025-03-17 11:00:00,37.40553433974628,63.99723283012687,388.4861641506343,222.43022813110508,2.309487196401049,30.20498090577165,0,1
2025-03-17 12:00:00,37.46577747886721,64.08637086855467,388.08,238.4,2.311316956954408,30.283051652578145,0,1
2025-03-17 13:00:00,33.89807621135331,71.56987298107781,440.0,230.2767169873139,1.5037113831939435,28.212050807568875,0,0
2025-03-17 14:00:00,33.42132034355964,72.36446609406727,440.0,206.4604562622102,1.423298901317162,27.894213562373096,0,0
2025-03-17 15:00:00,32.8,73.4,440.0,168.57425663487294,1.323081870232284,27.48,0,0
2025-03-17 16:00:00,32.076457135307564,74.6059047744874,440.0,119.2,1.2126587179082249,26.997638090205044,0,0
2025-03-17 17:00:00,31.3,75.9,440.0,61.702460352441015,1.1013445475265597,26.480000000000004,0,0
2025-03-17 18:00:00,30.52354286469244,77.19409522551261,440.0,2.91955796916729e-14,0.9971099244007042,25.96236190979496,0,0
2025-03-17 19:00:00,29.8,78.4,440.0,0.0,0.9060406439581444,25.480000000000004,0,0
2025-03-17 20:00:00,29.17867965644036,79.43553390593274,440.0,0.0,0.8322903374023796,25.065786437626908,0,0
2025-03-17 21:00:00,28.701923788646685,80.2301270189222,440.0,0.0,0.7783778927119411,24.747949192431125,0,0
2025-03-17 22:00:00,28.4022225211328,80.72962913144535,440.0,0.0,0.7456405811875579,24.548148347421865,0,0
2025-03-17 23:00:00,28.3,80.9,440.0,0.0,0.7346741221262125,24.118148347421865,0,0
2025-03-18 00:00:00,27.9022225211328,78.92962913144534,440.0,0.0,0.7919222653760619,23.688148347421865,0,0
2025-03-18 01:00:00,26.701923788646685,73.8301270189222,400.0,0.0,0.9168522806734563,21.467949192431124,0,1
2025-03-18 02:00:00,27.17867965644036,73.03553390593274,400.0,0.0,0.971498820241565,21.785786437626907,0,1
2025-03-18 03:00:00,27.8,72.0,400.0,0.0,1.0461177834120177,22.200000000000003,0,1
2025-03-18 04:00:00,28.52354286469244,70.7940952255126,400.0,0.0,1.1380656014281971,22.68236190979496,0,1
2025-03-18 05:00:00,29.3,69.5,400.0,0.0,1.2430730077571002,23.200000000000003,0,1
2025-03-18 06:00:00,30.076457135307564,68.2059047744874,400.0,0.0,1.3549715487468585,23.717638090205043,0,1
2025-03-18 07:00:00,32.15155305352536,66.32422347323732,396.6211173661866,67.57765267626817,1.6149715569464036,25.416397748172827,0,1
2025-03-18 08:00:00,34.03232034355964,64.65896609406727,393.4725,130.54999999999998,1.8832671569930806,26.964113562373093,0,1
2025-03-18 09:00:00,35.590587822709466,63.32361717539972,390.7687209716096,184.6255805678076,2.1304708816028772,28.25531125778941,0,1
2025-03-18 10:00:00,36.4673262437955,62.40917853927348,388.6940383535941,226.11923292811693,2.291172746843813,29.201997845284243,0,1
2025-03-18 11:00:00,37.34406466488152,61.977967667559234,387.3898383377962,252.20323324407576,2.4308877480935385,29.73965819839336,0,1
2025-03-18 12:00:00,37.41977747886721,62.05937086855465,386.945,261.1,2.435679354635094,29.83165165257814,0,1
2025-03-18 13:00:00,33.39807621135331,69.7698729810778,440.0,252.20323324407576,1.5549044473070925,27.352050807568872,0,0
2025-03-18 14:00:00,32.92132034355964,70.56446609406726,440.0,226.11923292811696,1.4741288525908254,27.034213562373093,0,0
2025-03-18 15:00:00,32.3,71.6,440.0,184.6255805678076,1.3734176173120742,26.62,0,0
2025-03-18 16:00:00,31.576457135307564,72.80590477448739,440.0,130.54999999999998,1.2623909026567304,26.13763809020504,0,0
2025-03-18 17:00:00,30.8,74.1,440.0,67.57765267626824,1.150397994651566,25.62,0,0
2025-03-18 18:00:00,30.02354286469244,75.3940952255126,440.0,3.1975527925737395e-14,1.0454552180404069,25.10236190979496,0,0
2025-03-18 19:00:00,29.3,76.6,440.0,0.0,0.9537019141480706,24.62,0,0
2025-03-18 20:00:00,28.67867965644036,77.63553390593273,440.0,0.0,0.879347265528461,24.205786437626905,0,0
2025-03-18 21:00:00,28.201923788646685,78.43012701892219,440.0,0.0,0.8249613092258495,23.88794919243112,0,0
2025-03-18 22:00:00,27.9022225211328,78.92962913144534,440.0,0.0,0.7919222653760619,23.688148347421865,0,0
2025-03-18 23:00:00,27.8,79.1,440.0,0.0,0.7808522026182563,23.62,0,0
2025-03-19 00:00:00,28.2022225211328,79.52962913144535,440.0,0.0,0.7829233514062219,24.108148347421867,0,0
2025-03-19 01:00:00,27.001923788646685,74.4301270189222,400.0,0.0,0.9117558516025198,21.88794919243113,0,1
2025-03-19 02:00:00,27.47867965644036,73.63553390593275,400.0,0.0,0.96670534278862,22.20578643762691,0,1
2025-03-19 03:00:00,28.1,72.60000000000001,400.0,0.0,1.0417466777917688,22.620000000000005,0,1
2025-03-19 04:00:00,28.82354286469244,71.39409522551261,400.0,0.0,1.1342272962569149,23.10236190979496,0,1
2025-03-19 05:00:00,29.6,70.10000000000001,400.0,0.0,1.2398578133858962,23.620000000000005,0,1
2025-03-19 06:00:00,30.376457135307565,68.8059047744874,400.0,0.0,1.3524353140707521,24.137638090205044,0,1
2025-03-19 07:00:00,32.498658119734024,66.900670940133,396.9912286006832,69.9329059867011,1.618692718340139,25.878792307760623,0,1
2025-03-19 08:00:00,34.423320343559645,65.21346609406727,393.245,135.09999999999997,1.8944483483679702,27.4660135623731,0,1
2025-03-19 09:00:00,36.01928125688542,63.85927045831175,390.4469873861697,191.06025227660515,2.1493923991124517,28.79113534854777,0,1
2025-03-19 10:00:00,37.17777876091832,63.17466943783934,388.2999967948722,234.00006410255529,2.333190571405736,29.763852806424136,0,1
2025-03-19 11:00:00,37.81986316526613,62.49006841736694,386.95034208683467,260.99315826330627,2.4608393386148895,30.31787684873952,0,1
2025-03-19 12:00:00,37.9017774788672,62.56837086855466,386.49,270.2,2.4666145870380842,30.41545165257813,0,1
2025-03-19 13:00:00,33.69807621135332,70.3698729810778,440.0,260.99315826330627,1.549800464896874,27.77205080756888,0,0
2025-03-19 14:00:00,33.22132034355964,71.16446609406727,440.0,234.0000641025553,1.4685737380449901,27.45421356237309,0,0
2025-03-19 15:00:00,32.6,72.2,440.0,191.06025227660515,1.3673099936650008,27.040000000000003,0,0
2025-03-19 16:00:00,31.876457135307565,73.4059047744874,440.0,135.09999999999997,1.255688461303206,26.55763809020505,0,0
2025-03-19 17:00:00,31.1,74.7,440.0,67.55,1.1431127930011367,26.040000000000003,0,0
2025-03-19 18:00:00,30.32354286469244,75.99409522551261,440.0,3.308995651296148e-14,1.037641971063235,25.52236190979496,0,0
2025-03-19 19:00:00,29.6,77.2,440.0,0.0,0.9454434162273724,25.040000000000003,0,0
2025-03-19 20:00:00,28.97867965644036,78.23553390593274,440.0,0.0,0.8707407661437848,24.625786437626907,0,0
2025-03-19 21:00:00,28.501923788646685,79.0301270189222,440.0,0.0,0.8161084112572347,24.307949192431124,0,0
2025-03-19 22:00:00,28.2022225211328,79.52962913144535,440.0,0.0,0.7829233514062219,24.108148347421867,0,0
2025-03-19 23:00:00,28.1,79.7,440.0,0.0,0.7718050204077703,24.040000000000003,0,0
2025-03-20 00:00:00,28.102222521132795,77.82962913144534,440.0,0.0,0.843025434740899,23.668148347421862,0,0
2025-03-20 01:00:00,26.901923788646684,74.88258151868905,400.0,0.0,0.8903815995442064,21.447949192431125,0,1
2025-03-20 02:00:00,27.37867965644036,71.93553390593274,400.0,0.0,1.023039214142418,21.765786437626907,0,1
2025-03-20 03:00:00,28.0,70.9,400.0,0.0,1.0999597359226212,22.18,0,1
2025-03-20 04:00:00,28.72354286469244,69.69409522551261,400.0,0.0,1.1946965985988618,22.66236190979496,0,1
2025-03-20 05:00:00,29.5,68.4,400.0,0.0,1.302831808324453,23.18,0,1
2025-03-20 06:00:00,30.276457135307563,67.1059047744874,400.0,0.0,1.4180028761752208,23.697638090205043,0,1
2025-03-20 07:00:00,32.337576825089826,65.23121158745509,396.6560579372754,66.87884125449135,1.6849764851771423,25.383819142580844,0,1
2025-03-20 08:00:00,34.20532034355964,63.57246609406726,393.54,129.19999999999996,1.9599369915708178,26.919813562373093,0,1
2025-03-20 09:00:00,35.75240405652539,62.24270905849177,390.8641803870698,182.7163922586039,2.212865625498627,28.200945868223748,0,1
2025-03-20 10:00:00,36.87339676562518,61.33256122517567,388.81095178310505,223.7809643378989,2.4096288436641378,29.139909010660315,0,1
2025-03-20 11:00:00,37.4919046702619,60.90404766486905,387.52023832434526,249.5952335130952,2.5196945395642274,29.67271420323572,0,1
2025-03-20 12:00:00,37.5657774788672,60.98637086855465,387.08,258.4,2.5244873069469427,29.76305165257813,0,1
2025-03-20 13:00:00,33.59807621135332,68.66987298107782,440.0,249.5952335130952,1.6295963395765276,27.33205080756888,0,0
2025-03-20 14:00:00,33.121320343559645,69.58493649053891,440.0,223.7809643378989,1.5403646560358717,27.014213562373097,0,0
2025-03-20 15:00:00,32.5,70.5,440.0,182.7163922586039,1.4427797844243724,26.6,0,0
2025-03-20 16:00:00,31.776457135307563,71.7059047744874,440.0,129.19999999999996,1.3284192961883645,26.11763809020504,0,0
2025-03-20 17:00:00,31.0,73.0,440.0,66.87884125449142,1.2129999078020175,25.6,0,0
2025-03-20 18:00:00,30.22354286469244,74.2940952255126,440.0,3.16448732899676e-14,1.104781568486749,25.08236190979496,0,0
2025-03-20 19:00:00,29.5,75.5,440.0,0.0,1.0101069399983893,24.6,0,0
2025-03-20 20:00:00,28.87867965644036,76.53553390593274,440.0,0.0,0.9333411898887691,24.185786437626906,0,0
2025-03-20 21:00:00,28.401923788646684,77.3301270189222,440.0,0.0,0.8771644433947939,23.867949192431123,0,0
2025-03-20 22:00:00,28.102222521132795,77.82962913144534,440.0,0.0,0.843025434740899,23.668148347421862,0,0
2025-03-20 23:00:00,28.0,78.0,440.0,0.0,0.8315846800789578,23.6,0,0
2025-03-21 00:00:00,27.302222521132794,82.02962913144535,440.0,0.0,0.6521530121376378,23.708148347421865,0,0
2025-03-21 01:00:00,26.101923788646683,76.9301270189222,400.0,0.0,0.7801645241055788,21.487949192431124,0,1
2025-03-21 02:00:00,26.57867965644036,76.13553390593275,400.0,0.0,0.8300433839433257,21.805786437626907,0,1
2025-03-21 03:00:00,27.2,75.10000000000001,400.0,0.0,0.8982396873288524,22.22,0,1
2025-03-21 04:00:00,27.92354286469244,73.89409522551261,400.0,0.0,0.9824005754950792,22.70236190979496,0,1
2025-03-21 05:00:00,28.7,72.60000000000001,400.0,0.0,1.078670459808224,23.22,0,1
2025-03-21 06:00:00,29.47645713530756,71.3059047744874,400.0,0.0,1.1814221180373468,23.73763809020504,0,1
2025-03-21 07:00:00,31.41903770243287,69.49048114878357,396.9524057439178,60.95188512164364,1.4037081956313593,25.317133932189584,0,1
2025-03-21 08:00:00,33.02379342658741,67.88696609406728,394.1125,117.75,1.6174901590087722,26.753713562373093,0,1
2025-03-21 09:00:00,34.628549150741954,66.60463651138349,391.6738176515284,166.52364696943195,1.8395061539042252,27.94947645301865,0,1
2025-03-21 10:00:00,35.67675713069191,65.73088104264231,389.8025508704382,203.94898259123528,2.000095985147315,28.822933339220373,0,1
2025-03-21 11:00:00,36.24951064182151,65.32524467908925,388.62622339544623,227.4755320910756,2.088395791123337,29.31455957763936,0,1
2025-03-21 12:00:00,36.3077774788672,65.41537086855466,388.225,235.5,2.089623801893897,29.39085165257813,0,1
2025-03-21 13:00:00,32.79807621135332,69.53991848131096,440.0,227.4755320910756,1.514918291272467,27.37205080756888,0,0
2025-03-21 14:00:00,32.32132034355964,73.66446609406727,440.0,203.9489825912353,1.275112285217645,27.054213562373093,0,0
2025-03-21 15:00:00,31.7,74.7,440.0,166.52364696943195,1.1827143256659043,26.64,0,0
2025-03-21 16:00:00,30.97645713530756,75.9059047744874,440.0,117.75,1.080999472667868,26.15763809020504,0,0
2025-03-21 17:00:00,30.2,77.2,440.0,60.9518851216437,0.9785721336862923,25.64,0,0
2025-03-21 18:00:00,29.42354286469244,78.49409522551261,440.0,2.8840432119920165e-14,0.8827683146989086,25.12236190979496,0,0
2025-03-21 19:00:00,28.7,79.7,440.0,0.0,0.7991609610987938,24.64,0,0
2025-03-21 20:00:00,28.07867965644036,80.73553390593274,440.0,0.0,0.7315260071681676,24.225786437626905,0,0
2025-03-21 21:00:00,27.601923788646683,81.5301270189222,440.0,0.0,0.6821287716822659,23.90794919243112,0,0
2025-03-21 22:00:00,27.302222521132794,82.02962913144535,440.0,0.0,0.6521530121376378,23.708148347421865,0,0
2025-03-21 23:00:00,27.2,82.2,440.0,0.0,0.6421151178495411,23.64,0,0
2025-03-22 00:00:00,26.9022225211328,85.42962913144534,440.0,0.0,0.5165107897470377,23.988148347421863,0,0
2025-03-22 01:00:00,25.701923788646685,80.3301270189222,400.0,0.0,0.6496295671703362,21.767949192431125,0,1
2025-03-22 02:00:00,26.17867965644036,79.53553390593274,400.0,0.0,0.6952001392956342,22.085786437626908,0,1
2025-03-22 03:00:00,26.8,78.5,400.0,0.0,0.7575997124541344,22.5,0,1
2025-03-22 04:00:00,27.52354286469244,77.2940952255126,400.0,0.0,0.8347428187661251,22.98236190979496,0,1
2025-03-22 05:00:00,28.3,76.0,400.0,0.0,0.9231507293732515,23.5,0,1
2025-03-22 06:00:00,29.076457135307564,74.7059047744874,400.0,0.0,1.0176852505928764,24.017638090205043,0,1
2025-03-22 07:00:00,30.96934444577319,72.9153277771134,397.07663888556704,58.46722228865944,1.2146818671008361,25.55241000119587,0,1
2025-03-22 08:00:00,32.68032034355964,71.33496609406727,394.3525,112.95,1.4162388318456012,26.947313562373097,0,1
2025-03-22 09:00:00,34.09278464875414,70.07251876237738,392.01322890649794,159.7354218700411,1.6001631482292256,28.107288401229617,0,1
2025-03-22 10:00:00,35.1104802531653,69.21401948140561,390.2182430642548,195.63513871490468,1.7415955977587356,28.95328414944642,0,1
2025-03-22 11:00:00,35.66405288317401,68.817973558413,389.089867792065,218.2026441587005,1.8186485511085617,29.42764759485661,0,1
2025-03-22 12:00:00,35.7157774788672,68.91137086855466,388.705,225.9,1.8183661332388912,29.49805165257813,0,1
2025-03-22 13:00:00,32.39807621135331,76.2698729810778,440.0,218.2026441587005,1.1539448419297764,27.65205080756888,0,0
2025-03-22 14:00:00,31.921320343559643,77.06446609406726,440.0,195.6351387149047,1.0856938492494979,27.33421356237309,0,0
2025-03-22 15:00:00,31.3,78.1,440.0,146.72635403617855,1.0008068709888658,26.92,0,0
2025-03-22 16:00:00,30.576457135307564,79.30590477448739,440.0,97.81756935745237,0.9075172121369666,26.43763809020504,0,0
2025-03-22 17:00:00,29.8,80.6,440.0,48.90878467872619,0.8137587265179634,25.92,0,0
2025-03-22 18:00:00,29.02354286469244,81.8940952255126,440.0,2.7664771192738717e-14,0.7262514972725544,25.40236190979496,0,0
2025-03-22 19:00:00,28.3,83.1,440.0,0.0,0.6500519719336648,24.92,0,0
2025-03-22 20:00:00,27.67867965644036,84.13553390593273,440.0,0.0,0.5885374879716556,24.505786437626902,0,0
2025-03-22 21:00:00,27.201923788646685,84.93012701892219,440.0,0.0,0.5436901011743114,24.187949192431123,0,0
2025-03-22 22:00:00,26.9022225211328,85.42962913144534,440.0,0.0,0.5165107897470377,23.988148347421863,0,0
2025-03-22 23:00:00,26.8,85.6,440.0,0.0,0.5074156213646296,23.92,0,0
2025-03-23 00:00:00,28.0022225211328,79.32962913144534,440.0,0.0,0.781426740374166,23.86814834742186,0,0
2025-03-23 01:00:00,26.801923788646683,74.2301270189222,400.0,0.0,0.9081607101276957,21.647949192431124,0,1
2025-03-23 02:00:00,27.27867965644036,73.43553390593274,400.0,0.0,0.9627089889131919,21.965786437626903,0,1
2025-03-23 03:00:00,27.9,72.4,400.0,0.0,1.0372016826012271,22.38,0,1
2025-03-23 04:00:00,28.623542864692435,71.19409522551261,400.0,0.0,1.1290052711270226,22.86236190979496,0,1
2025-03-23 05:00:00,29.4,69.9,400.0,0.0,1.23386165439654,23.38,0,1
2025-03-23 06:00:00,30.17645713530756,68.6059047744874,400.0,0.0,1.345613505264814,23.89763809020504,0,1
2025-03-23 07:00:00,32.15734292110805,66.77132853944599,396.85664269722986,62.86714605540229,1.5940508315555397,25.511608628997244,0,1
2025-03-23 08:00:00,33.95032034355964,65.14996609406727,393.9275,121.45,1.8486424248196673,26.98031356237309,0,1
2025-03-23 09:00:00,35.43320095435756,63.85231060957568,391.41218814248936,171.7562371502124,2.0816414930698213,28.203663076272694,0,1
2025-03-23 10:00:00,36.50492889045201,62.96679516276225,389.482121471038,210.35757057924013,2.2618309795508793,29.098287923004456,0,1
2025-03-23 11:00:00,37.09246766411229,62.55376616794385,388.26883083971927,234.6233832056147,2.361541909307905,29.60322089770106,0,1
2025-03-23 12:00:00,37.15577747886721,62.64137086855465,387.855,242.9,2.3641481184108604,29.684051652578137,0,1
2025-03-23 13:00:00,33.498076211353315,70.1698729810778,440.0,234.6233832056147,1.5429320778582212,27.53205080756888,0,0
2025-03-23 14:00:00,33.02132034355964,70.96446609406726,440.0,210.35757057924016,1.4622778129596996,27.21421356237309,0,0
2025-03-23 15:00:00,32.4,72.0,440.0,171.7562371502124,1.3617271354548044,26.8,0,0
2025-03-23 16:00:00,31.67645713530756,73.2059047744874,440.0,121.45,1.2508905582689747,26.31763809020504,0,0
2025-03-23 17:00:00,30.9,74.5,440.0,62.86714605540236,1.1391050593885121,25.8,0,0
2025-03-23 18:00:00,30.123542864692435,75.7940952255126,440.0,2.9746670751289214e-14,1.034372728562932,25.28236190979496,0,0
2025-03-23 19:00:00,29.4,77.0,440.0,0.0,0.9428178754525058,24.8,0,0
2025-03-23 20:00:00,28.77867965644036,78.03553390593274,440.0,0.0,0.8686351810279068,24.385786437626905,0,0
2025-03-23 21:00:00,28.301923788646683,78.8301270189222,440.0,0.0,0.8143819974145037,24.06794919243112,0,0
2025-03-23 22:00:00,28.0022225211328,79.32962913144534,440.0,0.0,0.781426740374166,23.86814834742186,0,0
2025-03-23 23:00:00,27.9,79.5,440.0,0.0,0.7703853077291725,23.8,0,0
2025-03-24 00:00:00,27.75096189432334,77.62962913144534,440.0,0.0,0.8334002036612228,24.328148347421862,0,0
2025-03-24 01:00:00,27.601923788646683,72.5301270189222,400.0,0.0,1.0145164903974897,22.10794919243112,0,1
2025-03-24 02:00:00,28.07867965644036,71.73553390593274,400.0,0.0,1.073281342216932,22.425786437626904,0,1
2025-03-24 03:00:00,28.7,70.7,400.0,0.0,1.1534687763642688,22.84,0,1
2025-03-24 04:00:00,29.42354286469244,69.49409522551261,400.0,0.0,1.2521977767746117,23.32236190979496,0,1
2025-03-24 05:00:00,30.2,68.2,400.0,0.0,1.3648506075098286,23.84,0,1
2025-03-24 06:00:00,30.97645713530756,66.9059047744874,400.0,0.0,1.4847911553581994,24.357638090205043,0,1
2025-03-24 07:00:00,33.03395335845839,65.03302332077081,396.9912286006832,66.69766792291959,1.762243182166723,26.04055802261255,0,1
2025-03-24 08:00:00,34.89832034355964,63.37596609406726,393.5575,128.84999999999997,2.0477080411104924,27.57351356237309,0,1
2025-03-24 09:00:00,36.442504561588784,62.04765880596007,390.8889291244113,182.2214175117733,2.3100697491387554,28.8520363227808,0,1
2025-03-24 10:00:00,37.5612724099722,61.13862340300215,388.8412626722375,223.1747465552498,2.5140209360636168,29.58628993030264,0,1
2025-03-24 11:00:00,38.17838170869386,60.710809145653066,387.55404572826535,248.9190854346929,2.6280243464936794,30.32054353782448,0,1
2025-03-24 12:00:00,38.2517774788672,60.79337086855465,387.115,257.7,2.6329141606680033,30.41045165257813,0,1
2025-03-24 13:00:00,34.29807621135332,68.4698729810778,440.0,248.9190854346929,1.7052059349739963,27.99205080756888,0,0
2025-03-24 14:00:00,33.82132034355964,69.26446609406726,440.0,215.5702514732331,1.6187079207218622,27.67421356237309,0,0
2025-03-24 15:00:00,33.2,70.3,440.0,182.2214175117733,1.5107953829876368,27.26,0,0
2025-03-24 16:00:00,32.47645713530756,71.50590477448739,440.0,128.84999999999997,1.3917371343090015,26.77763809020504,0,0
2025-03-24 17:00:00,31.7,72.8,440.0,66.69766792291966,1.2715347690953596,26.26,0,0
2025-03-24 18:00:00,30.92354286469244,74.0940952255126,440.0,33.34883396145983,1.1587902733268707,25.74236190979496,0,0
2025-03-24 19:00:00,30.2,75.3,440.0,0.0,1.0601198114934833,25.26,0,0
2025-03-24 20:00:00,29.57867965644036,76.33553390593273,440.0,0.0,0.9800871084072569,24.845786437626906,0,0
2025-03-24 21:00:00,29.101923788646683,77.1301270189222,440.0,0.0,0.9215031144584399,24.527949192431123,0,0
2025-03-24 22:00:00,28.802222521132794,77.62962913144534,440.0,0.0,0.8858939754884363,24.328148347421862,0,0
2025-03-24 23:00:00,28.7,77.8,440.0,0.0,0.8739592776548385,24.26,0,0
2025-03-25 00:00:00,27.90096189432334,77.44705764344803,440.0,0.0,0.8475819164797443,23.228148347421865,0,0
2025-03-25 01:00:00,27.101923788646683,77.09411528689606,400.0,0.0,0.821568812801711,21.007949192431123,0,1
2025-03-25 02:00:00,27.57867965644036,76.74117293034409,400.0,0.0,0.8578288964459241,21.325786437626903,0,1
2025-03-25 03:00:00,28.2,76.38823057379213,400.0,0.0,0.9029546793644829,21.74,0,1
2025-03-25 04:00:00,28.92354286469244,76.03528821724015,400.0,0.0,0.9557157892634347,22.22236190979496,0,1
2025-03-25 05:00:00,29.7,75.68234586068819,400.0,0.0,1.0141914018250846,22.74,0,1
2025-03-25 06:00:00,30.47645713530756,75.32940350413622,400.0,0.0,1.07573882994679,23.25763809020504,0,1
2025-03-25 07:00:00,32.704773928226054,74.97646114758425,396.2380651794349,75.23869641130278,1.2380261554980636,25.094296535403448,0,1
2025-03-25 08:00:00,34.72832034355964,74.62351879103228,392.7325,145.34999999999997,1.4055523339085627,26.77051356237309,0,1
2025-03-25 09:00:00,36.40919503717191,74.27057643448032,389.7222029354536,198.55179244006814,1.5632388236626285,28.172057750805607,0,1
2025-03-25 10:00:00,37.632849176469925,73.91763407792835,387.4123207559932,251.7535848801363,1.6938833291642101,29.203416180420582,0,1
2025-03-25 11:00:00,38.31589275404465,73.56469172137638,385.9602681148884,280.79463770223214,1.7814109737965795,29.79430347864018,0,1
2025-03-25 12:00:00,38.4117774788672,73.21174936482441,385.465,290.7,1.8145538543971298,29.90445165257813,0,1
2025-03-25 13:00:00,33.79807621135332,72.85880700827245,440.0,280.79463770223214,1.427558147248364,26.89205080756888,0,0
2025-03-25 14:00:00,33.32132034355964,72.50586465172047,440.0,251.75358488013632,1.4081177466321235,26.57421356237309,0,0
2025-03-25 15:00:00,32.7,72.15292229516851,440.0,205.55594129092933,1.3773495387650116,26.160000000000004,0,0
2025-03-25 16:00:00,31.97645713530756,71.79997993861654,440.0,145.34999999999997,1.3390648051075786,25.67763809020504,0,0
2025-03-25 17:00:00,31.2,71.44703758206457,440.0,75.23869641130285,1.2974464942460042,25.16,0,0
2025-03-25 18:00:00,30.42354286469244,71.0940952255126,440.0,3.5600482451213566e-14,1.2566087711130514,24.64236190979496,0,0
2025-03-25 19:00:00,29.7,72.3,440.0,0.0,1.1552554234719399,24.16,0,0
2025-03-25 20:00:00,29.07867965644036,73.33553390593273,440.0,0.0,1.0729586138476621,23.745786437626904,0,0
2025-03-25 21:00:00,28.601923788646683,74.1301270189222,440.0,0.0,1.0126621480847218,23.42794919243112,0,0
2025-03-25 22:00:00,28.302222521132794,74.62962913144534,440.0,0.0,0.9759875218396044,23.228148347421865,0,0
2025-03-25 23:00:00,28.2,74.8,440.0,0.0,0.9636913485496208,23.16,0,0
2025-03-26 00:00:00,28.0022225211328,72.5650635094611,440.0,0.0,1.0371557012935744,23.08814834742186,0,0
2025-03-26 01:00:00,26.801923788646683,70.3301270189222,400.0,0.0,1.045601308771651,20.867949192431123,0,1
2025-03-26 02:00:00,27.27867965644036,69.53553390593274,400.0,0.0,1.1040468589635892,21.185786437626906,0,1
2025-03-26 03:00:00,27.9,68.5,400.0,0.0,1.1837627899253138,21.6,0,1
2025-03-26 04:00:00,28.623542864692435,67.2940952255126,400.0,0.0,1.2818600622494012,22.082361909794955,0,1
2025-03-26 05:00:00,29.4,66.0,400.0,0.0,1.393730772408052,22.6,0,1
2025-03-26 06:00:00,30.17645713530756,64.7059047744874,400.0,0.0,1.512775279886306,23.11763809020504,0,1
2025-03-26 07:00:00,32.36491579528027,62.76754210235986,396.33771051179934,73.24578976401337,1.8071541019184558,24.91842421575224,0,1
2025-03-26 08:00:00,34.35132034355964,61.049466094067256,392.925,141.49999999999997,2.112754094181659,26.56121356237309,0,1
2025-03-26 09:00:00,36.00030059286917,59.66876079031987,389.9944390462104,200.11121907579297,2.396117512356041,27.934052750933148,0,1
2025-03-26 10:00:00,37.19948126428713,58.719518975844686,387.74574053645017,245.08518927099607,2.6185506286780598,28.943385059456062,0,1
2025-03-26 11:00:00,37.86714017679613,58.26642991160193,386.3321495580097,273.3570088398063,2.744947341764874,29.520426159116514,0,1
2025-03-26 12:00:00,37.9577774788672,58.34037086855465,385.85,283.0,2.753554712123879,29.62585165257813,0,1
2025-03-26 13:00:00,33.498076211353315,66.26987298107781,440.0,273.3570088398063,1.744655493243948,26.75205080756888,0,0
2025-03-26 14:00:00,33.02132034355964,67.06446609406726,440.0,245.08518927099607,1.6586883039470062,26.43421356237309,0,0
2025-03-26 15:00:00,32.4,68.1,440.0,200.11121907579297,1.5513962721788666,26.02,0,0
2025-03-26 16:00:00,31.67645713530756,69.30590477448739,440.0,141.49999999999997,1.4329632551146534,25.53763809020504,0,0
2025-03-26 17:00:00,30.9,70.6,440.0,73.24578976401345,1.3133211272949905,25.02,0,0
2025-03-26 18:00:00,30.123542864692435,71.8940952255126,440.0,3.4657504415870104e-14,1.2010284961939466,24.50236190979496,0,0
2025-03-26 19:00:00,29.4,73.1,440.0,0.0,1.1026869934640178,24.02,0,0
2025-03-26 20:00:00,28.77867965644036,74.13553390593273,440.0,0.0,1.0228696245832585,23.605786437626904,0,0
2025-03-26 21:00:00,28.301923788646683,74.93012701892219,440.0,0.0,0.9644107572826167,23.28794919243112,0,0
2025-03-26 22:00:00,28.0022225211328,75.42962913144534,440.0,0.0,0.9288631026358339,23.08814834742186,0,0
2025-03-26 23:00:00,27.9,75.6,440.0,0.0,0.9169464150532595,23.02,0,0
2025-03-27 00:00:00,29.102222521132795,75.72962913144535,440.0,0.0,0.9779506940708808,24.248148347421864,0,0
2025-03-27 01:00:00,27.901923788646684,70.63012701892221,400.0,0.0,1.1038368349111907,22.027949192431127,0,1
2025-03-27 02:00:00,28.37867965644036,69.83553390593275,400.0,0.0,1.1655784857641325,22.345786437626906,0,1
2025-03-27 03:00:00,29.0,68.80000000000001,400.0,0.0,1.2497714112268066,22.76,0,1
2025-03-27 04:00:00,29.72354286469244,67.59409522551262,400.0,0.0,1.3533499826630275,23.24236190979496,0,1
2025-03-27 05:00:00,30.5,66.30000000000001,400.0,0.0,1.4714361310089943,23.76,0,1
2025-03-27 06:00:00,31.276457135307563,65.0059047744874,400.0,0.0,1.5970557930256917,24.277638090205045,0,1
2025-03-27 07:00:00,33.40849324344792,63.09575337827605,396.4787668913802,70.4246621723959,1.899297882015345,26.02764391910313,0,1
2025-03-27 08:00:00,35.34232034355964,61.40396609406727,393.1975,136.04999999999998,2.2115298090926525,27.623113562373096,0,1
2025-03-27 09:00:00,36.94615131457051,60.045835429469214,390.379812241957,192.4037551608596,2.4997060517549503,28.95531840046435,0,1
2025-03-27 10:00:00,38.11068772626212,59.1139157448572,388.2177243815127,235.64551236974577,2.7248575184801043,29.93347087523356,0,1
2025-03-27 11:00:00,38.75656834666511,58.67171582666745,386.8585791333372,262.8284173332555,2.8519080154419334,30.490911511998604,0,1
2025-03-27 12:00:00,38.839777478867205,58.74937086855466,386.395,272.1,2.8593115040965915,30.589651652578137,0,1
2025-03-27 13:00:00,34.59807621135332,66.56987298107782,440.0,262.8284173332555,1.8383133883965512,27.91205080756888,0,0
2025-03-27 14:00:00,34.121320343559645,67.36446609406727,440.0,235.6455123697458,1.7477298246512876,27.5942135623731,0,0
2025-03-27 15:00:00,33.5,68.4,440.0,192.4037551608596,1.634652637964144,27.18,0,0
2025-03-27 16:00:00,32.77645713530757,69.6059047744874,440.0,136.04999999999998,1.5098016342418539,26.697638090205047,0,0
2025-03-27 17:00:00,32.0,70.9,440.0,70.42466217239597,1.3836396403121873,26.18,0,0
2025-03-27 18:00:00,31.22354286469244,72.19409522551261,440.0,3.332263940479948e-14,1.2651921524310352,25.66236190979496,0,0
2025-03-27 19:00:00,30.5,73.4,440.0,0.0,1.1614302992533903,25.18,0,0
2025-03-27 20:00:00,29.87867965644036,74.43553390593274,440.0,0.0,1.0771915471051368,24.765786437626907,0,0
2025-03-27 21:00:00,29.401923788646684,75.2301270189222,440.0,0.0,1.015481203163748,24.447949192431125,0,0
2025-03-27 22:00:00,29.102222521132795,75.72962913144535,440.0,0.0,0.9779506940708808,24.248148347421864,0,0
2025-03-27 23:00:00,29.0,75.9,440.0,0.0,0.9653683016207069,24.18,0,0
2025-03-28 00:00:00,29.102222521132795,73.62962913144534,440.0,0.0,1.0625681261106066,23.828148347421862,0,0
2025-03-28 01:00:00,27.901923788646684,68.5301270189222,400.0,0.0,1.182763201218834,21.607949192431125,0,1
2025-03-28 02:00:00,28.37867965644036,67.73553390593274,400.0,0.0,1.2467241229012702,21.925786437626904,0,1
2025-03-28 03:00:00,29.0,66.7,400.0,0.0,1.3338906408286115,22.34,0,1
2025-03-28 04:00:00,29.72354286469244,65.49409522551261,400.0,0.0,1.4410511279749727,22.82236190979496,0,1
2025-03-28 05:00:00,30.5,64.2,400.0,0.0,1.5631279967395257,23.34,0,1
2025-03-28 06:00:00,31.276457135307563,62.90590477448739,400.0,0.0,1.6928953094852817,23.857638090205043,0,1
2025-03-28 07:00:00,33.46284524291945,60.968577378540274,396.34288689270136,73.14226214597237,2.0148879194066764,25.656560718627503,0,1
2025-03-28 08:00:00,35.447320343559646,59.25146609406726,392.935,141.29999999999998,2.348416954193365,27.297613562373098,0,1
2025-03-28 09:00:00,37.09464373861968,57.87158921744462,390.0085811818341,199.8283763633184,2.657137500595711,28.668961582108604,0,1
2025-03-28 10:00:00,38.29255306105685,56.92298307745983,387.7630610445259,244.7387791094824,2.899202013132931,29.67714967654881,0,1
2025-03-28 11:00:00,38.95941277018581,56.470293614907085,386.3514680745355,272.9706385092907,3.0367414090346814,30.25347149316724,0,1
2025-03-28 12:00:00,39.049777478867206,56.54437086855465,385.87,282.6,3.0463148540564617,30.358651652578136,0,1
2025-03-28 13:00:00,34.59807621135332,64.4698729810778,440.0,272.9706385092907,1.953791804420747,27.49205080756888,0,0
2025-03-28 14:00:00,34.121320343559645,65.26446609406726,440.0,244.7387791094824,1.8601910652838638,27.174213562373097,0,0
2025-03-28 15:00:00,33.5,66.3,440.0,199.8283763633184,1.7432846170693568,26.76,0,0
2025-03-28 16:00:00,32.77645713530757,67.50590477448739,440.0,141.29999999999998,1.6141174037485093,26.277638090205045,0,0
2025-03-28 17:00:00,32.0,68.8,440.0,73.14226214597244,1.483489923633686,25.76,0,0
2025-03-28 18:00:00,31.22354286469244,70.0940952255126,440.0,3.4608518543904213e-14,1.3607439261155572,25.24236190979496,0,0
2025-03-28 19:00:00,30.5,71.3,440.0,0.0,1.2531221649839217,24.76,0,0
2025-03-28 20:00:00,29.87867965644036,72.33553390593273,440.0,0.0,1.165677738860409,24.345786437626906,0,0
2025-03-28 21:00:00,29.401923788646684,73.1301270189222,440.0,0.0,1.1015741164488884,24.027949192431123,0,0
2025-03-28 22:00:00,29.102222521132795,73.62962913144534,440.0,0.0,1.0625681261106066,23.828148347421862,0,0
2025-03-28 23:00:00,29.0,73.8,440.0,0.0,1.0494875312225114,23.76,0,0
2025-03-29 00:00:00,29.102222521132795,68.72962913144534,440.0,0.0,1.2600088008699655,22.848148347421866,0,0
2025-03-29 01:00:00,27.901923788646684,63.63012701892219,400.0,0.0,1.3669247226033354,20.62794919243112,0,1
2025-03-29 02:00:00,28.37867965644036,62.835533905932735,400.0,0.0,1.4360639428879254,20.945786437626907,0,1
2025-03-29 03:00:00,29.0,61.8,400.0,0.0,1.5301688432328218,21.36,0,1
2025-03-29 04:00:00,29.72354286469244,60.5940952255126,400.0,0.0,1.6456871337028438,21.84236190979496,0,1
2025-03-29 05:00:00,30.5,59.3,400.0,0.0,1.7770756834440977,22.36,0,1
2025-03-29 06:00:00,31.276457135307563,58.00590477448739,400.0,0.0,1.9165208478909899,22.87763809020504,0,1
2025-03-29 07:00:00,33.605195717725834,56.109935434277325,395.9870107056854,80.25978588629168,2.283793162005812,24.80467614595325,0,1
2025-03-29 08:00:00,35.722320343559645,54.21396609406726,392.2475,155.04999999999998,2.6789771833083478,26.565113562373096,0,1
2025-03-29 09:00:00,37.483552468272286,52.777134852618325,389.0363093577026,219.2738128459484,3.0420865166991753,28.038979438795952,0,1
2025-03-29 10:00:00,38.76886703313829,51.78482609141911,386.5722761143223,268.55447771355443,3.3293472802353383,29.12583225142212,0,1
2025-03-29 11:00:00,39.490671974644805,51.3046640126776,385.023320063388,299.5335987322401,3.495223556212966,29.75160477718033,0,1
2025-03-29 12:00:00,39.5997774788672,51.369370868554654,384.495,310.1,3.511002446969067,28.131827792374605,0,1
2025-03-29 13:00:00,34.59807621135332,59.56987298107781,440.0,299.5335987322401,2.2232414418105337,26.51205080756888,0,0
2025-03-29 14:00:00,34.121320343559645,60.36446609406726,440.0,268.5544777135545,2.1226006267598754,26.194213562373097,0,0
2025-03-29 15:00:00,33.5,61.4,440.0,219.2738128459484,1.996759234981518,25.78,0,0
2025-03-29 16:00:00,32.77645713530757,62.60590477448739,440.0,155.04999999999998,1.8575208659307039,25.297638090205044,0,0
2025-03-29 17:00:00,32.0,63.9,440.0,80.25978588629178,1.7164739180505144,24.78,0,0
2025-03-29 18:00:00,31.22354286469244,65.1940952255126,440.0,3.7976297241559424e-14,1.5836980647127743,24.262361909794954,0,0
2025-03-29 19:00:00,30.5,66.4,440.0,0.0,1.4670698516884932,23.78,0,0
2025-03-29 20:00:00,29.87867965644036,67.43553390593274,440.0,0.0,1.3721455196227101,23.36578643762691,0,0
2025-03-29 21:00:00,29.401923788646684,68.23012701892219,440.0,0.0,1.3024575807808827,23.047949192431123,0,0
2025-03-29 22:00:00,29.102222521132795,68.72962913144534,440.0,0.0,1.2600088008699655,22.848148347421866,0,0
2025-03-29 23:00:00,29.0,68.9,440.0,0.0,1.2457657336267212,22.78,0,0
2025-03-30 00:00:00,28.602222521132795,59.02962913144535,440.0,0.0,1.60379071839913,20.408148347421864,0,0
2025-03-30 01:00:00,27.401923788646684,53.93012701892219,400.0,0.0,1.6816786096697378,18.187949192431123,0,1
2025-03-30 02:00:00,27.87867965644036,53.13553390593274,400.0,0.0,1.7589691536239167,18.505786437626902,0,1
2025-03-30 03:00:00,28.5,52.1,400.0,0.0,1.8639707954377183,18.92,0,1
2025-03-30 04:00:00,29.22354286469244,50.89409522551261,400.0,0.0,1.9925782760197717,19.40236190979496,0,1
2025-03-30 05:00:00,30.0,49.6,400.0,0.0,2.138504789614543,19.92,0,1
2025-03-30 06:00:00,30.776457135307563,48.3059047744874,400.0,0.0,2.293011735625522,20.43763809020504,0,1
2025-03-30 07:00:00,33.17093575518187,46.264532122409065,395.8226606120453,83.5467877590937,2.7289978387298444,22.423842179663687,0,1
2025-03-30 08:00:00,35.34932034355965,44.45046609406727,391.93,161.39999999999998,3.1841838690956266,24.2394135623731,0,1
2025-03-30 09:00:00,37.16315759069367,42.98733229140763,388.5872965516491,228.2540689670176,3.609354068950349,25.760624048975192,0,1
2025-03-30 10:00:00,38.48883748569954,41.97484086513849,386.0223499829192,279.5530003416168,3.946804169893049,26.88380565872724,0,1
2025-03-30 11:00:00,39.23601713452223,41.48199143273889,384.40995716369446,311.80085672611125,4.143389364166337,27.53241542107001,0,1
2025-03-30 12:00:00,39.35377747886721,41.542370868554656,383.86,322.8,4.165306784444366,27.66225165257814,0,1
2025-03-30 13:00:00,34.09807621135332,49.86987298107781,440.0,311.80085672611125,2.681147875700941,24.07205080756888,0,0
2025-03-30 14:00:00,33.621320343559645,50.66446609406727,440.0,279.55300034161684,2.569457301601614,23.7542135623731,0,0
2025-03-30 15:00:00,33.0,51.7,440.0,228.2540689670176,2.429561385278109,23.34,0,0
2025-03-30 16:00:00,32.27645713530757,52.9059047744874,440.0,161.39999999999998,2.2744384485361295,22.857638090205047,0,0
2025-03-30 17:00:00,31.5,54.2,440.0,83.54678775909379,2.116907557585681,22.34,0,0
2025-03-30 18:00:00,30.72354286469244,55.49409522551261,440.0,3.953159867647656e-14,1.9682136356890805,21.82236190979496,0,0
2025-03-30 19:00:00,30.0,56.7,440.0,0.0,1.8372471704426525,21.34,0,0
2025-03-30 20:00:00,29.37867965644036,57.73553390593274,440.0,0.0,1.7303813713994411,20.925786437626904,0,0
2025-03-30 21:00:00,28.901923788646684,58.530127018922194,440.0,0.0,1.6517575986915747,20.60794919243112,0,0
2025-03-30 22:00:00,28.602222521132795,59.02962913144535,440.0,0.0,1.60379071839913,20.408148347421864,0,0
2025-03-30 23:00:00,28.5,59.2,440.0,0.0,1.5876828487235677,20.34,0,0
2025-03-31 00:00:00,27.9022225211328,72.42962913144534,440.0,0.0,1.0362224135346545,22.38814834742186,0,0
2025-03-31 01:00:00,26.701923788646685,67.3301270189222,400.0,0.0,1.1445774908296737,20.167949192431124,0,1
2025-03-31 02:00:00,27.17867965644036,66.53553390593274,400.0,0.0,1.2056863732062997,20.485786437626903,0,1
2025-03-31 03:00:00,27.8,65.5,400.0,0.0,1.2889665545612359,20.9,0,1
2025-03-31 04:00:00,28.52354286469244,64.2940952255126,400.0,0.0,1.3913509033697846,21.38236190979496,0,1
2025-03-31 05:00:00,29.3,63.0,400.0,0.0,1.507990206131564,21.9,0,1
2025-03-31 06:00:00,30.076457135307564,61.705904774487394,400.0,0.0,1.6319825787631272,23.133751992865648,0,1
2025-03-31 07:00:00,32.43055998414588,59.68472000792706,395.9236000396353,81.52799920729403,1.9640359004496786,24.367503985731293,0,1
2025-03-31 08:00:00,34.57132034355964,57.88946609406726,394.1775,157.49999999999997,2.312214213239794,26.004425121313947,0,1
2025-03-31 09:00:00,36.35284893282856,56.44248662034018,388.8630681963119,215.14900109604906,2.638271294411061,27.6413462568966,0,1
2025-03-31 10:00:00,37.65373752270917,55.44239084663367,386.3600998903951,272.7980021920982,2.8970113324946825,28.742215692035906,0,1
2025-03-31 11:00:00,38.38533270562112,54.95733364718944,384.7866682359472,304.2666352810565,3.0467048181210075,29.376799435059013,0,1
2025-03-31 12:00:00,38.49777747886721,55.02037086855466,384.25,315.0,3.060936357958314,29.50185165257814,0,1
2025-03-31 13:00:00,33.39807621135331,63.26987298107781,440.0,304.2666352810565,1.889235788395067,26.052050807568875,0,0
2025-03-31 14:00:00,32.92132034355964,64.06446609406726,440.0,272.7980021920982,1.7996482595926175,25.734213562373093,0,0
2025-03-31 15:00:00,32.3,65.1,440.0,222.73863607376248,1.6877561564856127,25.32,0,0
2025-03-31 16:00:00,31.576457135307564,66.3059047744874,440.0,157.49999999999997,1.5641307031252731,24.837638090205044,0,0
2025-03-31 17:00:00,30.8,67.6,440.0,81.52799920729412,1.4391079160892177,24.32,0,0
2025-03-31 18:00:00,30.02354286469244,68.89409522551261,440.0,3.857637417314164e-14,1.3216270954634428,23.80236190979496,0,0
2025-03-31 19:00:00,29.3,70.1,440.0,0.0,1.2186191125225343,23.32,0,0
2025-03-31 20:00:00,28.67867965644036,71.13553390593273,440.0,0.0,1.1349204234967274,22.905786437626904,0,0
2025-03-31 21:00:00,28.201923788646685,71.93012701892219,440.0,0.0,1.073560293312221,22.587949192431125,0,0
2025-03-31 22:00:00,27.9022225211328,72.42962913144534,440.0,0.0,1.0362224135346545,22.38814834742186,0,0
2025-03-31 23:00:00,27.8,72.6,440.0,0.0,1.0237009737674745,22.32,0,0
2025-04-01 00:00:00,28.4022225211328,78.62962913144534,440.0,0.0,0.8268972020992507,24.128148347421863,0,0
2025-04-01 01:00:00,28.04045108878658,73.5301270189222,400.0,0.0,1.0029017594012932,21.90794919243113,0,1
2025-04-01 02:00:00,27.67867965644036,72.73553390593274,400.0,0.0,1.0114529093349953,22.22578643762691,0,1
2025-04-01 03:00:00,28.3,71.7,400.0,0.0,1.0885485683859588,22.64,0,1
2025-04-01 04:00:00,29.02354286469244,70.49409522551261,400.0,0.0,1.1835203922560977,23.12236190979496,0,1
2025-04-01 05:00:00,29.8,69.2,400.0,0.0,1.2919468441625392,23.64,0,1
2025-04-01 06:00:00,30.576457135307564,67.9059047744874,400.0,0.0,1.4074519087554869,24.157638090205044,0,1
2025-04-01 07:00:00,32.554237092566815,66.07288145371659,396.86440726858297,62.71185462834078,1.6643738156837997,25.76881338331013,0,1
2025-04-01 08:00:00,34.344320343559644,64.45296609406726,393.9425,121.15,1.9273920856914104,27.23491356237309,0,1
2025-04-01 09:00:00,35.824715672983324,63.1565532502628,391.43340134592495,171.33197308150048,2.167904808523185,28.45602632303588,0,1
2025-04-01 10:00:00,36.8945365856066,62.27199131518496,389.91946429994914,209.8379553369695,2.353797599164816,29.348934848643594,0,1
2025-04-01 11:00:00,37.480876554196826,61.85956172290158,388.74696412373237,234.04382770984125,2.456641761204489,29.852788898777145,0,1
2025-04-01 12:00:00,37.54377747886721,61.94737086855465,387.885,242.3,2.459366185771721,29.933251652578143,0,1
2025-04-01 13:00:00,33.89807621135331,69.4698729810778,440.0,234.04382770984125,1.6147834829635144,27.79205080756888,0,0
2025-04-01 14:00:00,33.42132034355964,70.26446609406726,440.0,209.83795533696951,1.531454137360002,27.47421356237309,0,0
2025-04-01 15:00:00,32.8,71.3,440.0,171.33197308150048,1.4275357020927282,27.059999999999995,0,0
2025-04-01 16:00:00,32.076457135307564,72.50590477448739,440.0,121.15,1.312941216063497,26.57763809020504,0,0
2025-04-01 17:00:00,31.3,73.8,440.0,62.711854628340845,1.197312329676177,26.06,0,0
2025-04-01 18:00:00,30.52354286469244,75.0940952255126,440.0,2.9673191943340376e-14,1.0889252179374878,25.54236190979496,0,0
2025-04-01 19:00:00,29.8,76.3,440.0,0.0,0.9941279287874085,25.06,0,0
2025-04-01 20:00:00,29.17867965644036,77.33553390593273,440.0,0.0,0.9172820751187913,24.645786437626903,0,0
2025-04-01 21:00:00,28.701923788646685,78.1301270189222,440.0,0.0,0.8610589284606074,24.327949192431124,0,0
2025-04-01 22:00:00,28.4022225211328,78.62962913144534,440.0,0.0,0.8268972020992507,24.128148347421863,0,0
2025-04-01 23:00:00,27.9522225211328,78.8,440.0,0.0,0.7991186862219728,24.06,0,0
2025-04-02 00:00:00,27.5022225211328,84.82962913144534,440.0,0.0,0.5570176561010876,24.468148347421863,0,0
2025-04-02 01:00:00,26.301923788646683,79.7301270189222,400.0,0.0,0.69361537227336,22.24794919243112,0,1
2025-04-02 02:00:00,26.77867965644036,78.93553390593274,400.0,0.0,0.7413234052273264,22.565786437626905,0,1
2025-04-02 03:00:00,27.4,77.9,400.0,0.0,0.8066207528562868,22.98,0,1
2025-04-02 04:00:00,28.123542864692435,76.69409522551261,400.0,0.0,0.8873038370767122,23.46236190979496,0,1
2025-04-02 05:00:00,28.9,75.4,400.0,0.0,0.9797164427526739,23.98,0,1
2025-04-02 06:00:00,29.67645713530756,74.1059047744874,400.0,0.0,1.0784776785162145,24.497638090205044,0,1
2025-04-02 07:00:00,31.7142831110306,72.24285844448471,396.7142922224235,65.71415555153001,1.2986298144734065,26.162854799927544,0,1
2025-04-02 08:00:00,33.56032034355964,70.59496609406727,393.6525,126.95,1.5262432450759094,27.679313562373093,0,1
2025-04-02 09:00:00,35.088764446218605,69.27452886364516,391.0232794128368,179.53441174326443,1.7360890561204263,28.94367021894764,0,1
2025-04-02 10:00:00,36.195454479284585,68.37153236834597,389.91946429994914,219.88385002086892,1.8992912932425494,29.86976095295378,0,1
2025-04-02 11:00:00,36.804971345895886,67.94751432705206,387.7375716352603,245.24856729479444,1.9899673876690451,30.3944742113063,0,1
2025-04-02 12:00:00,36.87577747886721,68.03137086855466,387.305,253.9,1.9924394277196977,30.48205165257814,0,1
2025-04-02 13:00:00,32.998076211353315,75.6698729810778,440.0,245.24856729479444,1.2237092913072563,28.13205080756888,0,0
2025-04-02 14:00:00,32.52132034355964,76.46446609406726,440.0,219.883850020869,1.1524533177389593,27.81421356237309,0,0
2025-04-02 15:00:00,31.9,77.5,440.0,179.53441174326443,1.0637938125841524,27.4,0,0
2025-04-02 16:00:00,31.17645713530756,78.7059047744874,440.0,126.95,0.9663093860412494,26.91763809020504,0,0
2025-04-02 17:00:00,30.4,80.0,440.0,65.71415555153008,0.868278127532449,26.4,0,0
2025-04-02 18:00:00,29.623542864692435,81.2940952255126,440.0,3.10937822303513e-14,0.7767255258675428,25.882361909794955,0,0
2025-04-02 19:00:00,28.9,82.5,440.0,0.0,0.6969527539907234,25.4,0,0
2025-04-02 20:00:00,28.27867965644036,83.53553390593274,440.0,0.0,0.6325153519267517,24.985786437626903,0,0
2025-04-02 21:00:00,27.801923788646683,84.3301270189222,440.0,0.0,0.5855132802341539,24.667949192431124,0,0
2025-04-02 22:00:00,27.5022225211328,84.82962913144534,440.0,0.0,0.5570176561010876,24.468148347421863,0,0
2025-04-02 23:00:00,27.4,85.0,440.0,0.0,0.5474801489974799,24.4,0,0
2025-04-03 00:00:00,26.302222521132794,89.42962913144534,440.0,0.0,0.3617142006579829,24.188148347421865,0,0
2025-04-03 01:00:00,25.101923788646683,84.3301270189222,400.0,0.0,0.4994083586759226,21.967949192431124,0,1
2025-04-03 02:00:00,25.57867965644036,83.53553390593274,400.0,0.0,0.5398078541018582,22.285786437626903,0,1
2025-04-03 03:00:00,26.2,82.5,400.0,0.0,0.5952426566688425,22.7,0,1
2025-04-03 04:00:00,26.92354286469244,81.2940952255126,400.0,0.0,0.6639434449866528,23.18236190979496,0,1
2025-04-03 05:00:00,27.7,80.0,400.0,0.0,0.7428806761872683,23.7,0,1
2025-04-03 06:00:00,28.976179118693423,78.7059047744874,400.0,0.0,0.8517993090960658,24.67356120682408,0,1
2025-04-03 07:00:00,30.252358237386847,76.97382088130658,397.36910440653287,52.61791186934247,0.9912470859846326,25.64712241364816,0,1
2025-04-03 08:00:00,31.85432034355964,75.44796609406727,394.9175,101.65,1.1578181274313384,26.943913562373098,0,1
2025-04-03 09:00:00,33.17317238365782,74.23232489492555,392.81225956923873,143.75480861522513,1.308795546880297,28.01963736264293,0,1
2025-04-03 10:00:00,34.11903677065473,73.4097412226609,391.1968517705312,176.06296458937638,1.4238064929679197,28.80098501518691,0,1
2025-04-03 11:00:00,34.62745440969135,73.03627279515432,390.1813639757716,196.3727204845676,1.4851442736730571,29.234708968722217,0,1
2025-04-03 12:00:00,34.6637774788672,73.13737086855465,389.835,203.3,1.4825570021197578,29.291251652578133,0,1
2025-04-03 13:00:00,31.798076211353315,80.2698729810778,440.0,196.3727204845676,0.9274716645055294,27.85205080756888,0,0
2025-04-03 14:00:00,31.32132034355964,81.06446609406726,440.0,176.0629645893764,0.8663824400894715,27.534213562373093,0,0
2025-04-03 15:00:00,30.7,82.1,440.0,143.75480861522513,0.7905407969653887,27.12,0,0
2025-04-03 16:00:00,29.97645713530756,83.30590477448739,440.0,101.65,0.7073853628129906,26.63763809020504,0,0
2025-04-03 17:00:00,29.2,84.6,440.0,52.61791186934253,0.624040051596354,26.12,0,0
2025-04-03 18:00:00,28.42354286469244,85.8940952255126,440.0,2.4897069426665692e-14,0.546484523991587,25.60236190979496,0,0
2025-04-03 19:00:00,27.7,87.1,440.0,0.0,0.47915803614078817,25.12,0,0
2025-04-03 20:00:00,27.07867965644036,88.13553390593273,440.0,0.0,0.424965079359333,24.705786437626905,1,0
2025-04-03 21:00:00,26.601923788646683,88.93012701892219,440.0,0.0,0.38555450483615594,24.38794919243112,1,0
2025-04-03 22:00:00,26.302222521132794,89.42962913144534,440.0,0.0,0.3617142006579829,24.188148347421865,1,0
2025-04-03 23:00:00,26.2,89.6,440.0,0.0,0.3537442073917694,24.12,1,0
2025-04-04 00:00:00,26.9022225211328,87.02962913144535,440.0,0.0,0.459791762410622,24.308148347421863,1,0
2025-04-04 01:00:00,25.701923788646685,81.9301270189222,400.0,0.0,0.5967869632311829,22.087949192431125,0,1
2025-04-04 02:00:00,26.17867965644036,81.13553390593275,400.0,0.0,0.640846401565067,22.405786437626908,0,1
2025-04-04 03:00:00,26.8,80.10000000000001,400.0,0.0,0.7012201989691754,22.820000000000004,0,1
2025-04-04 04:00:00,27.52354286469244,78.89409522551261,400.0,0.0,0.7759216212278314,23.30236190979496,0,1
2025-04-04 05:00:00,28.3,77.60000000000001,400.0,0.0,0.8616073474150343,23.82,0,1
2025-04-04 06:00:00,29.076457135307564,76.3059047744874,400.0,0.0,0.9533106846544102,24.337638090205044,0,1
2025-04-04 07:00:00,30.788171114201425,74.60591444289929,397.52957221449645,49.40855571007121,1.1271663471345734,25.70935400278128,0,1
2025-04-04 08:00:00,32.33032034355964,73.10996609406727,395.2275,95.45,1.3026207526263218,26.952313562373096,0,1
2025-04-04 09:00:00,33.597809901923554,71.92000613579269,393.2506657735744,134.98668452851194,1.460523114755789,27.981811129082093,0,1
2025-04-04 10:00:00,34.5042624705162,71.11712837273016,391.7337875208775,165.32424958244934,1.580019947254999,28.727688145062228,0,1
2025-04-04 11:00:00,34.98790480477167,70.75604759761417,390.7802379880709,184.3952402385832,1.6431953171234457,29.1391143242945,0,1
2025-04-04 12:00:00,35.01577747886721,70.86137086855466,390.455,190.9,1.6398014865459334,29.18805165257814,0,1
2025-04-04 13:00:00,32.39807621135331,77.8698729810778,440.0,184.3952402385832,1.0761402964414433,27.97205080756888,0,0
2025-04-04 14:00:00,31.921320343559643,78.66446609406727,440.0,165.32424958244934,1.009955034276899,27.65421356237309,0,0
2025-04-04 15:00:00,31.3,79.7,440.0,130.38712479122466,0.927688560779633,27.24,0,0
2025-04-04 16:00:00,30.576457135307564,80.9059047744874,440.0,95.45,0.8373509389273496,26.75763809020504,0,0
2025-04-04 17:00:00,29.8,82.2,440.0,49.40855571007126,0.7466446047432855,26.24,0,0
2025-04-04 18:00:00,29.02354286469244,83.49409522551261,440.0,2.337850739572297e-14,0.6620734067485479,25.72236190979496,0,0
2025-04-04 19:00:00,28.3,84.7,440.0,0.0,0.588508589975448,25.24,0,0
2025-04-04 20:00:00,27.67867965644036,85.73553390593274,440.0,0.0,0.5291809376048711,24.825786437626903,0,0
2025-04-04 21:00:00,27.201923788646685,86.5301270189222,440.0,0.0,0.485965383589022,24.507949192431123,0,0
2025-04-04 22:00:00,26.9022225211328,87.02962913144535,440.0,0.0,0.459791762410622,24.308148347421863,0,0
2025-04-04 23:00:00,26.8,87.2,440.0,0.0,0.45103610787967074,24.24,1,0
2025-04-05 00:00:00,27.5022225211328,85.02962913144535,440.0,0.0,0.5496741618526283,24.508148347421866,1,0
2025-04-05 01:00:00,26.301923788646683,79.9301270189222,400.0,0.0,0.6867715664644054,22.287949192431125,0,1
2025-04-05 02:00:00,26.77867965644036,79.13553390593275,400.0,0.0,0.7342847895613341,22.605786437626904,0,1
2025-04-05 03:00:00,27.4,78.10000000000001,400.0,0.0,0.7993210175363199,23.02,0,1
2025-04-05 04:00:00,28.123542864692435,76.89409522551261,400.0,0.0,0.8796894248008323,23.50236190979496,0,1
2025-04-05 05:00:00,28.9,75.60000000000001,400.0,0.0,0.9717512684213508,24.02,0,1
2025-04-05 06:00:00,29.67645713530756,74.3059047744874,400.0,0.0,1.0701477664716057,24.537638090205043,0,1
2025-04-05 07:00:00,31.54708600789437,72.52645699605283,397.1322849802641,57.35430039471859,1.2732413896295514,26.05237740710493,0,1
2025-04-05 08:00:00,33.23732034355964,70.95646609406727,394.46,110.79999999999998,1.4804928799920694,27.42861356237309,0,1
2025-04-05 09:00:00,34.631973465572095,69.70292435396843,392.16525686445306,156.6948627109389,1.6691608950412047,28.57255833636578,0,1
2025-04-05 10:00:00,35.63600206843984,68.85125857376835,389.91946429994914,191.9112294786316,1.8139062093312484,29.406253783193502,0,1
2025-04-05 11:00:00,36.18098326211315,68.45950836894343,389.2975418447171,214.0491631056576,1.892507167196081,29.87288493590184,0,1
2025-04-05 12:00:00,36.229777478867206,68.55437086855467,388.92,221.6,1.8918657100159009,29.94065165257814,0,1
2025-04-05 13:00:00,32.998076211353315,75.8698729810778,440.0,214.0491631056576,1.2136500812558206,28.17205080756888,0,0
2025-04-05 14:00:00,32.52132034355964,76.66446609406727,440.0,191.9112294786316,1.1426600126680388,27.85421356237309,0,0
2025-04-05 15:00:00,31.9,77.7,440.0,156.6948627109389,1.0543378675834043,27.44,0,0
2025-04-05 16:00:00,31.17645713530756,78.9059047744874,440.0,110.79999999999998,0.9572335424723377,26.95763809020504,0,0
2025-04-05 17:00:00,30.4,80.2,440.0,57.354300394718656,0.8595953462571245,26.44,0,0
2025-04-05 18:00:00,29.623542864692435,81.49409522551261,440.0,2.7138173069105347e-14,0.7684209232810173,25.92236190979496,0,0
2025-04-05 19:00:00,28.9,82.7,440.0,0.0,0.6889875796594005,25.44,0,0
2025-04-05 20:00:00,28.27867965644036,83.73553390593274,440.0,0.0,0.624831952437051,25.025786437626905,0,0
2025-04-05 21:00:00,27.801923788646683,84.5301270189222,440.0,0.0,0.5780401720482587,24.707949192431123,0,0
2025-04-05 22:00:00,27.5022225211328,85.02962913144535,440.0,0.0,0.5496741618526283,24.508148347421866,0,0
2025-04-05 23:00:00,27.4,85.2,440.0,0.0,0.5401804136775135,24.44,0,0
2025-04-06 00:00:00,28.2022225211328,83.92962913144534,440.0,0.0,0.6146380395128668,24.988148347421863,0,0
2025-04-06 01:00:00,27.001923788646685,78.8301270189222,400.0,0.0,0.7548631775552206,22.767949192431125,0,1
2025-04-06 02:00:00,27.47867965644036,78.03553390593274,400.0,0.0,0.8053706321559977,23.085786437626908,0,1
2025-04-06 03:00:00,28.1,77.0,400.0,0.0,0.8744588901171784,23.5,0,1
2025-04-06 04:00:00,28.82354286469244,75.7940952255126,400.0,0.0,0.9597668083655702,23.98236190979496,0,1
2025-04-06 05:00:00,29.6,74.5,400.0,0.0,1.057403820780614,24.5,0,1
2025-04-06 06:00:00,30.376457135307565,73.2059047744874,400.0,0.0,1.1616711537740172,25.017638090205043,0,1
2025-04-06 07:00:00,32.35164890211579,71.3741755489421,396.8708777447105,62.58244510578952,1.3883749176508706,26.62648401190421,0,1
2025-04-06 08:00:00,34.139320343559646,69.75546609406726,393.955,120.9,1.621307203120897,28.090413562373097,0,1
2025-04-06 09:00:00,35.61764460517146,68.46008878416873,391.4510790154546,170.9784196909072,1.8348314017136353,29.30966236200521,0,1
2025-04-06 10:00:00,36.68587633156875,67.57632144220388,389.5297528682461,209.40494263507728,1.9999728567559296,30.201140620009525,0,1
2025-04-06 11:00:00,37.27121729593394,67.16439135203304,388.3219567601652,233.5608647966968,2.0910061194252747,30.704095566340545,0,1
2025-04-06 12:00:00,37.333777478867205,67.25237086855465,387.91,241.8,2.0925059338114043,30.78425165257813,0,1
2025-04-06 13:00:00,33.69807621135332,74.7698729810778,440.0,233.5608647966968,1.319658959219512,28.65205080756888,0,0
2025-04-06 14:00:00,33.22132034355964,75.56446609406726,440.0,209.40494263507728,1.2444847904126215,28.33421356237309,0,0
2025-04-06 15:00:00,32.6,76.6,440.0,170.9784196909072,1.1509012176892457,27.92,0,0
2025-04-06 16:00:00,31.876457135307565,77.80590477448739,440.0,120.9,1.0479344774626973,27.43763809020504,0,0
2025-04-06 17:00:00,31.1,79.1,440.0,62.58244510578958,0.944310568131374,26.92,0,0
2025-04-06 18:00:00,30.32354286469244,80.3940952255126,440.0,2.9611959603383e-14,0.8474544019810484,26.40236190979496,0,0
2025-04-06 19:00:00,29.6,81.6,440.0,0.0,0.7629894236220903,25.92,0,0
2025-04-06 20:00:00,28.97867965644036,82.63553390593273,440.0,0.0,0.6947079907715921,25.505786437626902,0,0
2025-04-06 21:00:00,28.501923788646685,83.43012701892219,440.0,0.0,0.6448686039025568,25.187949192431123,0,0
2025-04-06 22:00:00,28.2022225211328,83.92962913144534,440.0,0.0,0.6146380395128668,24.988148347421863,0,0
2025-04-06 23:00:00,28.1,84.1,440.0,0.0,0.60451723273318,24.92,0,0
2025-04-07 00:00:00,26.802222521132794,86.62962913144534,440.0,0.0,0.471195905341672,24.128148347421863,0,0
2025-04-07 01:00:00,25.601923788646683,81.5301270189222,400.0,0.0,0.6063928312713498,21.90794919243112,0,1
2025-04-07 02:00:00,26.07867965644036,80.73553390593274,400.0,0.0,0.6505813956824136,22.225786437626905,0,1
2025-04-07 03:00:00,26.7,79.7,400.0,0.0,0.7111229024213728,22.64,0,1
2025-04-07 04:00:00,27.42354286469244,78.45,400.0,0.0,0.7876302236918781,23.12236190979496,0,1
2025-04-07 05:00:00,28.2,77.2,400.0,0.0,0.8719112201163235,23.64,0,1
2025-04-07 06:00:00,28.97645713530756,75.9059047744874,400.0,0.0,0.9638194648029158,24.15763809020504,0,1
2025-04-07 07:00:00,31.13333987177776,73.98333006411113,396.4166503205556,71.66699358888799,1.1777249534369691,25.930005884599986,0,1
2025-04-07 08:00:00,33.09032034355964,72.27996609406726,393.0775,138.44999999999996,1.4014383472309828,27.546313562373093,0,1
2025-04-07 09:00:00,34.714033565564414,70.91189430397226,390.2101066144722,195.797867710555,1.6098574415795184,28.896412426358864,0,1
2025-04-07 10:00:00,35.89382616502542,69.97234652547554,388.0098782846045,239.80243430791103,1.7735761600754325,29.88829547012053,0,1
2025-04-07 11:00:00,36.54929722598886,69.52535138700557,386.6267569350279,267.464861299443,1.8657812235446505,30.45436750338997,0,1
2025-04-07 12:00:00,36.635777478867205,69.60137086855465,386.155,276.9,1.8699405143211083,30.55605165257813,0,1
2025-04-07 13:00:00,32.29807621135332,77.4698729810778,440.0,267.464861299443,1.0894337015706526,27.79205080756888,0,0
2025-04-07 14:00:00,31.82132034355964,78.26446609406726,440.0,239.80243430791103,1.0230864558768513,27.47421356237309,0,0
2025-04-07 15:00:00,31.2,79.3,440.0,195.797867710555,0.9406079144355992,27.06,0,0
2025-04-07 16:00:00,30.47645713530756,80.50590477448739,440.0,138.44999999999996,0.8500222194578929,26.57763809020504,0,0
2025-04-07 17:00:00,29.7,81.8,440.0,71.66699358888806,0.7590486897902278,26.06,0,0
2025-04-07 18:00:00,28.92354286469244,83.0940952255126,440.0,3.3910469868390216e-14,0.6742096575676395,25.542361909794955,0,0
2025-04-07 19:00:00,28.2,84.3,440.0,0.0,0.6003950068344861,25.06,0,0
2025-04-07 20:00:00,27.57867965644036,85.33553390593273,440.0,0.0,0.5408528439017495,24.645786437626903,0,0
2025-04-07 21:00:00,27.101923788646683,86.1301270189222,440.0,0.0,0.49747282069641097,24.327949192431124,0,0
2025-04-07 22:00:00,26.802222521132794,86.62962913144534,440.0,0.0,0.471195905341672,24.128148347421863,1,0
2025-04-07 23:00:00,26.7,86.8,440.0,0.0,0.46240503999813415,24.06,1,0
2025-04-08 00:00:00,28.802222521132794,82.02962913144535,440.0,0.0,0.7116486080310587,25.208148347421865,0,0
2025-04-08 01:00:00,27.601923788646683,76.9301270189222,400.0,0.0,0.852015827914491,22.987949192431124,0,1
2025-04-08 02:00:00,28.07867965644036,76.13553390593275,400.0,0.0,0.9062009561930912,23.305786437626907,0,1
2025-04-08 03:00:00,28.7,75.10000000000001,400.0,0.0,0.9802516222344807,23.72,0,1
2025-04-08 04:00:00,29.42354286469244,73.89409522551261,400.0,0.0,1.071587817537601,24.20236190979496,0,1
2025-04-08 05:00:00,30.2,72.60000000000001,400.0,0.0,1.1760033536405439,24.72,0,1
2025-04-08 06:00:00,30.97645713530756,71.3059047744874,400.0,0.0,1.2873818882651482,25.23763809020504,0,1
2025-04-08 07:00:00,33.222373623293024,69.3388131883535,396.1940659417674,76.11868116465135,1.561645082315531,27.090136260963725,0,1
2025-04-08 08:00:00,35.262320343559644,67.59396609406727,392.6475,147.04999999999998,1.848672399221791,28.781113562373097,0,1
2025-04-08 09:00:00,36.95727829829259,66.19027193760817,389.60199478265184,207.96010434696365,2.1165662490656985,30.19533268581423,0,1
2025-04-08 10:00:00,38.19173890392727,65.22339015602464,387.2650964373498,254.6980712530034,2.3278596597765135,31.2364169351322,0,1
2025-04-08 11:00:00,38.88157571023231,64.75921214488386,385.7960607244193,284.078785511615,2.448228573013291,31.83341813920908,0,1
2025-04-08 12:00:00,38.9797774788672,64.82937086855466,385.295,294.1,2.4562755970366608,31.94565165257813,0,1
2025-04-08 13:00:00,34.29807621135332,72.8698729810778,440.0,284.078785511615,1.4672460273154295,28.87205080756888,0,0
2025-04-08 14:00:00,33.82132034355964,73.66446609406727,440.0,254.69807125300343,1.3869789104832793,28.554213562373093,0,0
2025-04-08 15:00:00,33.2,74.7,440.0,207.96010434696365,1.286973844767246,28.140000000000004,0,0
2025-04-08 16:00:00,32.47645713530756,75.9059047744874,440.0,147.04999999999998,1.176827927945547,27.65763809020504,0,0
2025-04-08 17:00:00,31.7,77.2,440.0,76.11868116465143,1.065845321153463,27.14,0,0
2025-04-08 18:00:00,30.92354286469244,78.49409522551261,440.0,3.601686236292366e-14,0.9619750203170818,26.62236190979496,0,0
2025-04-08 19:00:00,30.2,79.7,440.0,0.0,0.8712725576241988,26.14,0,0
2025-04-08 20:00:00,29.57867965644036,80.73553390593274,440.0,0.0,0.7978567863771706,25.725786437626905,0,0
2025-04-08 21:00:00,29.101923788646683,81.5301270189222,440.0,0.0,0.744212505674916,25.40794919243112,0,0
2025-04-08 22:00:00,28.802222521132794,82.02962913144535,440.0,0.0,0.7116486080310587,25.208148347421865,0,0
2025-04-08 23:00:00,28.7,82.2,440.0,0.0,0.7007421235250505,25.14,0,0
2025-04-09 00:00:00,28.7022225211328,81.02962913144535,440.0,0.0,0.7469128812293953,24.908148347421864,0,0
2025-04-09 01:00:00,27.501923788646685,75.9301270189222,400.0,0.0,0.88376943875348,22.687949192431127,0,0
2025-04-09 02:00:00,27.97867965644036,75.13553390593275,400.0,0.0,0.938693397666682,23.00578643762691,0,1
2025-04-09 03:00:00,28.6,74.10000000000001,400.0,0.0,1.013728408358079,23.42,0,1
2025-04-09 04:00:00,29.32354286469244,72.85000000000001,400.0,0.0,1.108041735726981,23.90236190979496,0,1
2025-04-09 05:00:00,30.1,71.60000000000001,400.0,0.0,1.2119595216895742,24.42,0,1
2025-04-09 06:00:00,30.876457135307565,70.3059047744874,400.0,0.0,1.324680425962556,24.937638090205045,0,1
2025-04-09 07:00:00,33.06698634764109,68.36650682617946,396.3325341308973,73.34931738205437,1.5971999936036088,26.740287712876984,0,1
2025-04-09 08:00:00,35.05532034355964,66.64746609406727,392.915,141.69999999999996,1.8810481975598252,28.384813562373097,0,1
2025-04-09 09:00:00,36.70595744711867,65.26593236319513,389.9802969105866,200.3940617882676,2.144833259182356,29.759143919757697,0,1
2025-04-09 10:00:00,37.906409467517406,64.31605487422956,387.7284200283745,245.43159943250987,2.352037707489922,30.76962044236332,0,1
2025-04-09 11:00:00,38.57486758340644,63.86256620829678,386.3128310414839,273.743379170322,2.4694432356169975,31.347380825065795,0,1
2025-04-09 12:00:00,38.665777478867206,63.936370868554654,385.83,283.4,2.476489304808053,31.453051652578136,0,1
2025-04-09 13:00:00,34.19807621135332,71.8698729810778,440.0,273.743379170322,1.5128961631899884,28.57205080756888,0,0
2025-04-09 14:00:00,33.72132034355965,72.66446609406727,440.0,245.4315994325099,1.4316376336918393,28.2542135623731,0,0
2025-04-09 15:00:00,33.1,73.7,440.0,200.3940617882676,1.3303674833256027,27.840000000000003,0,0
2025-04-09 16:00:00,32.37645713530756,74.9059047744874,440.0,141.69999999999996,1.2187860830016544,27.35763809020504,0,0
2025-04-09 17:00:00,31.6,76.2,440.0,73.34931738205445,1.106307223745424,26.840000000000003,0,0
2025-04-09 18:00:00,30.82354286469244,77.49409522551261,440.0,3.4706490287835994e-14,1.0009853916731544,26.32236190979496,0,0
2025-04-09 19:00:00,30.1,78.7,440.0,0.0,0.9089696412671808,25.840000000000003,0,0
2025-04-09 20:00:00,29.47867965644036,79.73553390593274,440.0,0.0,0.8344557437000689,25.425786437626908,0,0
2025-04-09 21:00:00,29.001923788646685,80.5301270189222,440.0,0.0,0.7799870499751941,25.107949192431125,0,0
2025-04-09 22:00:00,28.7022225211328,81.02962913144535,440.0,0.0,0.7469128812293953,24.908148347421864,0,0
2025-04-09 23:00:00,28.6,81.2,440.0,0.0,0.7358337481518104,24.840000000000003,0,0
2025-04-10 00:00:00,28.7022225211328,77.82962913144534,440.0,0.0,0.8729052108730893,24.268148347421864,0,0
2025-04-10 01:00:00,27.501923788646685,72.7301270189222,400.0,0.0,1.0012632953365366,22.04794919243113,0,1
2025-04-10 02:00:00,27.97867965644036,71.93553390593274,400.0,0.0,1.0595010941267362,22.36578643762691,0,1
2025-04-10 03:00:00,28.6,70.9,400.0,0.0,1.1389767059158342,22.78,0,1
2025-04-10 04:00:00,29.32354286469244,69.69409522551261,400.0,0.0,1.2368400489539453,23.26236190979496,0,1
2025-04-10 05:00:00,30.1,68.4,400.0,0.0,1.3485183410348787,23.78,0,1
2025-04-10 06:00:00,30.876457135307565,67.1059047744874,400.0,0.0,1.4674353181688062,24.297638090205044,0,1
2025-04-10 07:00:00,32.90807145394814,65.24596427302593,396.7298213651296,65.40357269740699,1.7391851630425816,25.957264308553327,0,1
2025-04-10 08:00:00,34.74832034355965,63.60096609406726,393.6825,126.34999999999998,2.018303509583243,27.4685135623731,0,1
2025-04-10 09:00:00,36.27179388347013,62.2830141450194,391.065705819708,178.68588360584056,2.2743973774783806,28.72839671247401,0,1
2025-04-10 10:00:00,37.37466986959376,61.38192467319138,389.0577690231836,218.84461953632763,2.4731034074762244,29.65105480423204,0,1
2025-04-10 11:00:00,37.98178912606495,60.959105436967526,388.74696412373237,244.0894563032476,2.5838189037606183,30.17361021345846,0,1
2025-04-10 12:00:00,38.05177747886721,64.81448920902267,387.365,252.7,2.3374888017246773,30.26045165257814,0,1
2025-04-10 13:00:00,34.19807621135332,68.66987298107782,440.0,235.77230976816384,1.684998753375642,27.93205080756888,0,0
2025-04-10 14:00:00,33.72132034355965,69.46446609406726,440.0,218.84461953632768,1.5992304981143486,27.6142135623731,0,0
2025-04-10 15:00:00,33.1,70.5,440.0,178.68588360584056,1.4922372911827104,27.200000000000003,0,0
2025-04-10 16:00:00,32.37645713530756,71.7059047744874,440.0,126.34999999999998,1.3742057317499439,26.71763809020504,0,0
2025-04-10 17:00:00,31.6,73.0,440.0,65.40357269740706,1.255054413492708,26.200000000000003,0,0
2025-04-10 18:00:00,30.82354286469244,74.2940952255126,440.0,3.094682461445361e-14,1.143310407505674,25.68236190979496,0,0
2025-04-10 19:00:00,30.1,75.41481456572268,440.0,0.0,1.0491637175907127,25.200000000000003,0,0
2025-04-10 20:00:00,29.47867965644036,76.53553390593274,440.0,0.0,0.9662262215130513,24.785786437626907,0,0
2025-04-10 21:00:00,29.001923788646685,77.3301270189222,440.0,0.0,0.9081829843989251,24.467949192431124,0,0
2025-04-10 22:00:00,28.7022225211328,77.82962913144534,440.0,0.0,0.8729052108730893,24.268148347421864,0,0
2025-04-10 23:00:00,28.6,78.0,440.0,0.0,0.8610820457095655,24.200000000000003,0,0
2025-04-11 00:00:00,29.4022225211328,72.02962913144535,440.0,0.0,1.146710552551908,23.808148347421863,0,0
2025-04-11 01:00:00,28.201923788646685,66.9301270189222,400.0,0.0,1.2647902810709684,21.587949192431125,0,1
2025-04-11 02:00:00,28.67867965644036,66.13553390593275,400.0,0.0,1.3315151603953936,21.905786437626908,0,1
2025-04-11 03:00:00,29.3,65.10000000000001,400.0,0.0,1.4224015728105828,22.32,0,1
2025-04-11 04:00:00,30.02354286469244,63.89409522551261,400.0,0.0,1.5340670011734716,22.80236190979496,0,1
2025-04-11 05:00:00,30.8,62.6,400.0,0.0,1.6611924710412573,23.32,0,1
2025-04-11 06:00:00,31.576457135307564,61.3059047744874,400.0,0.0,1.7962382419472294,23.837638090205044,0,1
2025-04-11 07:00:00,33.70849324344792,59.39575337827604,396.9912286006832,70.4246621723959,2.1250354383100216,25.58764391910313,0,1
2025-04-11 08:00:00,35.64232034355964,57.70396609406726,393.1975,136.04999999999998,2.463910465783296,27.18311356237309,0,1
2025-04-11 09:00:00,37.2461513145705,56.34583542946921,390.379812241957,192.4037551608596,2.7761574626598278,28.515318400464345,0,1
2025-04-11 10:00:00,38.410687726262125,55.4139157448572,389.91946429994914,235.64551236974577,3.019947034415265,29.49347087523357,0,1
2025-04-11 11:00:00,39.05656834666511,54.97171582666745,386.8585791333372,262.8284173332555,3.1577111775615716,30.0509115119986,0,1
2025-04-11 12:00:00,39.13977747886721,55.049370868554654,386.395,272.1,3.1663675199118138,30.14965165257814,0,1
2025-04-11 13:00:00,34.89807621135331,62.86987298107781,440.0,262.8284173332555,2.075976479728903,27.47205080756888,0,0
2025-04-11 14:00:00,34.42132034355964,63.66446609406727,440.0,235.6455123697458,1.9785860590475903,27.15421356237309,0,0
2025-04-11 15:00:00,33.8,64.7,440.0,192.4037551608596,1.8568899570263957,26.74,0,0
2025-04-11 16:00:00,33.05,65.9059047744874,440.0,136.04999999999998,1.7197990482426946,26.25763809020504,0,0
2025-04-11 17:00:00,32.3,67.2,440.0,70.42466217239597,1.5862006284449306,25.74,0,0
2025-04-11 18:00:00,31.52354286469244,68.49409522551261,440.0,3.332263940479948e-14,1.458170306059929,25.22236190979496,0,0
2025-04-11 19:00:00,30.8,69.7,440.0,0.0,1.3458324030093605,24.74,0,0
2025-04-11 20:00:00,30.17867965644036,70.73553390593274,440.0,0.0,1.2544930541666022,24.325786437626903,0,0
2025-04-11 21:00:00,29.701923788646685,71.5301270189222,440.0,0.0,1.1874950440450238,24.007949192431127,0,0
2025-04-11 22:00:00,29.4022225211328,72.02962913144535,440.0,0.0,1.146710552551908,23.808148347421863,0,0
2025-04-11 23:00:00,29.3,72.2,440.0,0.0,1.1330304792015535,23.74,0,0
2025-04-12 00:00:00,27.802222521132794,79.12962913144534,440.0,0.0,0.7798462816477407,23.628148347421863,0,0
2025-04-12 01:00:00,27.440451088786578,74.0301270189222,400.0,0.0,0.9501109458253202,21.40794919243113,0,1
2025-04-12 02:00:00,27.07867965644036,73.23553390593274,400.0,0.0,0.9586578416169041,21.725786437626905,0,1
2025-04-12 03:00:00,27.7,72.2,400.0,0.0,1.0326041399003032,22.14,0,1
2025-04-12 04:00:00,28.42354286469244,70.99409522551261,400.0,0.0,1.1237335227372587,22.62236190979496,0,1
2025-04-12 05:00:00,29.2,69.7,400.0,0.0,1.2278190625564624,23.14,0,1
2025-04-12 06:00:00,29.97645713530756,68.4059047744874,400.0,0.0,1.338748833760839,23.65763809020504,0,1
2025-04-12 07:00:00,31.922143530974104,66.58892823451295,396.94464117256473,61.10717654870515,1.5816454792703716,25.239929177876693,0,1
2025-04-12 08:00:00,33.68232034355964,64.98396609406727,394.0975,118.04999999999998,1.8299000247106139,26.679113562373093,0,1
2025-04-12 09:00:00,35.137034432116195,63.70039387069636,391.6526044480928,166.94791103814387,2.056520588244641,27.877113206255466,0,1
2025-04-12 10:00:00,36.18714943553732,62.82568489021959,389.7765701083247,204.46859783350595,2.2313041991002103,28.75228641358124,0,1
2025-04-12 11:00:00,36.76110175173699,62.4194491241315,388.59724562065753,228.05508758684903,2.327598174300226,29.244991576563287,0,1
2025-04-12 12:00:00,36.8197774788672,62.509370868554655,388.195,236.1,2.329473054859682,29.321651652578133,0,1
2025-04-12 13:00:00,33.29807621135332,69.9698729810778,440.0,213.0493036793813,1.5359997200687836,27.29205080756888,0,0
2025-04-12 14:00:00,32.82132034355964,70.76446609406726,440.0,189.99860735876257,1.455915632650862,26.97421356237309,0,0
2025-04-12 15:00:00,32.2,71.8,440.0,166.94791103814387,1.3560752170041541,26.56,0,0
2025-04-12 16:00:00,31.47645713530756,73.00590477448739,440.0,118.04999999999998,1.2460205664816955,26.07763809020504,0,0
2025-04-12 17:00:00,30.7,74.3,440.0,61.10717654870521,1.1350222615648315,25.56,0,0
2025-04-12 18:00:00,29.92354286469244,75.5940952255126,440.0,2.891391092786901e-14,1.0310257193804764,25.042361909794955,0,0
2025-04-12 19:00:00,29.2,76.8,440.0,0.0,0.94011228552178,24.56,0,0
2025-04-12 20:00:00,28.57867965644036,77.83553390593273,440.0,0.0,0.8664477613791017,24.145786437626903,0,0
2025-04-12 21:00:00,28.101923788646683,78.6301270189222,440.0,0.0,0.8125724848198785,23.82794919243112,0,0
2025-04-12 22:00:00,27.802222521132794,79.12962913144534,440.0,0.0,0.7798462816477407,23.628148347421863,0,0
2025-04-12 23:00:00,27.7,79.3,440.0,0.0,0.7688814998538231,23.56,0,0
2025-04-13 00:00:00,29.7022225211328,75.42962913144534,440.0,0.0,1.0248621311743542,24.788148347421863,0,0
2025-04-13 01:00:00,28.501923788646685,70.3301270189222,400.0,0.0,1.154696212163076,22.56794919243113,0,1
2025-04-13 02:00:00,28.97867965644036,69.53553390593274,400.0,0.0,1.2188055719933486,22.885786437626905,0,1
2025-04-13 03:00:00,29.6,68.5,400.0,0.0,1.306204719787817,23.3,0,1
2025-04-13 04:00:00,30.32354286469244,67.2940952255126,400.0,0.0,1.4136946644757424,23.78236190979496,0,1
2025-04-13 05:00:00,31.1,66.0,400.0,0.0,1.5361990103572585,24.3,0,1
2025-04-13 06:00:00,31.876457135307565,64.7059047744874,400.0,0.0,1.666474747533304,24.817638090205044,0,1
2025-04-13 07:00:00,33.88115427325748,62.85942286337126,396.7971143168563,64.05771366287388,1.9625684474947669,26.45303884593173,0,1
2025-04-13 08:00:00,35.69632034355965,61.22696609406726,393.8125,123.75,2.2654001004511515,27.9417135623731,0,1
2025-04-13 09:00:00,37.198254778226726,59.91978369764109,391.2495535828165,175.00892834367053,2.5422444745106136,29.182211517754943,0,1
2025-04-13 10:00:00,38.28460322760018,59.026957994188166,389.2829356281676,214.3412874366485,2.7564160299982285,30.089994826437813,0,1
2025-04-13 11:00:00,38.88133284013089,58.60933357993455,388.0466678996728,239.0666420065444,2.8754320224750067,30.6031995561178,0,1
2025-04-13 12:00:00,38.94777747886721,58.69537086855465,388.375,247.5,2.8797145923057648,30.68685165257813,0,1
2025-04-13 13:00:00,35.19807621135332,66.26987298107781,440.0,239.0666420065444,1.9173992611820234,28.45205080756888,0,0
2025-04-13 14:00:00,34.72132034355965,67.1849364905389,440.0,214.34128743664857,1.816855978133385,28.1342135623731,0,0
2025-04-13 15:00:00,34.1,68.1,440.0,175.00892834367053,1.7063146948284613,27.72,0,0
2025-04-13 16:00:00,33.37645713530756,69.30590477448739,440.0,123.75,1.5768610614647638,27.23763809020504,0,0
2025-04-13 17:00:00,32.6,70.6,440.0,64.05771366287395,1.4460040940198209,26.72,0,0
2025-04-13 18:00:00,31.82354286469244,71.8940952255126,440.0,3.0310008278896993e-14,1.3231046913251847,26.20236190979496,0,0
2025-04-13 19:00:00,31.1,73.1,440.0,0.0,1.215404511135596,25.72,0,0
2025-04-13 20:00:00,30.550961894323343,74.13553390593273,440.0,0.0,1.1326077400806116,25.305786437626907,0,0
2025-04-13 21:00:00,30.001923788646685,74.93012701892219,440.0,0.0,1.0638484029166015,24.987949192431124,0,0
2025-04-13 22:00:00,29.7022225211328,75.42962913144534,440.0,0.0,1.0248621311743542,24.788148347421863,0,0
2025-04-13 23:00:00,29.6,75.6,440.0,0.0,1.0117903226292937,24.72,0,0
2025-04-14 00:00:00,28.950961894323342,76.72962913144535,440.0,0.0,0.9294977261021249,24.848148347421866,0,0
2025-04-14 01:00:00,28.301923788646683,71.63012701892221,400.0,0.0,1.0913581694787111,22.627949192431124,0,1
2025-04-14 02:00:00,28.77867965644036,70.83553390593275,400.0,0.0,1.1533756922070162,22.945786437626907,0,1
2025-04-14 03:00:00,29.4,69.80000000000001,400.0,0.0,1.2379608625506813,23.36,0,1
2025-04-14 04:00:00,30.123542864692435,68.55000000000001,400.0,0.0,1.3439292030757441,23.84236190979496,0,1
2025-04-14 05:00:00,30.9,67.30000000000001,400.0,0.0,1.4607347232158558,24.36,0,1
2025-04-14 06:00:00,31.67645713530756,66.0059047744874,400.0,0.0,1.5870247678302272,24.877638090205043,0,1
2025-04-14 07:00:00,33.85249248111535,64.07375375944234,396.36876879721166,72.62462405576733,1.895371098133238,26.667243233003816,0,1
2025-04-14 08:00:00,35.82732034355964,62.36146609406727,392.985,140.29999999999998,2.215005450240815,28.299613562373096,0,1
2025-04-14 09:00:00,37.46635946737222,60.98573135306836,390.0792918599527,198.4141628009453,2.510946170245662,29.663505737985894,0,1
2025-04-14 10:00:00,38.65791204490547,60.040303585535526,387.8496635849043,243.00672830191348,2.742871020243133,30.66597276201258,0,1
2025-04-14 11:00:00,39.32077573713425,59.58961213143288,386.4480606571644,271.0387868567126,2.874294704089475,31.238698163420825,0,1
2025-04-14 12:00:00,39.409777478867206,59.66437086855466,385.97,280.6,2.882681110012847,31.342651652578137,0,1
2025-04-14 13:00:00,34.998076211353315,67.56987298107782,440.0,271.0387868567126,1.8232487914278255,28.51205080756888,0,0
2025-04-14 14:00:00,34.521320343559644,68.36446609406727,440.0,243.0067283019135,1.732240906942015,28.194213562373097,0,0
2025-04-14 15:00:00,33.9,69.4,440.0,198.4141628009453,1.6186526688919975,27.78,0,0
2025-04-14 16:00:00,33.17645713530756,70.6059047744874,440.0,140.29999999999998,1.4932639600954456,27.29763809020504,0,0
2025-04-14 17:00:00,32.4,71.9,440.0,72.6246240557674,1.3665904466528567,26.78,0,0
2025-04-14 18:00:00,31.623542864692435,73.19409522551261,440.0,3.4363589184074743e-14,1.2476957881704112,26.26236190979496,0,0
2025-04-14 19:00:00,30.9,74.4,440.0,0.0,1.1435721380527801,25.78,0,0
2025-04-14 20:00:00,30.27867965644036,75.43553390593274,440.0,0.0,1.0590628747392143,25.365786437626905,0,0
2025-04-14 21:00:00,29.801923788646683,76.2301270189222,440.0,0.0,0.9971690334179123,25.047949192431123,0,0
2025-04-14 22:00:00,29.5022225211328,76.72962913144535,440.0,0.0,0.959533509440254,24.848148347421866,0,0
2025-04-14 23:00:00,29.4,76.9,440.0,0.0,0.9469170836066472,24.78,0,0
2025-04-15 00:00:00,29.0022225211328,72.92962913144534,440.0,0.0,1.0844910619324475,23.58814834742186,0,0
2025-04-15 01:00:00,27.801923788646683,67.8301270189222,400.0,0.0,1.2020447055705095,21.367949192431123,0,1
2025-04-15 02:00:00,28.27867965644036,67.03553390593274,400.0,0.0,1.2663958098270562,21.685786437626906,0,1
2025-04-15 03:00:00,28.9511112605664,66.0,400.0,0.0,1.3580873187144091,22.1,0,1
2025-04-15 04:00:00,29.623542864692435,64.7940952255126,400.0,0.0,1.4618552392559008,22.582361909794955,0,1
2025-04-15 05:00:00,30.4,63.5,400.0,0.0,1.5846075827467199,23.1,0,1
2025-04-15 06:00:00,31.17645713530756,62.205904774487394,400.0,0.0,1.7150664804764175,23.61763809020504,0,1
2025-04-15 07:00:00,33.4094326710379,60.24528366448105,396.22641832240527,75.47163355189505,2.0461064039311294,25.45848940393411,0,1
2025-04-15 08:00:00,35.43732034355964,58.506466094067264,392.71,145.79999999999998,2.390035677005057,27.13861356237309,0,1
2025-04-15 09:00:00,37.12192295923326,57.10794960713783,389.6903831303001,206.1923373939973,2.7093214809071773,28.543512880660828,0,1
2025-04-15 10:00:00,38.34843763373805,56.14504079111924,387.3733496128229,252.5330077435424,2.9604714730499775,29.5774457919619,0,1
2025-04-15 11:00:00,39.03327941891784,55.683360290541074,385.9168014527054,281.66397094589234,3.103923811656311,30.169951477026057,0,1
2025-04-15 12:00:00,39.1297774788672,55.75437086855465,385.42,291.6,3.1150355811619703,28.71100114229747,0,1
2025-04-15 13:00:00,34.498076211353315,63.76987298107781,440.0,281.66397094589234,1.981267052464017,27.25205080756888,0,0
2025-04-15 14:00:00,34.021320343559644,64.56446609406726,440.0,252.5330077435424,1.8871469688973028,26.93421356237309,0,0
2025-04-15 15:00:00,33.348888739433605,65.6,440.0,206.1923373939973,1.7645227417444325,26.52,0,0
2025-04-15 16:00:00,32.67645713530756,66.8059047744874,440.0,145.79999999999998,1.6396476868642715,26.03763809020504,0,0
2025-04-15 17:00:00,31.9,68.1,440.0,75.47163355189514,1.5082232276193097,25.52,0,0
2025-04-15 18:00:00,31.123542864692435,69.3940952255126,440.0,3.5710700663136823e-14,1.3846990521027538,25.00236190979496,0,0
2025-04-15 19:00:00,30.4,70.6,440.0,0.0,1.2763688474727006,24.52,0,0
2025-04-15 20:00:00,29.77867965644036,71.63553390593273,440.0,0.0,1.1883287678354464,24.105786437626904,0,0
2025-04-15 21:00:00,29.301923788646683,72.28258151868903,440.0,0.0,1.1297900596367427,23.78794919243112,0,0
2025-04-15 22:00:00,29.0022225211328,72.92962913144534,440.0,0.0,1.0844910619324475,23.58814834742186,0,0
2025-04-15 23:00:00,29.302222521132798,73.1,440.0,0.0,1.0964901404403349,23.52,0,0
2025-04-16 00:00:00,29.602222521132795,78.02962913144535,440.0,0.0,0.9111578305993431,25.208148347421865,0,0
2025-04-16 01:00:00,28.401923788646684,72.9301270189222,400.0,0.0,1.0474134586477057,22.987949192431124,0,1
2025-04-16 02:00:00,28.87867965644036,72.13553390593275,400.0,0.0,1.1083590751901915,23.305786437626907,0,1
2025-04-16 03:00:00,29.5,71.10000000000001,400.0,0.0,1.191513900651161,23.72,0,1
2025-04-16 04:00:00,30.22354286469244,69.89409522551261,400.0,0.0,1.293883603368873,24.20236190979496,0,1
2025-04-16 05:00:00,31.0,68.60000000000001,400.0,0.0,1.4106739668512347,24.72,0,1
2025-04-16 06:00:00,31.776457135307563,67.3059047744874,400.0,0.0,1.5350010884896204,25.23763809020505,0,1
2025-04-16 07:00:00,34.0094326710379,65.34528366448106,396.22641832240527,75.47163355189505,1.8443428988079076,27.07848940393411,0,1
2025-04-16 08:00:00,36.03732034355964,63.60646609406727,392.71,145.79999999999998,2.1665702543488807,28.758613562373096,0,1
2025-04-16 09:00:00,37.72192295923326,62.20794960713784,389.6903831303001,206.1923373939973,2.466230341764098,30.16351288066083,0,1
2025-04-16 10:00:00,38.94843763373805,61.24504079111924,387.3733496128229,252.5330077435424,2.702050121280988,31.1974457919619,0,1
2025-04-16 11:00:00,39.63327941891784,60.78336029054108,385.9168014527054,281.66397094589234,2.8364112880103147,31.78995147702605,0,1
2025-04-16 12:00:00,39.729777478867206,60.85437086855466,385.42,291.6,2.8459075032734176,31.900651652578137,0,1
2025-04-16 13:00:00,35.09807621135332,68.8698729810778,440.0,281.66397094589234,1.7598583177894531,28.87205080756888,0,0
2025-04-16 14:00:00,34.621320343559645,69.66446609406727,440.0,252.5330077435424,1.6702932100522652,28.5542135623731,0,0
2025-04-16 15:00:00,34.0,70.7,440.0,206.1923373939973,1.5585432414889435,28.14,0,0
2025-04-16 16:00:00,33.27645713530757,71.9059047744874,440.0,145.79999999999998,1.4352365590242082,27.657638090205047,0,0
2025-04-16 17:00:00,32.5,73.2,440.0,75.47163355189514,1.3107287533075653,27.14,0,0
2025-04-16 18:00:00,31.72354286469244,74.49409522551261,440.0,3.5710700663136823e-14,1.1939306099032252,26.62236190979496,0,0
2025-04-16 19:00:00,31.0,75.7,440.0,0.0,1.0916999170218156,26.14,0,0
2025-04-16 20:00:00,30.37867965644036,76.73553390593274,440.0,0.0,1.0087705760295305,25.72578643762691,0,0
2025-04-16 21:00:00,29.901923788646684,77.5301270189222,440.0,0.0,0.9480610788673997,25.40794919243113,0,0
2025-04-16 22:00:00,29.602222521132795,78.02962913144535,440.0,0.0,0.9111578305993431,25.208148347421865,0,0
2025-04-16 23:00:00,29.5,78.2,440.0,0.0,0.8987890323250973,25.14,0,0
2025-04-17 00:00:00,29.802222521132794,75.32962913144534,440.0,0.0,1.0349635457481765,24.868148347421865,0,0
2025-04-17 01:00:00,28.601923788646683,70.2301270189222,400.0,0.0,1.165325533035206,22.647949192431124,0,1
2025-04-17 02:00:00,29.07867965644036,69.43553390593274,400.0,0.0,1.2298917614773053,22.965786437626907,0,1
2025-04-17 03:00:00,29.7,68.4,400.0,0.0,1.3179087141412742,23.380000000000003,0,1
2025-04-17 04:00:00,30.42354286469244,67.19409522551261,400.0,0.0,1.4261510928488637,23.86236190979496,0,1
2025-04-17 05:00:00,31.2,65.9,400.0,0.0,1.5495038590460832,24.380000000000003,0,1
2025-04-17 06:00:00,31.97645713530756,64.6059047744874,400.0,0.0,1.6806721102305828,24.89763809020504,0,1
2025-04-17 07:00:00,34.09296410074176,62.70351794962912,396.5175897481456,69.64820503708833,1.9941889384209348,26.633667690667583,0,1
2025-04-17 08:00:00,36.012320343559644,61.01896609406726,393.2725,134.54999999999998,2.317428262878792,28.216113562373096,0,1
2025-04-17 09:00:00,37.60372490769932,59.66704863290481,390.485878259135,190.2824348173,2.615234724027699,29.53713463428028,0,1
2025-04-17 10:00:00,38.75872620203505,58.73989650697073,388.3476281920804,233.0474361583925,2.8475335380158096,30.506705503429195,0,1
2025-04-17 11:00:00,39.39861279708777,58.30069360145612,387.00346800728056,259.9306398543883,2.9783591541508514,31.058751517379,0,1
2025-04-17 12:00:00,39.4797774788672,58.37937086855465,386.545,269.1,2.9856791170193833,31.15565165257813,0,1
2025-04-17 13:00:00,35.29807621135332,66.16987298107782,440.0,259.9306398543883,1.9337227865363569,28.532050807568883,0,0
2025-04-17 14:00:00,34.82132034355964,66.96446609406726,440.0,233.0474361583925,1.8392170957914988,28.214213562373093,0,0
2025-04-17 15:00:00,34.2,68.0,440.0,190.2824348173,1.7212099881591598,27.8,0,0
2025-04-17 16:00:00,33.47645713530756,69.2059047744874,440.0,134.54999999999998,1.5908689329529824,27.31763809020504,0,0
2025-04-17 17:00:00,32.7,70.5,440.0,69.64820503708842,1.459105038749477,26.800000000000004,0,0
2025-04-17 18:00:00,31.92354286469244,71.7940952255126,440.0,3.2955245365055276e-14,1.3353439219050631,26.300000000000004,0,0
2025-04-17 19:00:00,31.2,73.0,440.0,1.6477622682527638e-14,1.2268798883942595,25.8,0,0
2025-04-17 20:00:00,30.57867965644036,74.03553390593274,440.0,0.0,1.138788175438008,25.385786437626905,0,0
2025-04-17 21:00:00,30.101923788646683,74.8301270189222,440.0,0.0,1.0742334823398605,25.06794919243112,0,0
2025-04-17 22:00:00,29.802222521132794,75.32962913144534,440.0,0.0,1.0349635457481765,24.868148347421865,0,0
2025-04-17 23:00:00,29.7,75.5,440.0,0.0,1.0217963131791525,24.8,0,0
2025-04-18 00:00:00,30.4022225211328,78.12962913144534,440.0,0.0,0.9495989169045275,26.028148347421865,0,0
2025-04-18 01:00:00,29.201923788646685,73.0301270189222,400.0,0.0,1.0929967082614493,23.807949192431124,0,1
2025-04-18 02:00:00,29.67867965644036,72.23553390593274,400.0,0.0,1.1565255820539937,24.125786437626907,0,1
2025-04-18 03:00:00,30.3,71.2,400.0,0.0,1.2431881102667357,24.54,0,1
2025-04-18 04:00:00,31.02354286469244,69.99409522551261,400.0,0.0,1.3498508124357522,25.02236190979496,0,1
2025-04-18 05:00:00,31.8,68.7,400.0,0.0,1.4715071947083063,25.54,0,1
2025-04-18 06:00:00,32.576457135307564,67.4059047744874,400.0,0.0,1.6009798283001004,26.05763809020504,0,1
2025-04-18 07:00:00,34.68416425320828,65.50791787339587,396.53958936697927,69.20821266041403,1.9057802792632212,27.78574782788745,0,1
2025-04-18 08:00:00,36.59532034355964,63.82746609406726,393.315,133.69999999999996,2.2202047282059563,29.360813562373096,0,1
2025-04-18 09:00:00,38.17968327713897,62.47906944818498,390.5459823355359,189.0803532892828,2.5099231591751954,30.675497166775965,0,1
2025-04-18 10:00:00,39.32928133830639,61.55461893883506,388.4212403514021,231.57519297195887,2.7357743766233367,31.6402051260734,0,1
2025-04-18 11:00:00,39.96577131899393,61.11711434050303,387.0855717025152,258.2885659496968,2.8626238928770995,32.189194187094536,0,1
2025-04-18 12:00:00,40.04577747886721,61.19637086855465,386.63,267.4,2.8689956425467735,32.28505165257814,0,1
2025-04-18 13:00:00,35.89807621135331,68.9698729810778,440.0,258.2885659496968,1.8332147776185255,29.692050807568872,0,0
2025-04-18 14:00:00,35.42132034355964,69.76446609406726,440.0,231.5751929719589,1.7400380678734746,29.374213562373093,0,0
2025-04-18 15:00:00,34.8,70.8,440.0,189.0803532892828,1.6237607369825713,28.96,0,0
2025-04-18 16:00:00,34.076457135307564,72.00590477448739,440.0,133.69999999999996,1.4954295661637949,28.47763809020504,0,0
2025-04-18 17:00:00,33.3,73.3,440.0,69.20821266041412,1.3658153498680583,27.96,0,0
2025-04-18 18:00:00,32.52354286469244,74.5940952255126,440.0,34.60410633020706,1.2441945273816886,27.44236190979496,0,0
2025-04-18 19:00:00,31.8,75.8,440.0,0.0,1.1377148278575404,26.96,0,0
2025-04-18 20:00:00,31.17867965644036,76.83553390593273,440.0,0.0,1.0513181924739274,26.545786437626905,0,0
2025-04-18 21:00:00,30.701923788646685,77.6301270189222,440.0,0.0,0.9880580159988475,26.22794919243113,0,0
2025-04-18 22:00:00,30.4022225211328,78.12962913144534,440.0,0.0,0.9495989169045275,26.028148347421865,0,0
2025-04-18 23:00:00,30.3,78.3,440.0,0.0,0.9367077080829229,25.96,0,0
2025-04-19 00:00:00,30.102222521132795,73.52962913144535,440.0,0.0,1.1297572125141626,24.808148347421863,0,0
2025-04-19 01:00:00,28.901923788646684,68.4301270189222,400.0,0.0,1.2574376007859143,22.587949192431125,0,1
2025-04-19 02:00:00,29.37867965644036,67.63553390593275,400.0,0.0,1.3250580073534644,22.905786437626908,0,1
2025-04-19 03:00:00,30.0,66.60000000000001,400.0,0.0,1.4171837296255103,23.32,0,1
2025-04-19 04:00:00,30.72354286469244,65.39409522551261,400.0,0.0,1.5303994828917264,23.80236190979496,0,1
2025-04-19 05:00:00,31.5,64.10000000000001,400.0,0.0,1.6593227361861556,24.32,0,1
2025-04-19 06:00:00,32.27645713530756,62.8059047744874,400.0,0.0,1.796311827084244,24.83763809020504,0,1
2025-04-19 07:00:00,34.363976367690285,60.91801181615486,396.5900590807743,68.19881838451421,2.121374853293344,26.547578730921256,0,1
2025-04-19 08:00:00,36.25632034355964,59.24696609406726,393.4125,131.74999999999997,2.4553947017423456,28.105713562373097,0,1
2025-04-19 09:00:00,37.82452894820642,57.90664661265126,390.6838681578672,186.3226368426553,2.7622324599696633,29.405858270736672,0,1
2025-04-19 10:00:00,38.9617313568112,56.98839392958266,388.5901153051401,228.1976938971996,3.000971035652265,30.35941014272773,0,1
2025-04-19 11:00:00,39.59042910454339,56.55478544772831,387.27392723864153,254.5214552271695,3.1350623343413577,30.90138619408905,0,1
2025-04-19 12:00:00,39.66777747886721,56.63537086855466,388.375,263.5,3.142208285459544,30.99485165257814,0,1
2025-04-19 13:00:00,35.59807621135332,64.3698729810778,440.0,254.5214552271695,2.0705486704663043,28.47205080756888,0,0
2025-04-19 14:00:00,35.121320343559645,65.16446609406727,440.0,228.1976938971996,1.9718631936698976,28.15421356237309,0,0
2025-04-19 15:00:00,34.5,66.2,440.0,186.3226368426553,1.8485713150990928,27.74,0,0
2025-04-19 16:00:00,33.77645713530757,67.4059047744874,440.0,131.74999999999997,1.7123013988583888,27.257638090205045,0,0
2025-04-19 17:00:00,33.0,68.7,440.0,68.19881838451428,1.5744362600249442,26.74,0,0
2025-04-19 18:00:00,32.22354286469243,69.99409522551261,440.0,3.226944315753276e-14,1.4448350473731475,26.222361909794955,0,0
2025-04-19 19:00:00,31.5,71.2,440.0,0.0,1.331155844071345,25.74,0,0
2025-04-19 20:00:00,30.87867965644036,72.23553390593274,440.0,0.0,1.238754799644091,25.325786437626903,0,0
2025-04-19 21:00:00,30.401923788646684,73.0301270189222,440.0,0.0,1.1709963593829347,25.007949192431123,0,0
2025-04-19 22:00:00,30.102222521132795,73.52962913144535,440.0,0.0,1.1297572125141626,24.808148347421863,0,0
2025-04-19 23:00:00,30.0,73.7,440.0,0.0,1.1159261104536204,24.74,0,0
2025-04-20 00:00:00,29.9022225211328,72.32962913144534,440.0,0.0,1.1675033281168883,24.368148347421865,0,0
2025-04-20 01:00:00,28.701923788646685,67.2301270189222,400.0,0.0,1.2902128759179678,22.147949192431128,0,1
2025-04-20 02:00:00,29.17867965644036,66.43553390593274,400.0,0.0,1.3584296661230209,22.465786437626907,0,1
2025-04-20 03:00:00,29.8,65.4,400.0,0.0,1.451342883377398,22.880000000000003,0,1
2025-04-20 04:00:00,30.52354286469244,64.19409522551261,400.0,0.0,1.5654903129617415,23.36236190979496,0,1
2025-04-20 05:00:00,31.3,62.9,400.0,0.0,1.6954308179765711,23.880000000000003,0,1
2025-04-20 06:00:00,32.076457135307564,61.60590477448739,400.0,0.0,1.8334551350599095,24.39763809020504,0,1
2025-04-20 07:00:00,34.19503465310258,59.70248267344871,396.51241336724354,69.75173265512935,2.166917003431811,26.135531187792324,0,1
2025-04-20 08:00:00,35.95220820752569,58.016966094067264,393.2625,134.74999999999997,2.487678211007086,27.71971356237309,0,1
2025-04-20 09:00:00,37.709381761948805,56.66422020578006,390.4717361235113,190.56527752977456,2.826081468857928,29.042225803104817,0,1
2025-04-20 10:00:00,38.86565440526533,55.73643240535559,388.3303076840047,233.3938463199062,3.0724246604231804,30.01294088633645,0,1
2025-04-20 11:00:00,39.50634020369807,55.29682989815096,386.9841494907548,260.3170101849039,3.2113665911450475,30.565706183328267,0,1
2025-04-20 12:00:00,39.58777747886721,55.375370868554654,386.525,269.5,3.2197140085297535,30.66285165257814,0,1
2025-04-20 13:00:00,35.39807621135331,63.16987298107781,440.0,260.3170101849039,2.1168400970280015,28.03205080756888,0,0
2025-04-20 14:00:00,34.92132034355964,63.96446609406726,440.0,233.39384631990623,2.0173686678694396,27.714213562373097,0,0
2025-04-20 15:00:00,34.3,65.0,440.0,190.56527752977456,1.893065219281279,27.3,0,0
2025-04-20 16:00:00,33.576457135307564,66.2059047744874,440.0,134.74999999999997,1.755635454090424,26.817638090205044,0,0
2025-04-20 17:00:00,32.8,67.5,440.0,69.75173265512942,1.616547397840197,26.3,0,0
2025-04-20 18:00:00,32.02354286469244,68.7940952255126,440.0,3.3004231237021167e-14,1.485745806513624,25.78236190979496,0,0
2025-04-20 19:00:00,31.3,70.0,440.0,0.0,1.3709683164231035,25.3,0,0
2025-04-20 20:00:00,30.67867965644036,71.03553390593274,440.0,0.0,1.2776397623729834,24.885786437626905,0,0
2025-04-20 21:00:00,30.201923788646685,71.68258151868903,440.0,0.0,1.2155127152407685,24.56794919243112,0,0
2025-04-20 22:00:00,29.9022225211328,72.32962913144534,440.0,0.0,1.1675033281168883,24.368148347421865,0,0
2025-04-20 23:00:00,29.8,72.5,440.0,0.0,1.1535239680022675,24.3,0,0
2025-04-21 00:00:00,29.9022225211328,73.82962913144534,440.0,0.0,1.1042134285888157,24.668148347421862,0,0
2025-04-21 01:00:00,28.701923788646685,68.7301270189222,400.0,0.0,1.2311549932403492,22.447949192431125,0,1
2025-04-21 02:00:00,29.17867965644036,67.93553390593274,400.0,0.0,1.2977212820398698,22.765786437626907,0,1
2025-04-21 03:00:00,29.8,66.9,400.0,0.0,1.388423394213638,23.18,0,1
2025-04-21 04:00:00,30.52354286469244,65.69409522551261,400.0,0.0,1.499907960435468,23.66236190979496,0,1
2025-04-21 05:00:00,31.3,64.4,400.0,0.0,1.6268824021554158,24.18,0,1
2025-04-21 06:00:00,32.076457135307564,63.10590477448739,400.0,0.0,1.7618247792347155,24.697638090205043,0,1
2025-04-21 07:00:00,34.26284524291945,61.16857737854028,396.34288689270136,73.14226214597237,2.095966101077427,26.496560718627503,0,1
2025-04-21 08:00:00,36.078744490769566,59.451466094067264,392.935,141.29999999999998,2.4194149305595762,28.137613562373097,0,1
2025-04-21 09:00:00,37.89464373861968,58.07158921744463,390.0085811818341,199.8283763633184,2.7618705491673836,29.508961582108604,0,1
2025-04-21 10:00:00,39.09255306105685,57.12298307745983,387.7630610445259,244.7387791094824,3.0126595457406427,30.301216537637917,0,1
2025-04-21 11:00:00,39.75941277018581,56.67029361490709,386.3514680745355,272.9706385092907,3.1550805493053273,31.09347149316723,0,1
2025-04-21 12:00:00,39.84977747886721,56.744370868554654,385.87,282.6,3.16491364195942,31.198651652578143,0,1
2025-04-21 13:00:00,35.39807621135331,64.66987298107782,440.0,272.9706385092907,2.030626434394944,28.33205080756888,0,0
2025-04-21 14:00:00,34.92132034355964,65.46446609406726,440.0,244.7387791094824,1.9333945269644266,28.014213562373094,0,0
2025-04-21 15:00:00,34.3,66.5,440.0,199.8283763633184,1.8119338527406528,27.6,0,0
2025-04-21 16:00:00,33.576457135307564,67.7059047744874,440.0,141.29999999999998,1.6777090245304005,27.11763809020504,0,0
2025-04-21 17:00:00,32.8,69.0,440.0,73.14226214597244,1.5419375179398807,26.6,0,0
2025-04-21 18:00:00,32.02354286469244,70.2940952255126,440.0,3.4608518543904213e-14,1.4143292356474442,26.08236190979496,0,0
2025-04-21 19:00:00,31.3,71.5,440.0,0.0,1.3024199006019483,25.6,0,0
2025-04-21 20:00:00,30.67867965644036,72.53553390593274,440.0,0.0,1.2114738735443948,25.185786437626906,0,0
2025-04-21 21:00:00,30.201923788646685,73.3301270189222,440.0,0.0,1.1447925503432228,24.867949192431126,0,0
2025-04-21 22:00:00,29.9022225211328,73.82962913144534,440.0,0.0,1.1042134285888157,24.668148347421862,0,0
2025-04-21 23:00:00,29.8,74.0,440.0,0.0,1.0906044788385074,24.6,0,0
2025-04-22 00:00:00,29.102222521132795,76.42962913144534,440.0,0.0,0.9497448833909727,24.38814834742186,0,0
2025-04-22 01:00:00,27.901923788646684,71.3301270189222,400.0,0.0,1.0775280461419765,22.167949192431124,0,1
2025-04-22 02:00:00,28.37867965644036,70.53553390593274,400.0,0.0,1.1385299400517535,22.485786437626903,0,1
2025-04-22 03:00:00,29.0,69.5,400.0,0.0,1.221731668026206,22.9,0,1
2025-04-22 04:00:00,29.72354286469244,68.2940952255126,400.0,0.0,1.3241162675590465,23.38236190979496,0,1
2025-04-22 05:00:00,30.5,67.0,400.0,0.0,1.4408721757654843,23.9,0,1
2025-04-22 06:00:00,31.276457135307563,65.7059047744874,400.0,0.0,1.5651092875391623,24.41763809020504,0,1
2025-04-22 07:00:00,33.51771488048118,63.7411425597594,396.205712798797,75.88574402405908,1.8775107448826418,26.26594339243306,0,1
2025-04-22 08:00:00,35.55332034355965,61.99846609406725,392.67,146.59999999999997,2.2029235183332685,27.953013562373098,0,1
2025-04-22 09:00:00,37.24455037623123,60.59663589863885,391.695030854964,207.3237082438957,2.505612536801366,29.363877555959,0,1
2025-04-22 10:00:00,38.47615044665916,59.631184384658674,387.30406758052015,245.26658025592525,2.743963638705841,30.40238732359089,0,1
2025-04-22 11:00:00,39.164189045359095,59.167905477320446,385.83952738660224,283.2094522679548,2.880021339641342,30.997770140823185,0,1
2025-04-22 12:00:00,39.2617774788672,59.23837086855465,385.34,293.2,2.890129030112874,31.10945165257813,0,1
2025-04-22 13:00:00,34.59807621135332,67.26987298107781,440.0,283.2094522679548,1.7998205830551544,28.05205080756888,0,0
2025-04-22 14:00:00,34.121320343559645,68.06446609406726,440.0,253.91864838959745,1.7102427444404293,27.734213562373096,0,0
2025-04-22 15:00:00,33.5,69.1,440.0,207.3237082438957,1.598441978262407,27.32,0,0
2025-04-22 16:00:00,32.77645713530757,70.30590477448739,440.0,146.59999999999997,1.4750297110729693,26.837638090205044,0,0
2025-04-22 17:00:00,32.0,71.6,440.0,75.88574402405916,1.350356212538355,26.32,0,0
2025-04-22 18:00:00,31.22354286469244,72.8940952255126,440.0,3.5906644151000403e-14,1.2333415612028618,25.80236190979496,0,0
2025-04-22 19:00:00,30.5,74.1,440.0,0.0,1.1308663440098803,25.32,0,0
2025-04-22 20:00:00,29.87867965644036,75.13553390593273,440.0,0.0,1.0476961498533799,24.905786437626904,0,0
2025-04-22 21:00:00,29.401923788646684,75.93012701892219,440.0,0.0,0.986783565402035,24.58794919243112,0,0
2025-04-22 22:00:00,29.200961894323342,76.42962913144534,440.0,0.0,0.9551734980903064,24.38814834742186,0,0
2025-04-22 23:00:00,29.0,76.6,440.0,0.0,0.9373285584201059,24.32,0,0
2025-04-23 00:00:00,29.302222521132794,75.42962913144534,440.0,0.0,1.0015304611276061,24.38814834742186,0,0
2025-04-23 01:00:00,28.101923788646683,70.3301270189222,400.0,0.0,1.128173407201441,22.167949192431124,0,1
2025-04-23 02:00:00,28.57867965644036,69.53553390593274,400.0,0.0,1.1909092841121707,22.485786437626903,0,1
2025-04-23 03:00:00,29.2,68.5,400.0,0.0,1.276445560083451,22.9,0,1
2025-04-23 04:00:00,29.92354286469244,67.2940952255126,400.0,0.0,1.3816586317813928,23.38236190979496,0,1
2025-04-23 05:00:00,30.7,66.0,400.0,0.0,1.5015858713309054,23.9,0,1
2025-04-23 06:00:00,31.47645713530756,64.7059047744874,400.0,0.0,1.6291403049059603,24.41763809020504,0,1
2025-04-23 07:00:00,33.669056900001905,62.76547154999904,396.32735774999526,73.4528450000954,1.9443962515221687,26.222151210001712,0,1
2025-04-23 08:00:00,35.65932034355964,61.04546609406726,392.905,141.89999999999998,2.271377969637877,27.86841356237309,0,1
2025-04-23 09:00:00,37.31161430136817,59.66310393607038,389.9661547749629,200.6769045007422,2.574342180023524,29.244235088582244,0,1
2025-04-23 10:00:00,38.51333767074768,58.71259077261441,387.7110995202988,245.77800959402367,2.812031169766136,30.25585582527056,0,1
2025-04-23 11:00:00,39.18259499001675,58.25870250499162,386.29351252495815,274.1297495008376,2.947057207011309,30.834335491015075,0,1
2025-04-23 12:00:00,39.2737774788672,58.33237086855465,385.81,283.8,2.9562673907126293,30.940251652578134,0,1
2025-04-23 13:00:00,34.79807621135332,66.26987298107781,440.0,274.1297495008376,1.8754734247781728,28.05205080756888,0,0
2025-04-23 14:00:00,34.32132034355964,67.06446609406726,440.0,245.77800959402373,1.7835143553280701,27.734213562373093,0,0
2025-04-23 15:00:00,33.7,68.1,440.0,200.6769045007422,1.6687050461100197,27.32,0,0
2025-04-23 16:00:00,32.97645713530756,69.30590477448739,440.0,141.89999999999998,1.5419206369752505,26.83763809020504,0,0
2025-04-23 17:00:00,32.2,70.6,440.0,73.45284500009546,1.4137805453873098,26.32,0,0
2025-04-23 18:00:00,31.42354286469244,71.8940952255126,440.0,3.4755476159801884e-14,1.2934513180238596,25.80236190979496,0,0
2025-04-23 19:00:00,30.7,73.1,440.0,0.0,1.1880194099647459,25.32,0,0
2025-04-23 20:00:00,30.07867965644036,74.13553390593273,440.0,0.0,1.1024085038120268,24.905786437626904,0,0
2025-04-23 21:00:00,29.601923788646683,74.93012701892219,440.0,0.0,1.0396828825212132,24.58794919243112,0,0
2025-04-23 22:00:00,29.302222521132794,75.42962913144534,440.0,0.0,1.0015304611276061,24.38814834742186,0,0
2025-04-23 23:00:00,29.2,75.6,440.0,0.0,0.988738783048769,24.32,0,0
2025-04-24 00:00:00,30.102222521132795,76.52962913144535,440.0,0.0,1.0017170103434878,25.408148347421864,0,0
2025-04-24 01:00:00,28.901923788646684,71.4301270189222,400.0,0.0,1.1379466923296535,23.187949192431127,0,1
2025-04-24 02:00:00,29.37867965644036,70.63553390593275,400.0,0.0,1.20223274552135,23.50578643762691,0,1
2025-04-24 03:00:00,30.0,69.60000000000001,400.0,0.0,1.2898917778627397,23.92,0,1
2025-04-24 04:00:00,30.72354286469244,68.39409522551261,400.0,0.0,1.397728527498589,24.40236190979496,0,1
2025-04-24 05:00:00,31.5,67.10000000000001,400.0,0.0,1.5206606690953908,24.92,0,1
2025-04-24 06:00:00,32.27645713530756,65.8059047744874,400.0,0.0,1.6514249720988243,25.43763809020504,0,1
2025-04-24 07:00:00,34.48769187124929,63.85615406437536,396.9912286006832,74.38459356246446,1.975410369185468,27.25892268412436,0,1
2025-04-24 08:00:00,36.49532034355965,62.12746609406727,394.1775,143.69999999999996,2.3118789630825303,28.9208135623731,0,1
2025-04-24 09:00:00,38.16252598961359,60.73764809194767,391.695030854964,203.22248891301376,2.6239812320627522,30.310055608003125,0,1
2025-04-24 10:00:00,39.37569149982016,59.78141385807818,389.91946429994914,248.89570104764763,2.8690766278527673,31.3319742714358,0,1
2025-04-24 11:00:00,40.052141649509565,59.32392917524522,388.74696412373237,248.89570104764766,3.0084568789420887,31.91692748455861,0,1
2025-04-24 12:00:00,40.1457774788672,59.396370868554655,388.375,248.89570104764766,3.018112269751035,32.025051652578135,0,1
2025-04-24 13:00:00,35.59807621135332,67.3698729810778,440.0,248.89570104764766,1.896211767089561,29.07205080756888,0,0
2025-04-24 14:00:00,35.121320343559645,68.16446609406727,440.0,248.8957010476477,1.802048383396465,28.7542135623731,0,0
2025-04-24 15:00:00,34.5,69.2,440.0,196.29785052382383,1.6844969380192916,28.34,0,0
2025-04-24 16:00:00,33.77645713530757,70.4059047744874,440.0,143.69999999999996,1.5546991043006215,27.857638090205047,0,0
2025-04-24 17:00:00,33.0,71.7,440.0,74.38459356246453,1.4235318261567385,27.34,0,0
2025-04-24 18:00:00,32.22354286469243,72.99409522551261,440.0,3.519634900749493e-14,1.3003799751233391,26.82236190979496,0,0
2025-04-24 19:00:00,31.5,74.11481456572267,440.0,0.0,1.1964311064482203,26.34,0,0
2025-04-24 20:00:00,30.87867965644036,75.23553390593274,440.0,0.0,1.1049051377654364,25.925786437626904,0,0
2025-04-24 21:00:00,30.401923788646684,76.0301270189222,440.0,0.0,1.0407403110651121,25.607949192431125,0,0
2025-04-24 22:00:00,30.102222521132795,76.52962913144535,440.0,0.0,1.0017170103434878,25.408148347421864,0,0
2025-04-24 23:00:00,30.0,76.7,440.0,0.0,0.98863415869085,25.34,0,0
2025-04-25 00:00:00,30.102222521132795,76.72962913144535,440.0,0.0,0.9931809968654424,25.448148347421863,0,0
2025-04-25 01:00:00,28.901923788646684,71.63012701892221,400.0,0.0,1.129980631765903,23.22794919243113,0,1
2025-04-25 02:00:00,29.37867965644036,70.83553390593275,400.0,0.0,1.1940443947325423,23.54578643762691,0,1
2025-04-25 03:00:00,30.0,69.80000000000001,400.0,0.0,1.2814056477452218,23.96,0,1
2025-04-25 04:00:00,30.72354286469244,68.55000000000001,400.0,0.0,1.3908338490380574,24.44236190979496,0,1
2025-04-25 05:00:00,31.5,67.30000000000001,400.0,0.0,1.5114165312893393,24.96,0,1
2025-04-25 06:00:00,32.27645713530756,66.0059047744874,400.0,0.0,1.6417658484331297,25.47763809020504,0,1
2025-04-25 07:00:00,34.2883887394336,64.10662377817036,396.5331188908517,69.3376221829653,1.9401337868443043,27.208077199293378,0,1
2025-04-25 08:00:00,36.30032034355965,62.42496609406727,393.3025,133.94999999999996,2.269379188070218,28.7853135623731,0,1
2025-04-25 09:00:00,37.88675434495084,61.07553391427905,390.5283046660062,189.4339066798761,2.562902969175026,30.101861127806647,0,1
2025-04-25 10:00:00,39.03794159234423,60.15028881181615,388.39958971630745,232.00820567385108,2.7917599513160947,31.067999354707453,0,1
2025-04-25 11:00:00,39.675430577256826,59.71228471137159,387.0614235568579,258.77152886284136,2.9204483550618368,31.617887519531145,0,1
2025-04-25 12:00:00,39.7557774788672,59.79137086855466,386.605,267.9,2.927249107117927,31.71405165257813,0,1
2025-04-25 13:00:00,35.59807621135332,67.56987298107782,440.0,258.77152886284136,1.8845893068644444,29.11205080756888,0,0
2025-04-25 14:00:00,35.121320343559645,68.36446609406727,440.0,232.0082056738511,1.7907273960449026,28.7942135623731,0,0
2025-04-25 15:00:00,34.5,69.4,440.0,189.4339066798761,1.6735586462139713,28.380000000000003,0,0
2025-04-25 16:00:00,33.77645713530757,70.6059047744874,440.0,133.94999999999996,1.5441922846634364,27.89763809020505,0,0
2025-04-25 17:00:00,33.0,71.9,440.0,69.33762218296538,1.4134715305655248,27.380000000000003,0,0
2025-04-25 18:00:00,32.22354286469243,73.19409522551261,440.0,3.2808287749157587e-14,1.290749636973352,26.86236190979496,0,0
2025-04-25 19:00:00,31.5,74.4,440.0,0.0,1.1832496391745286,26.380000000000003,0,0
2025-04-25 20:00:00,30.87867965644036,75.43553390593274,440.0,0.0,1.095981826973526,25.965786437626907,0,0
2025-04-25 21:00:00,30.401923788646684,76.2301270189222,440.0,0.0,1.0320565745105905,25.647949192431124,0,0
2025-04-25 22:00:00,30.102222521132795,76.72962913144535,440.0,0.0,0.9931809968654424,25.448148347421863,0,0
2025-04-25 23:00:00,29.252222521132797,76.9,440.0,0.0,0.93888447929089,25.380000000000003,0,0
2025-04-26 00:00:00,28.4022225211328,81.12962913144534,440.0,0.0,0.7301631295853307,24.628148347421863,0,0
2025-04-26 01:00:00,27.201923788646685,76.0301270189222,400.0,0.0,0.8647838427424831,22.40794919243113,0,1
2025-04-26 02:00:00,27.67867965644036,75.23553390593274,400.0,0.0,0.9187082993868944,22.72578643762691,0,1
2025-04-26 03:00:00,28.3,74.11481456572267,400.0,0.0,0.9956636589006246,23.174074173710935,0,1
2025-04-26 04:00:00,29.02354286469244,72.99409522551261,400.0,0.0,1.083242125812338,23.62236190979496,0,1
2025-04-26 05:00:00,29.8,71.7,400.0,0.0,1.1870810288896056,24.14,0,1
2025-04-26 06:00:00,30.576457135307564,70.4059047744874,400.0,0.0,1.2978171068654605,24.657638090205044,0,1
2025-04-26 07:00:00,32.584777739888914,68.55761113005555,396.7880556502777,64.23888699444565,1.5451327128672907,26.296299965900022,0,1
2025-04-26 08:00:00,34.40332034355964,66.92346609406727,393.795,124.09999999999998,1.7993243353134083,27.78801356237309,0,1
2025-04-26 09:00:00,35.90815427316333,65.6148339501728,391.2248048454749,175.5039030905011,2.0325499941463847,29.031121063197894,0,1
2025-04-26 10:00:00,36.99672758325316,64.72089581636168,389.2526247390351,214.94750521929765,2.2133039888016306,29.940906746525496,0,1
2025-04-26 11:00:00,37.59485580169893,64.30257209915054,388.0128604957527,239.7427900849468,2.3135490501774196,30.45537022152904,0,1
2025-04-26 12:00:00,37.66177747886721,64.38837086855466,387.59,248.2,2.3163780053191614,30.53945165257814,0,1
2025-04-26 13:00:00,33.89807621135331,71.9698729810778,440.0,239.7427900849468,1.482554792761645,28.29205080756888,0,0
2025-04-26 14:00:00,33.42132034355964,72.76446609406726,440.0,214.94750521929768,1.4026979039756693,27.97421356237309,0,0
2025-04-26 15:00:00,32.8,73.8,440.0,175.5039030905011,1.3031859022588668,27.559999999999995,0,0
2025-04-26 16:00:00,32.076457135307564,75.00590477448739,440.0,124.09999999999998,1.1935572896881737,27.07763809020504,0,0
2025-04-26 17:00:00,31.3,76.3,440.0,64.2388869944457,1.0830649699742516,26.56,0,0
2025-04-26 18:00:00,30.52354286469244,77.5940952255126,440.0,3.03957335548373e-14,0.979621297060365,26.04236190979496,0,0
2025-04-26 19:00:00,29.8,78.8,440.0,0.0,0.8892621135144755,25.56,0,0
2025-04-26 20:00:00,29.17867965644036,79.83553390593273,440.0,0.0,0.8161014349802064,25.145786437626903,0,0
2025-04-26 21:00:00,28.701923788646685,80.6301270189222,440.0,0.0,0.7626291239979099,24.827949192431124,0,0
2025-04-26 22:00:00,28.4022225211328,81.12962913144534,440.0,0.0,0.7301631295853307,24.628148347421863,0,0
2025-04-26 23:00:00,28.3,81.3,440.0,0.0,0.7192882766366587,24.56,0,0
2025-04-27 00:00:00,28.602222521132795,82.62962913144534,440.0,0.0,0.6799655210229096,25.128148347421863,0,0
2025-04-27 01:00:00,27.401923788646684,77.5301270189222,400.0,0.0,0.820212913758081,22.90794919243113,0,1
2025-04-27 02:00:00,27.87867965644036,76.73553390593274,400.0,0.0,0.8731877613383116,23.22578643762691,0,1
2025-04-27 03:00:00,28.5,75.7,400.0,0.0,0.9456052260780075,23.64,0,1
2025-04-27 04:00:00,29.22354286469244,74.49409522551261,400.0,0.0,1.0349572418483775,24.12236190979496,0,1
2025-04-27 05:00:00,30.0,73.2,400.0,0.0,1.1371414357474157,24.64,0,1
2025-04-27 06:00:00,30.776457135307563,71.9059047744874,400.0,32.24885301977408,1.2461788870247619,25.15763809020504,0,1
2025-04-27 07:00:00,32.789954120790966,70.05502293960453,396.7751146980226,64.49770603954816,1.488620428163644,26.80095870871187,0,1
2025-04-27 08:00:00,34.61332034355964,68.41846609406727,393.77,124.59999999999998,1.7381278630227845,28.29701356237309,0,1
2025-04-27 09:00:00,36.12229640878707,67.10776288236093,391.1894495064156,176.21100987168765,1.967277490005437,29.54384898525926,0,1
2025-04-27 10:00:00,36.9682353635059,66.21223556232384,389.2093234688459,215.8135306230821,2.1164543532631903,30.45649520379361,0,1
2025-04-27 11:00:00,37.81417431822472,65.79291284088764,387.9645642044382,240.7087159112358,2.2434650664604363,30.972756886402244,0,1
2025-04-27 12:00:00,37.88177747886721,65.87837086855465,387.54,249.2,2.2460648222008546,31.057451652578138,0,1
2025-04-27 13:00:00,34.09807621135332,73.4698729810778,440.0,240.7087159112358,1.4189310486289037,28.79205080756888,0,0
2025-04-27 14:00:00,33.621320343559645,74.26446609406726,440.0,215.81353062308213,1.3403393106335253,28.47421356237309,0,0
2025-04-27 15:00:00,33.0,75.3,440.0,170.20676531154106,1.242446505514892,28.06,0,0
2025-04-27 16:00:00,32.27645713530757,76.50590477448739,440.0,124.59999999999998,1.1346618559841621,27.57763809020505,0,0
2025-04-27 17:00:00,31.5,77.8,440.0,64.49770603954823,1.026099296471662,27.06,0,0
2025-04-27 18:00:00,30.72354286469244,79.0940952255126,440.0,3.0518198234752044e-14,0.9245354532630656,26.542361909794955,0,0
2025-04-27 19:00:00,30.0,80.3,440.0,0.0,0.8358838165755259,26.06,0,0
2025-04-27 20:00:00,29.37867965644036,81.33553390593273,440.0,0.0,0.7641559783201433,25.645786437626903,0,0
2025-04-27 21:00:00,28.901923788646684,82.1301270189222,440.0,0.0,0.7117624521689911,25.327949192431124,0,0
2025-04-27 22:00:00,28.602222521132795,82.62962913144534,440.0,0.0,0.6799655210229096,25.128148347421863,0,0
2025-04-27 23:00:00,28.5,82.8,440.0,0.0,0.6693172793638573,25.06,0,0
2025-04-28 00:00:00,29.0022225211328,81.32962913144534,440.0,0.0,0.7479709246773442,25.268148347421864,0,0
2025-04-28 01:00:00,27.801923788646683,76.2301270189222,400.0,0.0,0.8881741617629101,23.047949192431123,0,1
2025-04-28 02:00:00,28.27867965644036,75.43553390593274,400.0,0.0,0.9436930312596284,23.365786437626905,0,1
2025-04-28 03:00:00,28.9,74.4,400.0,0.0,1.019542314409286,23.78,0,1
2025-04-28 04:00:00,29.623542864692435,73.19409522551261,400.0,0.0,1.1130619306218275,24.26236190979496,0,1
2025-04-28 05:00:00,30.4,71.9,400.0,0.0,1.2199307691830907,24.78,0,1
2025-04-28 06:00:00,31.17645713530756,70.6059047744874,400.0,0.0,1.3338810505821495,25.29763809020504,0,1
2025-04-28 07:00:00,33.19771869214404,68.75114065392799,396.7557032696399,64.88593460720195,1.5893804885284735,26.94794682292964,0,1
2025-04-28 08:00:00,35.02832034355964,67.11096609406727,393.7325,121.07880232533472,1.8521420996282902,28.450513562373096,0,1
2025-04-28 09:00:00,36.54350961222266,65.79715628064314,391.1364164978266,177.27167004346748,2.093374201377643,29.70294086835129,0,1
2025-04-28 10:00:00,37.64002885344238,64.89924518126708,389.14437156356206,217.1125687287588,2.280457673190786,30.6198778896958,0,1
2025-04-28 11:00:00,37.975903166154794,64.4784239534933,387.8921197674665,242.1576046506694,2.3501538496234597,31.138836883712045,0,1
2025-04-28 12:00:00,38.31177747886721,64.56337086855466,387.465,250.7,2.387457924285752,31.22445165257814,0,1
2025-04-28 13:00:00,34.498076211353315,72.1698729810778,440.0,242.1576046506694,1.5219078227266873,28.932050807568874,0,0
2025-04-28 14:00:00,34.021320343559644,72.96446609406726,440.0,217.1125687287588,1.4397984237669201,28.61421356237309,0,0
2025-04-28 15:00:00,33.4,74.0,440.0,177.27167004346748,1.3374692556243013,28.2,0,0
2025-04-28 16:00:00,32.67645713530756,75.2059047744874,440.0,125.34999999999998,1.224723271058111,27.717638090205035,0,0
2025-04-28 17:00:00,31.9,76.5,440.0,64.88593460720202,1.1110735375878924,27.2,0,0
2025-04-28 18:00:00,31.123542864692435,77.7940952255126,440.0,3.070189525462414e-14,1.0046589218283188,26.68236190979496,0,0
2025-04-28 19:00:00,30.4,79.0,440.0,0.0,0.9116920339090715,26.2,0,0
2025-04-28 20:00:00,29.77867965644036,79.9150635094611,440.0,0.0,0.841458032479851,25.785786437626903,0,0
2025-04-28 21:00:00,29.301923788646683,80.8301270189222,440.0,0.0,0.7813834449670691,25.46794919243112,0,0
2025-04-28 22:00:00,29.0022225211328,81.32962913144534,440.0,0.0,0.7479709246773442,25.268148347421864,0,0
2025-04-28 23:00:00,28.9,81.5,440.0,0.0,0.7367786256473362,25.2,0,0
2025-04-29 00:00:00,29.2022225211328,80.22962913144535,440.0,0.0,0.8012393228760851,25.248148347421868,0,0
2025-04-29 01:00:00,28.001923788646685,75.13012701892221,400.0,0.0,0.9401691859004968,23.027949192431127,0,1
2025-04-29 02:00:00,28.47867965644036,74.33553390593275,400.0,0.0,0.997467322037484,23.34578643762691,0,1
2025-04-29 03:00:00,29.1,73.30000000000001,400.0,0.0,1.075712141010194,23.760000000000005,0,1
2025-04-29 04:00:00,29.82354286469244,72.09409522551262,400.0,0.0,1.1721341523628124,24.24236190979496,0,1
2025-04-29 05:00:00,30.6,70.80000000000001,400.0,0.0,1.282257248441304,24.760000000000005,0,1
2025-04-29 06:00:00,31.376457135307565,69.5059047744874,400.0,0.0,1.3996116442037945,25.277638090205045,0,1
2025-04-29 07:00:00,33.43757682508983,67.6312115874551,396.6560579372754,66.87884125449135,1.6685893049346152,26.96381914258085,0,1
2025-04-29 08:00:00,35.30532034355964,65.97246609406727,393.54,129.19999999999996,1.9457837116474284,28.4998135623731,0,1
2025-04-29 09:00:00,36.852404056525394,64.64270905849177,390.8641803870698,182.7163922586039,2.2008307716804305,29.78094586822375,0,1
2025-04-29 10:00:00,37.97339676562518,63.73256122517567,388.81095178310505,223.7809643378989,2.39917586479379,30.71990901066032,0,1
2025-04-29 11:00:00,38.591904670261904,63.30404766486905,387.52023832434526,249.5952335130952,2.5099108789890914,31.252714203235715,0,1
2025-04-29 12:00:00,38.665777478867206,63.38637086855466,387.08,258.4,2.5142578031663283,31.343051652578136,0,1
2025-04-29 13:00:00,38.18998088161522,63.973920645946855,440.0,249.5952335130952,2.4112671266084087,30.98476501080459,0,1
2025-04-29 14:00:00,34.22132034355965,71.86446609406727,440.0,223.7809643378989,1.515143574229507,28.5942135623731,0,0
2025-04-29 15:00:00,33.6,72.9,440.0,182.7163922586039,1.4097231535838317,28.180000000000003,0,0
2025-04-29 16:00:00,32.87645713530756,74.1059047744874,440.0,129.19999999999996,1.2935123256149437,27.69763809020504,0,0
2025-04-29 17:00:00,32.1,75.4,440.0,66.87884125449142,1.176300701890848,27.180000000000003,0,0
2025-04-29 18:00:00,31.32354286469244,76.69409522551261,440.0,3.16448732899676e-14,1.0664803885111664,26.66236190979496,0,0
2025-04-29 19:00:00,30.6,77.9,440.0,0.0,0.9704755202244116,26.180000000000003,0,0
2025-04-29 20:00:00,29.97867965644036,78.93553390593274,440.0,0.0,0.8926865908088156,25.765786437626907,0,0
2025-04-29 21:00:00,29.501923788646685,79.7301270189222,440.0,0.0,0.8357962132665989,25.447949192431125,0,0
2025-04-29 22:00:00,29.2022225211328,80.22962913144535,440.0,0.0,0.8012393228760851,25.248148347421868,0,0
2025-04-29 23:00:00,29.1,80.4,440.0,0.0,0.7896613469587941,25.180000000000003,0,0
2025-04-30 00:00:00,29.2022225211328,81.02962913144535,440.0,0.0,0.7688175002121317,25.408148347421864,0,0
2025-04-30 01:00:00,28.001923788646685,75.9301270189222,400.0,0.0,0.909926355577533,23.187949192431127,0,1
2025-04-30 02:00:00,28.47867965644036,75.13553390593275,400.0,0.0,0.966374765710569,23.50578643762691,0,1
2025-04-30 03:00:00,29.1,74.10000000000001,400.0,0.0,1.0434810656241207,23.92,0,1
2025-04-30 04:00:00,29.82354286469244,72.89409522551261,400.0,0.0,1.1385316825820253,24.40236190979496,0,1
2025-04-30 05:00:00,30.6,71.60000000000001,400.0,0.0,1.2471269128675695,24.92,0,1
2025-04-30 06:00:00,31.376457135307565,70.3059047744874,400.0,0.0,1.3628934104905914,25.437638090205045,0,1
2025-04-30 07:00:00,33.43550627272901,68.4322468636355,396.6612343181775,66.77531363645035,1.6271080990388658,27.121955645456108,0,1
2025-04-30 08:00:00,35.301320343559645,66.77446609406726,393.55,128.99999999999997,1.899504186640599,28.656213562373097,0,1
2025-04-30 09:00:00,36.84674720227591,65.44553748561651,390.8783225226935,182.43354954612929,2.1501950106703185,29.935854699399208,0,1
2025-04-30 10:00:00,37.96646856239491,64.5360253267908,388.8282722911807,223.43455417638515,2.3451459260962064,30.87367362775307,0,1
2025-04-30 11:00:00,38.5841772636516,64.10791136817421,387.539556840871,249.2088631825796,2.4539074326043195,31.40575953728644,0,1
2025-04-30 12:00:00,38.6577774788672,64.19037086855467,387.1,258.0,2.4579887115878214,31.495851652578136,0,1
2025-04-30 13:00:00,38.18225347500491,64.77778434925202,387.539556840871,249.2088631825796,2.3564800898881875,31.13781034485532,0,1
2025-04-30 14:00:00,34.22132034355965,72.66446609406727,440.0,223.4345541763852,1.472062292621838,28.7542135623731,0,0
2025-04-30 15:00:00,33.6,73.78518543427734,440.0,182.43354954612929,1.3636764228858278,28.340000000000003,0,0
2025-04-30 16:00:00,32.87645713530756,74.9059047744874,440.0,128.99999999999997,1.253549166003466,27.85763809020504,0,0
2025-04-30 17:00:00,32.1,76.2,440.0,66.77531363645042,1.138047020528544,27.340000000000003,0,0
2025-04-30 18:00:00,31.32354286469244,77.49409522551261,440.0,3.159588741800171e-14,1.0298723134733379,26.82236190979496,0,0
2025-04-30 19:00:00,30.6,78.7,440.0,0.0,0.9353451846506773,26.340000000000003,0,0
2025-04-30 20:00:00,29.97867965644036,79.73553390593274,440.0,0.0,0.858783558590582,25.925786437626908,0,0
2025-04-30 21:00:00,29.501923788646685,80.5301270189222,440.0,0.0,0.8028094761894864,25.607949192431125,0,0
2025-04-30 22:00:00,29.2022225211328,81.02962913144535,440.0,0.0,0.7688175002121317,25.408148347421864,0,0
2025-04-30 23:00:00,28.9522225211328,81.2,440.0,0.0,0.7509906436015453,25.340000000000003,0,0
2025-05-01 00:00:00,28.7022225211328,83.02962913144535,440.0,0.0,0.6681676752020865,25.308148347421863,0,0
2025-05-01 01:00:00,27.501923788646685,77.9301270189222,400.0,0.0,0.8103357783890702,23.087949192431125,0,1
2025-05-01 02:00:00,27.97867965644036,77.13553390593275,400.0,0.0,0.8631885873791482,23.405786437626908,0,1
2025-05-01 03:00:00,28.6,76.10000000000001,400.0,0.0,0.9354482223844821,23.820000000000004,0,1
2025-05-01 04:00:00,29.32354286469244,74.89409522551261,400.0,0.0,1.0246184273782433,24.30236190979496,0,1
2025-05-01 05:00:00,30.1,73.60000000000001,400.0,0.0,1.126610259598759,24.820000000000004,0,1
2025-05-01 06:00:00,30.876457135307565,72.3059047744874,400.0,0.0,1.2354586183336496,25.337638090205047,0,1
2025-05-01 07:00:00,32.87649553044563,70.4617522347772,396.8087611738859,63.82477652228161,1.4755553183322916,26.96884597740107,0,1
2025-05-01 08:00:00,34.68732034355965,68.83146609406727,393.835,123.29999999999998,1.7224464344331443,28.4536135623731,0,1
2025-05-01 09:00:00,36.18552685616537,67.52614765867179,391.2813733879699,174.37253224060262,1.9489962683261277,29.690756387899725,0,1
2025-05-01 10:00:00,37.269014770332056,66.63475222282224,389.32190677133786,213.56186457324256,2.124479716561348,30.595965214896506,0,1
2025-05-01 11:00:00,37.86394617525769,66.21802691237117,388.0901345618558,238.19730876288423,2.22156186449725,31.107551557731924,0,1
2025-05-01 12:00:00,37.92977747886721,66.30437086855467,387.67,246.6,2.223791546315881,31.190651652578143,0,1
2025-05-01 13:00:00,37.46202238661101,66.88789989344897,388.0901345618558,238.19730876288423,2.1305827740313976,30.8396023653008,0,1
2025-05-01 14:00:00,33.72132034355965,74.66446609406727,440.0,213.5618645732426,1.3268920934277715,28.6542135623731,0,0
2025-05-01 15:00:00,33.1,75.7,440.0,174.37253224060262,1.2291988534149105,28.24,0,0
2025-05-01 16:00:00,32.37645713530756,76.9059047744874,440.0,123.29999999999998,1.1216488025339735,27.75763809020504,0,0
2025-05-01 17:00:00,31.6,78.2,440.0,63.82477652228168,1.0133402301533714,27.24,0,0
2025-05-01 18:00:00,30.82354286469244,79.49409522551261,440.0,3.019979006697373e-14,0.9120322567778295,26.72236190979496,0,0
2025-05-01 19:00:00,30.1,80.7,440.0,0.0,0.8236203791763657,26.24,0,0
2025-05-01 20:00:00,29.47867965644036,81.73553390593274,440.0,0.0,0.752099195066955,25.825786437626903,0,0
2025-05-01 21:00:00,29.001923788646685,82.5301270189222,440.0,0.0,0.6998645909603621,25.507949192431127,0,0
2025-05-01 22:00:00,28.7022225211328,83.02962913144535,440.0,0.0,0.6681676752020865,25.308148347421863,0,0
2025-05-01 23:00:00,28.6,83.2,440.0,0.0,0.6575535621782135,25.24,0,0
2025-05-02 00:00:00,29.102222521132795,79.22962913144535,440.0,0.0,0.836921640671339,24.948148347421863,0,0
2025-05-02 01:00:00,27.901923788646684,74.13012701892221,400.0,0.0,0.9722928910651184,22.72794919243113,0,1
2025-05-02 02:00:00,28.37867965644036,73.33553390593275,400.0,0.0,1.030335757202236,23.04578643762691,0,1
2025-05-02 03:00:00,29.0,72.30000000000001,400.0,0.0,1.1095726952237996,23.46,0,1
2025-05-02 04:00:00,29.72354286469244,71.09409522551262,400.0,0.0,1.2071814071431197,23.94236190979496,0,1
2025-05-02 05:00:00,30.5,69.80000000000001,400.0,0.0,1.3186163547914431,24.46,0,1
2025-05-02 06:00:00,31.276457135307563,68.5059047744874,400.0,0.0,1.4373232655930426,24.977638090205044,0,1
2025-05-02 07:00:00,33.41056379580874,66.59471810209564,396.4735905104782,70.5281897904369,1.719420766964347,26.729507416227868,0,1
2025-05-02 08:00:00,35.34632034355965,64.90196609406728,393.1875,136.24999999999997,2.0115400328696453,28.3267135623731,0,1
2025-05-02 09:00:00,36.95180816882,63.54300700234447,390.3656701063333,192.68659787333425,2.281610963117848,29.66040956928889,0,1
2025-05-02 10:00:00,38.1176159294924,62.61045164324207,388.200403873437,235.99192253125952,2.4927634105863326,30.63970625814081,0,1
2025-05-02 11:00:00,38.76429575327542,62.16785212336229,386.8392606168114,263.2147876637711,2.6117379831998995,31.19786617794788,0,1
2025-05-02 12:00:00,38.84777747886721,62.24537086855466,386.375,272.5,2.61810961020703,31.29685165257814,0,1
2025-05-02 13:00:00,38.362371964628736,62.837725104440096,440.0,263.2147876637711,2.5105613796671995,30.929916985516755,0,1
2025-05-02 14:00:00,34.121320343559645,70.86446609406727,440.0,235.99192253125955,1.5602944235969936,28.2942135623731,0,0
2025-05-02 15:00:00,33.5,71.9,440.0,192.68659787333425,1.453599339455457,27.880000000000003,0,0
2025-05-02 16:00:00,32.77645713530757,73.1059047744874,440.0,136.24999999999997,1.3359420183974293,27.39763809020505,0,0
2025-05-02 17:00:00,32.0,74.4,440.0,70.52818979043698,1.2172225014430236,26.880000000000003,0,0
2025-05-02 18:00:00,31.22354286469244,75.69409522551261,440.0,35.26409489521849,1.105939196290166,26.36236190979496,0,0
2025-05-02 19:00:00,30.5,76.9,440.0,0.0,1.008610523035839,25.880000000000003,0,0
2025-05-02 20:00:00,29.87867965644036,77.93553390593274,440.0,0.0,0.9297145608463498,25.465786437626907,0,0
2025-05-02 21:00:00,29.401923788646684,78.7301270189222,440.0,0.0,0.8719930143551807,25.147949192431124,0,0
2025-05-02 22:00:00,29.102222521132795,79.22962913144535,440.0,0.0,0.836921640671339,24.948148347421863,0,0
2025-05-02 23:00:00,29.0,79.4,440.0,0.0,0.8251695856176996,24.880000000000003,0,0
2025-05-03 00:00:00,30.302222521132794,71.02962913144535,440.0,0.0,1.2507014516558925,24.508148347421866,0,0
2025-05-03 01:00:00,29.101923788646683,65.9301270189222,400.0,0.0,1.3727883004528625,22.287949192431125,0,1
2025-05-03 02:00:00,29.57867965644036,65.13553390593275,400.0,0.0,1.443946109938385,22.605786437626907,0,1
2025-05-03 03:00:00,30.2,64.01481456572267,400.0,0.0,1.544478056645511,23.020000000000003,0,1
2025-05-03 04:00:00,30.92354286469244,62.89409522551261,400.0,0.0,1.6597745537154238,23.50236190979496,0,1
2025-05-03 05:00:00,31.7,61.6,400.0,0.0,1.7951079093110958,24.02,0,1
2025-05-03 06:00:00,32.47645713530756,60.3059047744874,400.0,0.0,1.9387787505068845,24.537638090205043,0,1
2025-05-03 07:00:00,34.48891884461055,58.45554057769473,396.7777028884736,64.44594223052766,2.2707307542268316,26.180026960149497,0,1
2025-05-03 08:00:00,36.31132034355964,56.81946609406727,393.775,124.5,2.6094995204610223,27.67521356237309,0,1
2025-05-03 09:00:00,37.81946798166233,55.509177095923306,391.19652057422746,176.0695885154503,2.9187583130257573,28.921303400846988,0,1
2025-05-03 10:00:00,38.91058398971371,54.61396761313141,389.2179837228837,215.6403255423252,3.1579509007459956,29.83337751233999,0,1
2025-05-03 11:00:00,39.51031061491956,54.19484469254022,387.9742234627011,240.515530745978,3.2912293601625686,30.349279553427607,0,1
2025-05-03 12:00:00,39.577777478867205,54.280370868554655,387.55,249.0,3.2969565129765104,30.43385165257813,0,1
2025-05-03 13:00:00,39.10838682627288,54.86471767361803,387.9742234627011,240.515530745978,3.1740263879554558,30.08133036099648,0,1
2025-05-03 14:00:00,35.32132034355964,62.66446609406727,440.0,215.64032554232523,2.1368283257907246,28.76066518049824,0,0
2025-05-03 15:00:00,34.7,63.7,440.0,176.0695885154503,2.007432821637051,27.44,0,0
2025-05-03 16:00:00,33.97645713530756,64.9059047744874,440.0,124.5,1.8643006281083199,26.95763809020504,0,0
2025-05-03 17:00:00,33.2,66.2,440.0,64.44594223052773,1.7193563617839096,26.440000000000005,0,0
2025-05-03 18:00:00,32.42354286469244,67.49409522551261,440.0,3.0493705298769096e-14,1.5829614347302046,25.92236190979496,0,0
2025-05-03 19:00:00,31.7,68.7,440.0,0.0,1.4631999364957626,25.44,0,0
2025-05-03 20:00:00,31.07867965644036,69.73553390593274,440.0,0.0,1.3657612610657912,25.025786437626905,0,0
2025-05-03 21:00:00,30.601923788646683,70.5301270189222,440.0,0.0,1.2942503241309895,24.707949192431123,0,0
2025-05-03 22:00:00,30.302222521132794,71.02962913144535,440.0,0.0,1.2507014516558925,24.508148347421866,0,0
2025-05-03 23:00:00,30.2,71.2,440.0,0.0,1.2360911162353163,24.44,0,0
2025-05-04 00:00:00,30.0022225211328,76.52962913144535,440.0,0.0,0.9959900639814419,25.308148347421863,0,0
2025-05-04 01:00:00,28.801923788646683,71.4301270189222,400.0,0.0,1.1313822608589048,23.087949192431125,0,1
2025-05-04 02:00:00,29.27867965644036,70.63553390593275,400.0,0.0,1.195322177703077,23.405786437626908,0,1
2025-05-04 03:00:00,29.9,69.60000000000001,400.0,0.0,1.2825116725452241,23.82,0,1
2025-05-04 04:00:00,30.623542864692435,68.39409522551261,400.0,0.0,1.38977443900219,24.30236190979496,0,1
2025-05-04 05:00:00,31.4,67.10000000000001,400.0,0.0,1.5120567971770418,24.82,0,1
2025-05-04 06:00:00,32.17645713530756,65.8059047744874,400.0,0.0,1.6421348441939752,25.33763809020504,0,1
2025-05-04 07:00:00,34.2258887394336,63.88721234978766,396.4360617489383,71.27876502123421,1.9452253843562433,27.103017770382213,0,1
2025-05-04 08:00:00,36.27532034355964,62.18746609406726,393.115,137.69999999999996,2.2805994246313084,28.712813562373093,0,1
2025-05-04 09:00:00,37.892820362128816,60.822500905690056,390.2631396230613,194.7372075387752,2.5804103454992444,30.057320543266822,0,1
2025-05-04 10:00:00,39.06784540291189,59.88533690653232,388.0748301898883,238.5033962022344,2.814835033773474,31.044912784218354,0,1
2025-05-04 11:00:00,39.72031945120018,59.43984027439991,386.6992013719996,266.0159725600094,2.9472556599232114,31.608287506080163,0,1
2025-05-04 12:00:00,39.805777478867206,59.51637086855466,386.23,275.4,2.9551462695653843,31.70905165257814,0,1
2025-05-04 13:00:00,39.3183956625535,60.10971325547772,386.6992013719996,266.0159725600094,2.836939495691309,31.34033831364904,0,1
2025-05-04 14:00:00,35.021320343559644,68.16446609406727,440.0,238.5033962022344,1.7921210003693913,28.65421356237309,0,0
2025-05-04 15:00:00,34.4,69.2,440.0,194.7372075387752,1.6751747744806769,28.24,0,0
2025-05-04 16:00:00,33.67645713530756,70.4059047744874,440.0,137.69999999999996,1.5460493826346677,27.75763809020504,0,0
2025-05-04 17:00:00,32.9,71.7,440.0,71.27876502123428,1.4155664191545396,27.24,0,0
2025-05-04 18:00:00,32.12354286469244,72.99409522551261,440.0,3.3726772848518107e-14,1.293061793577984,26.72236190979496,0,0
2025-05-04 19:00:00,31.4,74.2,440.0,0.0,1.1857466676950663,26.24,0,0
2025-05-04 20:00:00,30.77867965644036,75.23553390593274,440.0,0.0,1.0986246798230583,25.825786437626903,0,0
2025-05-04 21:00:00,30.301923788646683,76.0301270189222,440.0,0.0,1.0348035429475282,25.507949192431123,0,0
2025-05-04 22:00:00,30.0022225211328,76.52962913144535,440.0,0.0,0.9959900639814419,25.308148347421863,0,0
2025-05-04 23:00:00,29.9,76.7,440.0,0.0,0.98297769639157,25.24,0,0
2025-05-05 00:00:00,28.7022225211328,79.92962913144534,440.0,0.0,0.7902227445444155,24.688148347421865,0,0
2025-05-05 01:00:00,27.501923788646685,74.8301270189222,400.0,0.0,0.9241579519539062,22.467949192431124,0,1
2025-05-05 02:00:00,27.97867965644036,74.03553390593274,400.0,0.0,0.9802210433248261,22.785786437626907,0,1
2025-05-05 03:00:00,28.6,73.0,400.0,0.0,1.0567825106435578,23.200000000000003,0,1
2025-05-05 04:00:00,29.32354286469244,71.7940952255126,400.0,0.0,1.1511351633176041,23.68236190979496,0,1
2025-05-05 05:00:00,30.1,70.5,400.0,0.0,1.2589016158395232,24.200000000000003,0,1
2025-05-05 06:00:00,30.876457135307565,69.2059047744874,400.0,0.0,1.373752420158455,24.717638090205043,0,1
2025-05-05 07:00:00,33.0581865001076,67.27090674994619,396.354533749731,72.90932500538008,1.6517026043917316,26.51236785009684,0,1
2025-05-05 08:00:00,35.03832034355965,65.55596609406726,392.9575,140.84999999999997,1.9407838685387053,28.14951356237309,0,1
2025-05-05 09:00:00,36.68191581655832,64.17795317847529,390.0404009869875,199.19198026025043,2.2091149323908903,29.517506452253382,0,1
2025-05-05 10:00:00,37.876964603788736,63.23077730609389,387.80203218769617,243.9593562460764,2.419712982265353,30.52312006500751,0,1
2025-05-05 11:00:00,38.542026105312615,62.77898694734369,388.74696412373237,272.1013052656305,2.5389948263793243,31.097823494781352,0,1
2025-05-05 12:00:00,38.63177747886721,62.85337086855465,385.915,281.7,2.546195527332129,31.202451652578137,0,1
2025-05-05 13:00:00,38.14010231666593,63.44885992842149,386.3949347367185,272.1013052656305,2.4398286899352555,30.82987430235023,0,1
2025-05-05 14:00:00,33.72132034355965,71.56446609406726,440.0,243.9593562460764,1.4892476808370774,28.034213562373097,0,0
2025-05-05 15:00:00,33.1,72.6,440.0,199.19198026025043,1.3860102297764836,27.62,0,0
2025-05-05 16:00:00,32.37645713530756,73.80590477448739,440.0,140.84999999999997,1.2722115872588795,27.13763809020504,0,0
2025-05-05 17:00:00,31.6,75.1,440.0,72.90932500538017,1.1574390702210533,26.62,0,0
2025-05-05 18:00:00,30.82354286469244,76.3940952255126,440.0,3.4498300331980937e-14,1.049909615865583,26.10236190979496,0,0
2025-05-05 19:00:00,30.1,77.6,440.0,0.0,0.9559117354171297,25.62,0,0
2025-05-05 20:00:00,29.47867965644036,78.63553390593273,440.0,0.0,0.8797518454482821,25.205786437626905,0,0
2025-05-05 21:00:00,29.001923788646685,79.43012701892219,440.0,0.0,0.824054402433352,24.88794919243112,0,0
2025-05-05 22:00:00,28.7022225211328,79.92962913144534,440.0,0.0,0.7902227445444155,24.688148347421865,0,0
2025-05-05 23:00:00,28.6,80.1,440.0,0.0,0.7788878504372891,24.62,0,0
2025-05-06 00:00:00,28.5022225211328,81.02962913144535,440.0,0.0,0.738304305483501,24.70814834742186,0,0
2025-05-06 01:00:00,27.301923788646683,75.9301270189222,400.0,0.0,0.8734914712920929,22.487949192431124,0,1
2025-05-06 02:00:00,27.77867965644036,75.13553390593275,400.0,0.0,0.9278156716099035,22.805786437626907,0,1
2025-05-06 03:00:00,28.4,74.10000000000001,400.0,0.0,1.0020357025809505,23.22,0,1
2025-05-06 04:00:00,29.123542864692435,72.89409522551261,400.0,0.0,1.0935511225967818,23.70236190979496,0,1
2025-05-06 05:00:00,29.9,71.60000000000001,400.0,0.0,1.1981359046146172,24.22,0,1
2025-05-06 06:00:00,31.34130566946883,70.3059047744874,400.0,0.0,1.3601759722621096,24.73763809020504,0,1
2025-05-06 07:00:00,32.78261133893766,68.40869433053118,396.5434716526559,69.13056694688329,1.56981476661269,26.4643502050439,0,1
2025-05-06 08:00:00,34.69232034355964,66.72896609406727,393.3225,133.54999999999998,1.8391448689006566,28.0381135623731,0,1
2025-05-06 09:00:00,36.05820276472166,65.38119076852854,390.5565889372537,188.86822125492688,2.0632796470377506,29.351678790157564,0,1
2025-05-06 10:00:00,37.42408518588368,64.45721701504642,388.4342307324589,231.3153853508236,2.282278309325562,30.31552858889296,0,1
2025-05-06 11:00:00,38.0599757640362,64.0200121179819,387.1000605899095,257.99878820181016,2.3913279366889175,30.863978187632583,0,1
2025-05-06 12:00:00,38.1397774788672,64.09937086855466,386.645,267.1,2.39636432181877,30.95965165257813,0,1
2025-05-06 13:00:00,37.65805197538952,64.68988509905971,387.1000605899095,257.99878820181016,2.2963020694063236,30.59602899520146,0,1
2025-05-06 14:00:00,33.521320343559644,72.66446609406727,440.0,231.3153853508236,1.4157395690487449,28.054213562373096,0,0
2025-05-06 15:00:00,32.9,73.7,440.0,188.86822125492688,1.3155263895323113,27.64,0,0
2025-05-06 16:00:00,32.17645713530756,74.9059047744874,440.0,133.54999999999998,1.2051170788864811,27.15763809020504,0,0
2025-05-06 17:00:00,31.4,76.2,440.0,69.13056694688336,1.0938283213621154,26.64,0,0
2025-05-06 18:00:00,30.623542864692435,77.49409522551261,440.0,3.2710316005225806e-14,0.9896293558236613,26.12236190979496,0,0
2025-05-06 19:00:00,29.9,78.7,440.0,0.0,0.8986019284609631,25.64,0,0
2025-05-06 20:00:00,29.27867965644036,79.73553390593274,440.0,0.0,0.8248937904729867,25.225786437626905,0,0
2025-05-06 21:00:00,28.801923788646683,80.5301270189222,440.0,0.0,0.7710173904713141,24.90794919243112,0,0
2025-05-06 22:00:00,28.5022225211328,81.02962913144535,440.0,0.0,0.738304305483501,24.70814834742186,0,0
2025-05-06 23:00:00,28.4,81.2,440.0,0.0,0.7273463787074081,24.64,0,0
2025-05-07 00:00:00,27.5022225211328,82.22962913144535,440.0,0.0,0.6524830813310512,23.948148347421863,0,0
2025-05-07 01:00:00,26.301923788646683,77.13012701892221,400.0,0.0,0.7825848477897693,21.72794919243113,0,1
2025-05-07 02:00:00,26.77867965644036,76.33553390593275,400.0,0.0,0.8328254088852258,22.04578643762691,0,1
2025-05-07 03:00:00,27.4,75.30000000000001,400.0,0.0,0.9015173120158496,22.46,0,1
2025-05-07 04:00:00,28.123542864692435,74.09409522551262,400.0,0.0,0.9862911966631497,22.94236190979496,0,1
2025-05-07 05:00:00,28.9,72.80000000000001,400.0,0.0,1.0832637090598667,23.46,0,1
2025-05-07 06:00:00,29.67645713530756,71.5059047744874,400.0,0.0,1.1867665350961274,23.97763809020504,0,1
2025-05-07 07:00:00,31.64854307357456,69.67572846321274,396.8786423160636,62.427153678728,1.4134609695122162,25.583688766217104,0,1
2025-05-07 08:00:00,33.43332034355964,68.05846609406727,393.97,120.59999999999998,1.6461728100910695,27.045013562373097,0,1
2025-05-07 09:00:00,34.90915932379722,66.76433142485585,391.47229221889023,170.55415562219525,1.859373504462431,28.26202560876839,0,1
2025-05-07 10:00:00,35.975484026723336,65.8815175946266,389.55573363035967,208.88532739280657,2.0242533219640033,29.151787545648656,0,1
2025-05-07 11:00:00,36.55962618601846,65.47018690699078,388.3509345349538,232.98130930092327,2.115248355912871,29.65366356741662,0,1
2025-05-07 12:00:00,36.6217774788672,65.55837086855466,387.94,241.2,2.117022189651365,29.73345165257813,0,1
2025-05-07 13:00:00,36.15770239737178,66.14005988806858,388.3509345349538,232.98130930092327,2.029089487250277,29.385714374985493,0,1
2025-05-07 14:00:00,32.52132034355964,73.86446609406727,440.0,208.8853273928066,1.279766283660925,27.29421356237309,0,0
2025-05-07 15:00:00,31.9,74.9,440.0,170.55415562219525,1.1867210975938762,26.88,0,0
2025-05-07 16:00:00,31.17645713530756,76.1059047744874,440.0,120.59999999999998,1.0842953524370937,26.39763809020504,0,0
2025-05-07 17:00:00,30.4,77.4,440.0,62.42715367872807,0.9811542841116675,25.88,0,0
2025-05-07 18:00:00,29.623542864692435,78.69409522551261,440.0,2.9538480795434163e-14,0.8846853594923746,25.36236190979496,0,0
2025-05-07 19:00:00,28.9,79.81481456572268,440.0,0.0,0.8038926044704578,24.88,0,0
2025-05-07 20:00:00,28.27867965644036,80.93553390593274,440.0,0.0,0.73239954529286,24.465786437626907,0,0
2025-05-07 21:00:00,27.801923788646683,81.7301270189222,440.0,0.0,0.6826636866507915,24.147949192431124,0,0
2025-05-07 22:00:00,27.5022225211328,82.22962913144535,440.0,0.0,0.6524830813310512,23.948148347421863,0,0
2025-05-07 23:00:00,27.4,82.4,440.0,0.0,0.6423767081570426,23.88,0,0
2025-05-08 00:00:00,28.7022225211328,74.52962913144535,440.0,0.0,1.0028348008181482,23.608148347421867,0,0
2025-05-08 01:00:00,27.501923788646685,69.4301270189222,400.0,0.0,1.1224288349378135,21.38794919243113,0,1
2025-05-08 02:00:00,27.97867965644036,68.63553390593275,400.0,0.0,1.1840840311011671,21.70578643762691,0,1
2025-05-08 03:00:00,28.6,67.60000000000001,400.0,0.0,1.2681390127722691,22.120000000000005,0,1
2025-05-08 04:00:00,29.32354286469244,66.39409522551261,400.0,0.0,1.3715191549539094,22.60236190979496,0,1
2025-05-08 05:00:00,30.1,65.10000000000001,400.0,0.0,1.4893446234847232,23.120000000000005,0,1
2025-05-08 06:00:00,30.876457135307565,63.8059047744874,400.0,0.0,1.614651300756502,23.637638090205044,0,1
2025-05-08 07:00:00,33.007457967267506,61.89627101636625,396.4813550818312,70.37289836337538,1.9174758302789676,25.38671217054076,0,1
2025-05-08 08:00:00,34.94032034355965,60.20496609406727,393.2025,135.94999999999996,2.2301778216498245,26.981313562373103,0,1
2025-05-08 09:00:00,36.54332288744576,58.84724964303159,390.3868833097689,192.26233380462227,2.5187153306532504,28.31277281605208,0,1
2025-05-08 10:00:00,37.707223624646986,57.91564779566477,388.2263846355506,235.47230728898884,2.744150461566561,29.29035318377994,0,1
2025-05-08 11:00:00,38.35270464335996,57.47364767832003,386.8682383916001,262.63523216799763,2.871443342745605,29.847434179023963,0,1
2025-05-08 12:00:00,38.43577747886721,57.551370868554656,388.375,271.9,2.8790622140664333,29.94605165257814,0,1
2025-05-08 13:00:00,37.95078085471327,58.14352065939784,386.8682383916001,262.63523216799763,2.7655190039703292,29.57948498659284,0,1
2025-05-08 14:00:00,33.72132034355965,66.16446609406727,440.0,235.47230728898887,1.7720606395500613,26.9542135623731,0,0
2025-05-08 15:00:00,33.1,67.2,440.0,192.26233380462227,1.6591655305353523,26.540000000000003,0,0
2025-05-08 16:00:00,32.37645713530756,68.4059047744874,440.0,135.94999999999996,1.5344822445216175,26.05763809020504,0,0
2025-05-08 17:00:00,31.6,69.7,440.0,70.37289836337546,1.4084499529195942,25.54,0,0
2025-05-08 18:00:00,30.82354286469244,70.99409522551261,440.0,3.3298146468816533e-14,1.2900830800829592,25.02236190979496,0,0
2025-05-08 19:00:00,30.1,72.2,440.0,0.0,1.1863547430623302,24.540000000000003,0,0
2025-05-08 20:00:00,29.47867965644036,73.23553390593274,440.0,0.0,1.1021145267576893,24.125786437626907,0,0
2025-05-08 21:00:00,29.001923788646685,74.0301270189222,440.0,0.0,1.0403850417733977,23.807949192431124,0,0
2025-05-08 22:00:00,28.7022225211328,74.52962913144535,440.0,0.0,1.0028348008181482,23.608148347421867,0,0
2025-05-08 23:00:00,28.6,74.7,440.0,0.0,0.9902443525660004,23.540000000000003,0,0
2025-05-09 00:00:00,30.2022225211328,71.92962913144534,440.0,0.0,1.2049289199297768,24.588148347421864,0,0
2025-05-09 01:00:00,29.001923788646685,66.8301270189222,400.0,0.0,1.3288258942267923,22.367949192431126,0,1
2025-05-09 02:00:00,29.47867965644036,66.03553390593274,400.0,0.0,1.3985981018368991,22.68578643762691,0,1
2025-05-09 03:00:00,30.1,65.0,400.0,0.0,1.4936120865892644,23.1,0,1
2025-05-09 04:00:00,30.82354286469244,63.794095225512606,400.0,0.0,1.6103143657061283,23.58236190979496,0,1
2025-05-09 05:00:00,31.6,62.5,400.0,0.0,1.7431311298509833,24.1,0,1
2025-05-09 06:00:00,32.37645713530756,61.205904774487394,400.0,0.0,1.8841764542052684,24.61763809020504,0,1
2025-05-09 07:00:00,34.60115046159462,59.24942476920269,396.24712384601344,75.05752307973101,2.24124471282003,26.45103541543516,0,1
2025-05-09 08:00:00,36.621320343559645,57.51446609406726,392.75,144.99999999999997,2.6113913490365226,28.124213562373097,0,1
2025-05-09 09:00:00,38.29929554223529,56.11926331563682,389.74695167279503,205.0609665440988,2.9543691770031897,29.523148205362656,0,1
2025-05-09 10:00:00,39.52072482081695,55.669632499942765,387.4426316451256,242.5897280839643,3.1870363083027344,30.55250426033291,0,1
2025-05-09 11:00:00,40.2023697924766,55.220001684248714,385.9940755188085,280.1184896238298,3.3385881708987037,31.142132813228937,0,1
2025-05-09 12:00:00,40.2977774788672,54.77037086855466,385.5,280.1184896238298,3.3892696780368756,31.251851652578136,0,1
2025-05-09 13:00:00,39.80044600382991,55.36868808483951,440.0,280.1184896238298,3.2569839595888777,30.87418362079781,0,1
2025-05-09 14:00:00,35.22132034355965,63.564466094067264,440.0,242.5897280839643,2.0738474398689744,27.9342135623731,0,0
2025-05-09 15:00:00,34.6,64.6,440.0,205.0609665440988,1.9468437618999288,27.52,0,0
2025-05-09 16:00:00,33.87645713530756,65.8059047744874,440.0,144.99999999999997,1.806398641235744,27.037638090205043,0,0
2025-05-09 17:00:00,33.1,67.1,440.0,75.0575230797311,1.6642239620308874,26.52,0,0
2025-05-09 18:00:00,32.32354286469244,68.39409522551261,440.0,3.5514757175273243e-14,1.5304845283617066,26.002361909794963,0,0
2025-05-09 19:00:00,31.6,69.6,440.0,0.0,1.4130983025991972,25.52,0,0
2025-05-09 20:00:00,30.97867965644036,70.63553390593273,440.0,0.0,1.3176253119391936,25.105786437626904,0,0
2025-05-09 21:00:00,30.501923788646685,71.43012701892219,440.0,0.0,1.2475775967249576,24.787949192431125,0,0
2025-05-09 22:00:00,30.300961894323343,71.92962913144534,440.0,0.0,1.2117594574011965,24.588148347421864,0,0
2025-05-09 23:00:00,30.1,72.1,440.0,0.0,1.190622206166871,24.52,0,0
2025-05-10 00:00:00,29.9022225211328,72.12962913144534,440.0,0.0,1.175941981387298,24.328148347421862,0,0
2025-05-10 01:00:00,28.701923788646685,67.0301270189222,400.0,0.0,1.2980872602749836,22.107949192431125,0,1
2025-05-10 02:00:00,29.17867965644036,66.23553390593274,400.0,0.0,1.3665241173341076,22.425786437626908,0,1
2025-05-10 03:00:00,29.8,65.2,400.0,0.0,1.4597321485992327,22.840000000000003,0,1
2025-05-10 04:00:00,30.52354286469244,63.9940952255126,400.0,0.0,1.5742346266319118,23.32236190979496,0,1
2025-05-10 05:00:00,31.3,62.7,400.0,0.0,1.704570606752725,23.84,0,1
2025-05-10 06:00:00,32.076457135307564,61.40590477448739,400.0,0.0,1.843005849169936,24.357638090205043,0,1
2025-05-10 07:00:00,34.13964737745064,59.53017631127467,396.6508815563734,66.98236887253238,2.169489878756856,26.04568263970558,0,1
2025-05-10 08:00:00,36.009320343559644,57.87046609406726,393.53,129.39999999999998,2.5041948622363686,27.583413562373096,0,1
2025-05-10 09:00:00,37.55806091077488,56.53988063136702,390.8500382514461,182.9992349710785,2.8110331376513984,28.866037037048287,0,1
2025-05-10 10:00:00,38.680324968855466,55.62909712356053,388.7936312750294,224.12737449941272,3.049335821038577,29.80614439356757,0,1
2025-05-10 11:00:00,39.29963207687221,55.20018396156389,387.50091980781946,249.98160384361088,3.182897644793199,30.33966886918499,0,1
2025-05-10 12:00:00,39.37377747886721,55.28237086855465,387.06,258.8,3.189698366238555,30.430251652578143,0,1
2025-05-10 13:00:00,38.89770828822553,55.870056942641696,387.50091980781946,249.98160384361088,3.068429377959964,30.07171967675387,0,1
2025-05-10 14:00:00,34.92132034355964,63.76446609406726,440.0,224.12737449941275,2.028565219990108,27.67421356237309,0,0
2025-05-10 15:00:00,34.3,64.8,440.0,182.9992349710785,1.9038827348200291,27.26,0,0
2025-05-10 16:00:00,33.576457135307564,66.00590477448739,440.0,129.39999999999998,1.7660256446984273,26.77763809020504,0,0
2025-05-10 17:00:00,32.8,67.3,440.0,66.98236887253245,1.6264953818269063,26.26,0,0
2025-05-10 18:00:00,32.02354286469244,68.5940952255126,440.0,3.16938591619335e-14,1.4952680159624478,25.74236190979496,0,0
2025-05-10 19:00:00,31.3,69.8,440.0,0.0,1.3801081051992576,25.26,0,0
2025-05-10 20:00:00,30.67867965644036,70.83553390593273,440.0,0.0,1.2864618808834618,24.845786437626906,0,0
2025-05-10 21:00:00,30.201923788646685,71.6301270189222,440.0,0.0,1.2177643015384485,24.527949192431123,0,0
2025-05-10 22:00:00,29.9022225211328,72.12962913144534,440.0,0.0,1.175941981387298,24.328148347421862,0,0
2025-05-10 23:00:00,29.8,72.3,440.0,0.0,1.161913233224102,24.26,0,0
2025-05-11 00:00:00,29.9022225211328,69.92962913144534,440.0,0.0,1.2687671673618046,23.88814834742186,0,0
2025-05-11 01:00:00,28.701923788646685,64.8301270189222,400.0,0.0,1.3847054882021574,21.667949192431124,0,1
2025-05-11 02:00:00,29.17867965644036,64.03553390593274,400.0,0.0,1.4555630806560624,21.985786437626903,0,1
2025-05-11 03:00:00,29.8,63.0,400.0,0.0,1.5520140660394142,22.4,0,1
2025-05-11 04:00:00,30.52354286469244,61.794095225512606,400.0,0.0,1.6704220770037796,22.88236190979496,0,1
2025-05-11 05:00:00,31.3,60.5,400.0,0.0,1.8051082832904195,23.4,0,1
2025-05-11 06:00:00,32.076457135307564,59.205904774487394,400.0,0.0,1.9480637043802205,23.91763809020504,0,1
2025-05-11 07:00:00,34.2783743856256,57.2608128071872,396.304064035936,73.91871928127993,2.3088832546988582,25.73053694706304,0,1
2025-05-11 08:00:00,36.27732034355965,55.53646609406727,392.86,142.79999999999998,2.682037010243558,27.384613562373097,0,1
2025-05-11 09:00:00,37.93707014549087,54.15037601400903,389.9025151646561,201.949696706878,3.0271059635340816,28.76714534829268,0,1
2025-05-11 10:00:00,39.14451458528392,53.197002315346296,387.63315723395823,247.3368553208357,3.297687847556356,29.78391504835318,0,1
2025-05-11 11:00:00,39.81736831976316,52.74131584011842,386.2065792005921,266.4684276604179,3.4518333088078683,30.36563148778684,0,1
2025-05-11 12:00:00,39.90977747886721,52.814370868554654,385.72,285.6,3.463529907210032,30.472651652578143,0,1
2025-05-11 13:00:00,39.41544453111647,53.41118882119623,386.2065792005921,275.86841598815795,3.3305896048894517,30.09768229535572,0,1
2025-05-11 14:00:00,34.92132034355964,61.564466094067264,440.0,247.33685532083567,2.15172729331746,27.234213562373096,0,0
2025-05-11 15:00:00,34.3,62.6,440.0,201.949696706878,2.022875405746281,26.82,0,0
2025-05-11 16:00:00,33.576457135307564,63.8059047744874,440.0,142.79999999999998,1.8803177413864613,26.337638090205044,0,0
2025-05-11 17:00:00,32.8,65.1,440.0,73.91871928128,1.7359232056807044,25.82,0,0
2025-05-11 18:00:00,32.02354286469244,66.39409522551261,440.0,3.497591258364841e-14,1.600012319899511,25.30236190979496,0,0
2025-05-11 19:00:00,31.3,67.6,440.0,0.0,1.4806457817369518,24.82,0,0
2025-05-11 20:00:00,30.67867965644036,68.63553390593273,440.0,0.0,1.3835051844987252,24.453974596215563,0,0
2025-05-11 21:00:00,30.201923788646685,69.43012701892219,440.0,0.0,1.3121983324969757,24.087949192431125,0,0
2025-05-11 22:00:00,29.9022225211328,69.92962913144534,440.0,0.0,1.2687671673618046,23.88814834742186,0,0
2025-05-11 23:00:00,29.8,70.1,440.0,0.0,1.2541951506642837,23.82,0,0
2025-05-12 00:00:00,30.7022225211328,66.22962913144534,440.0,0.0,1.4916336098085972,23.948148347421863,0,0
2025-05-12 01:00:00,29.501923788646685,61.13012701892219,400.0,0.0,1.6027378503094645,21.72794919243112,0,1
2025-05-12 02:00:00,29.97867965644036,60.335533905932735,400.0,0.0,1.6809320898827482,22.04578643762691,0,1
2025-05-12 03:00:00,30.6,59.3,400.0,0.0,1.7872558223137358,22.46,0,1
2025-05-12 04:00:00,31.32354286469244,58.0940952255126,400.0,0.0,1.9176181331406932,22.94236190979496,0,1
2025-05-12 05:00:00,32.1,56.8,400.0,0.0,2.065698793564416,23.46,0,1
2025-05-12 06:00:00,32.87645713530756,55.50590477448739,400.0,0.0,2.2226557865817935,23.97763809020504,0,1
2025-05-12 07:00:00,35.04472790976227,53.57763604511887,396.3881802255944,72.23639548811354,2.6166412079872856,25.760255118786045,0,1
2025-05-12 08:00:00,37.01232034355965,51.86896609406726,393.0225,139.54999999999998,3.0221606262185228,27.386113562373097,0,1
2025-05-12 09:00:00,38.645146263936624,50.49633795478615,390.1323248685417,197.35350262916543,3.395644077437894,28.744413854893853,0,1
2025-05-12 10:00:00,39.83193128279194,49.553293966592285,387.91461549018817,241.70769019623685,3.6875549766315685,29.7425900761104,0,1
2025-05-12 11:00:00,40.49179796234558,49.10410101882721,386.52050509413607,269.589898117279,3.853398419021504,30.312618166111022,0,1
2025-05-12 12:00:00,40.57977747886721,49.17937086855465,386.045,279.1,3.8657136745096596,30.415651652578138,0,1
2025-05-12 13:00:00,40.089874173698895,49.77397399990502,386.52050509413607,269.589898117279,3.722258416390883,30.044668973679897,0,1
2025-05-12 14:00:00,35.72132034355965,57.86446609406726,440.0,241.70769019623685,2.465247990844074,27.2942135623731,0,0
2025-05-12 15:00:00,35.1,58.9,440.0,197.35350262916543,2.323725259357939,26.880000000000003,0,0
2025-05-12 16:00:00,34.37645713530756,60.10590477448739,440.0,139.54999999999998,2.166957347618693,26.39763809020504,0,0
2025-05-12 17:00:00,33.6,61.4,440.0,72.23639548811362,2.007945156027156,25.880000000000003,0,0
2025-05-12 18:00:00,32.82354286469244,62.694095225512605,440.0,3.4179892164202634e-14,1.8580481728184768,25.362361909794963,0,0
2025-05-12 19:00:00,32.1,63.9,440.0,0.0,1.726197371473968,24.880000000000003,0,0
2025-05-12 20:00:00,31.47867965644036,64.93553390593274,440.0,0.0,1.6187449330146388,24.46578643762691,0,0
2025-05-12 21:00:00,31.001923788646685,65.73012701892219,440.0,0.0,1.5397742885654968,24.147949192431124,0,0
2025-05-12 22:00:00,30.7022225211328,66.22962913144534,440.0,0.0,1.4916336098085972,23.948148347421863,0,0
2025-05-12 23:00:00,30.6,66.4,440.0,0.0,1.4754740940968432,23.880000000000003,0,0
2025-05-13 00:00:00,30.4022225211328,65.81506350946111,440.0,0.0,1.4842902692857305,24.468148347421867,0,0
2025-05-13 01:00:00,29.201923788646685,65.2301270189222,400.0,0.0,1.4091040303248772,22.247949192431125,0,1
2025-05-13 02:00:00,29.67867965644036,64.43553390593274,400.0,0.0,1.4814336681471292,22.565786437626908,0,1
2025-05-13 03:00:00,30.3,63.4,400.0,0.0,1.5798848901306435,22.98,0,1
2025-05-13 04:00:00,31.02354286469244,62.194095225512605,400.0,0.0,1.7007429590358791,23.46236190979496,0,1
2025-05-13 05:00:00,31.8,60.9,400.0,0.0,1.8382086681499932,23.98,0,1
2025-05-13 06:00:00,32.576457135307564,59.60590477448739,400.0,0.0,1.984105746486848,24.497638090205044,0,1
2025-05-13 07:00:00,34.62101240620326,57.739493796898365,396.6974689844918,66.0506203101633,2.326849827406187,26.168911165582937,0,1
2025-05-13 08:00:00,36.47332034355964,56.08846609406727,393.62,123.25213543448511,2.6772995565162043,27.691013562373094,0,1
2025-05-13 09:00:00,38.00714922252945,54.76533647548974,390.97731747205967,180.4536505588069,2.9978454648403154,28.9602165176274,0,1
2025-05-13 10:00:00,39.11797113978298,53.86027403809677,388.9495158477106,221.0096830457888,3.2463298420069995,29.890025947402336,0,1
2025-05-13 11:00:00,39.7300854173794,53.4349572913103,387.6747864565515,246.50427086897025,3.385358378824551,30.41707687564146,0,1
2025-05-13 12:00:00,39.80177747886721,53.518370868554655,387.24,255.2,3.3922524944758456,30.50545165257813,0,1
2025-05-13 13:00:00,39.32816162873272,54.10483027238811,387.6747864565515,246.50427086897025,3.2657057082825762,30.14912768321033,0,1
2025-05-13 14:00:00,35.42132034355964,61.96446609406726,440.0,221.0096830457888,2.1889237059322744,27.81421356237309,0,0
2025-05-13 15:00:00,34.8,63.0,440.0,174.30484152289438,2.0575050434368194,27.4,0,0
2025-05-13 16:00:00,34.076457135307564,64.2059047744874,440.0,127.59999999999998,1.912101386492791,26.91763809020504,0,0
2025-05-13 17:00:00,33.3,65.5,440.0,66.05062031016337,1.764817586908165,26.4,0,0
2025-05-13 18:00:00,32.52354286469244,66.7940952255126,440.0,3.1252986314240455e-14,1.6261812111750813,25.88236190979496,0,0
2025-05-13 19:00:00,31.8,68.0,440.0,0.0,1.5044163012992269,25.4,0,0
2025-05-13 20:00:00,31.17867965644036,69.03553390593274,440.0,0.0,1.4053208216731754,24.985786437626903,0,0
2025-05-13 21:00:00,30.701923788646685,69.8301270189222,440.0,0.0,1.3325772956259632,24.667949192431124,0,0
2025-05-13 22:00:00,30.4022225211328,70.32962913144534,440.0,0.0,1.288270428072404,24.468148347421867,0,0
2025-05-13 23:00:00,30.3,70.5,440.0,0.0,1.2734044879468305,24.4,0,0
2025-05-14 00:00:00,29.602222521132795,77.52962913144535,440.0,0.0,0.9318938899961248,25.108148347421864,0,0
2025-05-14 01:00:00,28.401923788646684,72.4301270189222,400.0,0.0,1.0667599376537185,22.88794919243113,0,1
2025-05-14 02:00:00,28.87867965644036,71.63553390593275,400.0,0.0,1.1282474712471713,23.205786437626905,0,1
2025-05-14 03:00:00,29.5,70.60000000000001,400.0,0.0,1.212128327998067,23.62,0,1
2025-05-14 04:00:00,30.22354286469244,69.39409522551261,400.0,0.0,1.3153724709691146,24.10236190979496,0,1
2025-05-14 05:00:00,31.0,68.10000000000001,400.0,0.0,1.4331369281068278,24.62,0,1
2025-05-14 06:00:00,31.776457135307563,66.8059047744874,400.0,0.0,1.5584762921602175,25.137638090205044,0,1
2025-05-14 07:00:00,33.857764710607825,64.9211176446961,396.6055882234804,67.8882355303912,1.851210409938456,26.84198823954704,0,1
2025-05-14 08:00:00,35.74432034355964,63.25296609406726,393.4425,131.14999999999998,2.1527000898424395,28.39491356237309,0,1
2025-05-14 09:00:00,37.307558385457945,61.9151318940255,390.72629456473845,185.47410870523143,2.4300797472168356,29.690584764263043,0,1
2025-05-14 10:00:00,38.44094674712037,60.99878623442808,388.6420768293671,227.15846341265825,2.64597971225307,30.640703994005985,0,1
2025-05-14 11:00:00,39.06724688471245,60.56637655764378,388.74696412373237,253.36234423562263,2.7669578067971106,31.18052219624121,0,1
2025-05-14 12:00:00,39.14377747886721,60.64737086855466,386.885,262.3,2.7726334575759206,31.27325165257814,0,1
2025-05-14 13:00:00,38.66532309606577,61.23624953872159,387.3318827882189,253.36234423562263,2.661841542146504,30.91257300381009,0,1
2025-05-14 14:00:00,34.621320343559645,69.16446609406727,440.0,227.15846341265828,1.6978235184890915,28.4542135623731,0,0
2025-05-14 15:00:00,34.0,70.2,440.0,185.47410870523143,1.5851395425382429,28.04,0,0
2025-05-14 16:00:00,33.27645713530757,71.4059047744874,440.0,131.14999999999998,1.4607799436305373,27.55763809020505,0,0
2025-05-14 17:00:00,32.5,72.7,440.0,67.88823553039127,1.335182647958826,27.04,0,0
2025-05-14 18:00:00,31.72354286469244,73.99409522551261,440.0,3.2122485541635085e-14,1.2173355943658324,26.52236190979496,0,0
2025-05-14 19:00:00,31.0,75.2,440.0,0.0,1.1141628782774087,26.04,0,0
2025-05-14 20:00:00,30.37867965644036,76.23553390593274,440.0,0.0,1.0304510773561177,25.625786437626907,0,0
2025-05-14 21:00:00,29.901923788646684,77.0301270189222,440.0,0.0,0.9691573502986128,25.307949192431124,0,0
2025-05-14 22:00:00,29.602222521132795,77.52962913144535,440.0,0.0,0.9318938899961248,25.108148347421864,0,0
2025-05-14 23:00:00,29.5,77.7,440.0,0.0,0.9194034596720033,25.04,0,0
2025-05-15 00:00:00,28.102222521132795,82.02962913144535,440.0,0.0,0.6833209874448125,24.508148347421866,0,0
2025-05-15 01:00:00,26.901923788646684,76.9301270189222,400.0,0.0,0.8177986293240124,22.287949192431125,0,1
2025-05-15 02:00:00,27.37867965644036,76.13553390593275,400.0,0.0,0.8699358312027197,22.605786437626907,0,1
2025-05-15 03:00:00,28.0,75.10000000000001,400.0,0.0,0.94120266063482,23.020000000000003,0,1
2025-05-15 04:00:00,28.72354286469244,73.89409522551261,400.0,0.0,1.029127355527151,23.50236190979496,0,1
2025-05-15 05:00:00,29.5,72.60000000000001,400.0,0.0,1.1296706186104433,24.020000000000003,0,1
2025-05-15 06:00:00,30.276457135307563,71.3059047744874,400.0,0.0,1.2369487374580455,24.537638090205043,0,1
2025-05-15 07:00:00,32.26510749246112,69.46744625376945,396.8372312688472,63.25537462305607,1.473645026240257,26.15859674321501,0,1
2025-05-15 08:00:00,34.06532034355964,67.84246609406728,393.89,122.2,1.7167739116065783,27.633813562373096,0,1
2025-05-15 09:00:00,35.55441415779316,66.54170400785789,391.3591551339004,172.81689732199223,1.9396718388205005,28.86275495936474,0,1
2025-05-15 10:00:00,36.63090965256554,65.6538047817055,389.4171695657541,211.6566086849168,2.1122093923272454,29.76167060890664,0,1
2025-05-15 11:00:00,37.221445438900965,65.23927728054953,388.1963864027476,236.0722719450483,2.2076173027505104,30.269300895010872,0,1
2025-05-15 12:00:00,37.2857774788672,65.32637086855466,387.78,244.4,2.2098014553547154,30.351051652578136,0,1
2025-05-15 13:00:00,36.81952165025428,65.90915026162733,388.1963864027476,236.0722719450483,2.1181988591023293,30.001351702579747,0,1
2025-05-15 14:00:00,33.121320343559645,73.66446609406727,440.0,211.6566086849168,1.333757715610698,27.854213562373097,0,0
2025-05-15 15:00:00,32.5,74.7,440.0,172.81689732199223,1.2373670693537837,27.44,0,0
2025-05-15 16:00:00,31.75,75.9059047744874,440.0,122.2,1.1295346163637594,26.957638090205045,0,0
2025-05-15 17:00:00,31.0,77.2,440.0,61.10000000000002,1.024311033255037,26.44,0,0
2025-05-15 18:00:00,30.22354286469244,78.49409522551261,440.0,2.993036777116131e-14,0.9242750806447205,25.92236190979496,0,0
2025-05-15 19:00:00,29.5,79.7,440.0,0.0,0.8369457502843796,25.44,0,0
2025-05-15 20:00:00,28.87867965644036,80.73553390593274,440.0,0.0,0.7662786630101383,25.025786437626905,0,0
2025-05-15 21:00:00,28.401923788646684,81.5301270189222,440.0,0.0,0.7146540197442869,24.707949192431123,0,0
2025-05-15 22:00:00,28.102222521132795,82.02962913144535,440.0,0.0,0.6833209874448125,24.508148347421866,0,0
2025-05-15 23:00:00,28.0,82.2,440.0,0.0,0.6728276047911566,24.44,0,0
2025-05-16 00:00:00,28.0022225211328,81.42962913144534,440.0,0.0,0.7020379299255761,24.28814834742186,0,0
2025-05-16 01:00:00,26.801923788646683,76.3301270189222,400.0,0.0,0.8341542339347969,22.06794919243112,0,1
2025-05-16 02:00:00,27.27867965644036,75.53553390593274,400.0,0.0,0.8866039819629786,22.385786437626905,0,1
2025-05-16 03:00:00,27.9,74.5,400.0,0.0,0.9582841632728732,22.8,0,1
2025-05-16 04:00:00,28.623542864692435,73.2940952255126,400.0,0.0,1.0466988451380501,23.28236190979496,0,1
2025-05-16 05:00:00,29.4,72.0,400.0,0.0,1.1477782831595724,23.8,0,1
2025-05-16 06:00:00,30.17645713530756,70.7059047744874,400.0,0.0,1.2556033189301652,24.31763809020504,0,1
2025-05-16 07:00:00,32.263458729600075,68.81827063519997,396.5913531759998,68.17293648000395,1.5048373656620107,26.027112856640063,0,1
2025-05-16 08:00:00,34.15532034355964,67.14746609406727,393.415,131.69999999999996,1.7626811692820192,27.584813562373093,0,1
2025-05-16 09:00:00,35.72311473464405,65.80735371943244,390.6874036917732,186.25192616453663,2.0007262504993477,28.88458547853054,0,1
2025-05-16 10:00:00,36.85999930600363,64.88925995498644,388.5944454321589,228.1110913568211,2.186389358643697,29.83785129700092,0,1
2025-05-16 11:00:00,37.48849725289081,64.45575137355459,387.278756867773,254.42486264454053,2.290367229785114,30.37964752760173,0,1
2025-05-16 12:00:00,37.5657774788672,64.53637086855466,386.83,263.4,2.294774508133303,30.47305165257813,0,1
2025-05-16 13:00:00,37.086573464244125,65.1256243546324,387.278756867773,254.42486264454053,2.1986424926766373,30.111698335170605,0,1
2025-05-16 14:00:00,33.02132034355964,73.06446609406726,440.0,228.1110913568212,1.3565183178126885,27.634213562373088,0,0
2025-05-16 15:00:00,32.4,74.1,440.0,186.25192616453663,1.259597600295694,27.22,0,0
2025-05-16 16:00:00,31.67645713530756,75.30590477448739,440.0,131.69999999999996,1.1528514138136097,26.73763809020504,0,0
2025-05-16 17:00:00,30.9,76.6,440.0,68.17293648000403,1.0452964074388702,26.22,0,0
2025-05-16 18:00:00,30.123542864692435,77.8940952255126,440.0,3.2257196689541285e-14,0.9446350075308472,25.70236190979496,0,0
2025-05-16 19:00:00,29.4,79.1,440.0,0.0,0.8567345042155382,25.22,0,0
2025-05-16 20:00:00,28.77867965644036,80.13553390593273,440.0,0.0,0.7855858652673336,24.805786437626903,0,0
2025-05-16 21:00:00,28.301923788646683,80.93012701892219,440.0,0.0,0.7335972805624434,24.48794919243112,0,0
2025-05-16 22:00:00,28.0022225211328,81.42962913144534,440.0,0.0,0.7020379299255761,24.28814834742186,0,0
2025-05-16 23:00:00,27.9,81.6,440.0,0.0,0.6914677884008185,24.22,0,0
2025-05-17 00:00:00,27.5022225211328,86.02962913144535,440.0,0.0,0.5129566906103346,24.70814834742186,0,0
2025-05-17 01:00:00,26.301923788646683,83.08258151868904,400.0,0.0,0.5788976343745589,22.487949192431124,0,1
2025-05-17 02:00:00,26.77867965644036,80.13553390593275,400.0,0.0,0.6990917112313726,22.805786437626907,0,1
2025-05-17 03:00:00,27.4,79.10000000000001,400.0,0.0,0.7628223409364883,23.22,0,1
2025-05-17 04:00:00,28.123542864692435,77.89409522551261,400.0,0.0,0.8416173634214333,23.70236190979496,0,1
2025-05-17 05:00:00,28.9,76.60000000000001,400.0,0.0,0.9319253967647381,24.22,0,1
2025-05-17 06:00:00,29.67645713530756,75.3059047744874,400.0,0.0,1.028498206248562,24.73763809020504,0,1
2025-05-17 07:00:00,31.20648014453945,73.69675992773028,397.98379963865136,40.32400722697273,1.1956594754612078,25.94583213008552,0,1
2025-05-17 08:00:00,32.579320343559644,72.28546609406727,396.105,77.89999999999999,1.3615214132402615,27.0364135623731,0,1
2025-05-17 09:00:00,33.7014209415306,71.16820061598916,394.4916381745568,110.16723650886412,1.508325520861996,27.93506106472844,0,1
2025-05-17 10:00:00,34.49631263705952,70.42110328945851,393.2536621045192,134.92675790961553,1.6173821378817956,28.58053329495122,0,1
2025-05-17 11:00:00,34.90982487471673,70.09508756264164,392.47543781320815,150.49124373583686,1.6730955342340745,28.928842387245066,0,1
2025-05-17 12:00:00,34.9137774788672,70.21237086855466,388.375,155.8,1.6668982159098606,28.95625165257813,0,1
2025-05-17 13:00:00,34.50790108607005,70.76496054371944,392.47543781320815,150.49124373583686,1.5996079071906284,28.660893194813937,0,1
2025-05-17 14:00:00,32.52132034355964,77.66446609406727,440.0,134.92675790961556,1.0936934873134363,28.05421356237309,0,0
2025-05-17 15:00:00,31.9,78.7,440.0,110.16723650886412,1.007058142579664,27.605925826289067,0,0
2025-05-17 16:00:00,31.17645713530756,79.9059047744874,440.0,77.89999999999999,0.911854324627782,27.15763809020504,0,0
2025-05-17 17:00:00,30.4,81.2,440.0,40.324007226972775,0.8161814398805021,26.64,0,0
2025-05-17 18:00:00,29.623542864692435,82.49409522551261,440.0,1.9079997130715763e-14,0.7268979103483896,26.12236190979496,0,0
2025-05-17 19:00:00,28.9,83.7,440.0,0.0,0.6491617080027877,25.64,0,0
2025-05-17 20:00:00,28.27867965644036,84.73553390593274,440.0,0.0,0.5864149549885477,25.225786437626905,0,0
2025-05-17 21:00:00,27.801923788646683,85.5301270189222,440.0,0.0,0.5406746311187827,24.90794919243112,0,0
2025-05-17 22:00:00,27.5022225211328,86.02962913144535,440.0,0.0,0.5129566906103346,24.70814834742186,0,0
2025-05-17 23:00:00,27.4,86.2,440.0,0.0,0.5036817370776814,24.64,1,0
2025-05-18 00:00:00,26.4022225211328,92.02962913144536,440.0,0.0,0.2743558885529998,24.808148347421863,1,0
2025-05-18 01:00:00,25.201923788646685,86.9301270189222,400.0,0.0,0.419030459210029,22.587949192431125,1,1
2025-05-18 02:00:00,25.67867965644036,86.13553390593275,400.0,0.0,0.4572663364972653,22.905786437626908,1,1
2025-05-18 03:00:00,26.3,85.10000000000001,400.0,0.0,0.5098056855108742,23.320000000000004,1,1
2025-05-18 04:00:00,27.02354286469244,83.89409522551261,400.0,0.0,0.5750238949620389,23.80236190979496,0,1
2025-05-18 05:00:00,27.8,82.60000000000001,400.0,0.0,0.6500874796917535,24.320000000000004,0,1
2025-05-18 06:00:00,28.576457135307564,81.3059047744874,400.0,0.0,0.7306907389265895,24.837638090205044,0,1
2025-05-18 07:00:00,30.17636128671713,79.66181935664144,397.8090967832072,43.81806433585676,0.8717301802188824,26.108725158045424,0,1
2025-05-18 08:00:00,31.614320343559644,78.21796609406726,395.7675,84.64999999999999,1.013327179806344,27.257913562373098,0,1
2025-05-18 09:00:00,32.62222991982048,77.07274120052898,394.0143410972559,119.71317805488252,1.1290610202967657,28.20688801255676,0,1
2025-05-18 10:00:00,33.63013949608131,76.30418985994761,392.6690949569647,146.61810086070545,1.2347157269177864,28.89097746807084,0,1
2025-05-18 11:00:00,34.070624847814784,75.96468757609262,391.823437880463,163.5312423907393,1.2835368588609053,29.26356236303331,0,1
2025-05-18 12:00:00,34.083777478867205,76.07737086855467,391.535,169.3,1.2784546989256047,29.29925165257814,0,1
2025-05-18 13:00:00,33.6687010591681,76.63456055717042,391.823437880463,163.5312423907393,1.220124772280132,28.995613170602184,0,1
2025-05-18 14:00:00,31.421320343559643,83.66446609406727,440.0,146.61810086070548,0.7516766711774552,28.15421356237309,0,0
2025-05-18 15:00:00,30.8,84.7,440.0,119.71317805488252,0.6795787381532417,27.74,0,0
2025-05-18 16:00:00,30.076457135307564,85.9059047744874,440.0,84.64999999999999,0.600649205471788,27.25763809020504,0,0
2025-05-18 17:00:00,29.3,87.2,440.0,43.81806433585681,0.5216830983374059,26.74,0,0
2025-05-18 18:00:00,28.52354286469244,88.49409522551261,440.0,2.073327030956469e-14,0.4483502407564903,26.22236190979496,1,0
2025-05-18 19:00:00,27.8,89.7,440.0,0.0,0.3848218988979921,25.74,1,0
2025-05-18 20:00:00,27.17867965644036,90.73553390593274,440.0,0.0,0.33378809909144086,25.37397459621556,1,0
2025-05-18 21:00:00,26.701923788646685,91.5301270189222,440.0,0.0,0.29673901609421716,25.007949192431123,1,0
2025-05-18 22:00:00,26.4022225211328,92.02962913144536,440.0,0.0,0.2743558885529998,24.808148347421863,1,0
2025-05-18 23:00:00,26.3,92.2,440.0,0.0,0.2668781440929409,24.74,1,0
2025-05-19 00:00:00,26.602222521132795,91.12962913144534,440.0,0.0,0.3089530994341117,24.828148347421862,1,0
2025-05-19 01:00:00,25.401923788646684,86.0301270189222,400.0,0.0,0.45324035604896784,22.607949192431125,1,1
2025-05-19 02:00:00,25.87867965644036,85.23553390593274,400.0,0.0,0.49275044343558155,22.925786437626908,1,1
2025-05-19 03:00:00,26.5,84.2,400.0,0.0,0.5470090126900561,23.34,0,1
2025-05-19 04:00:00,27.22354286469244,82.99409522551261,400.0,0.0,0.6143155673784234,23.82236190979496,0,1
2025-05-19 05:00:00,28.0,81.7,400.0,0.0,0.6917272566111329,24.34,0,1
2025-05-19 06:00:00,28.776457135307563,80.4059047744874,400.0,0.0,0.7747937434064838,24.857638090205043,0,1
2025-05-19 07:00:00,30.0647431564137,78.91762842179315,396.9912286006832,28.23715782068501,0.8978659996878582,25.84826884077233,0,1
2025-05-19 08:00:00,31.212320343559643,77.61896609406726,397.2725,54.54999999999999,1.0177065718170428,26.73611356237309,0,1
2025-05-19 09:00:00,32.140983207902366,76.59841948280328,396.1427325086274,77.14534982745234,1.1215879392115844,27.46066710446302,0,1
2025-05-19 10:00:00,32.78744490992485,75.92553715302584,395.2758314223559,94.48337155288225,1.1966175686838165,27.97255234053002,0,1
2025-05-19 11:00:00,33.10765015296275,75.64617492351863,394.73087461759314,105.38250764813736,1.2324498946399254,28.23688513766648,0,1
2025-05-19 12:00:00,33.07977747886721,75.77937086855466,394.545,109.1,1.22379589986443,28.23565165257814,0,1
2025-05-19 13:00:00,32.705726364316064,76.31604790459643,394.73087461759314,105.38250764813736,1.1718135572736519,27.96893594523535,0,1
2025-05-19 14:00:00,31.62132034355964,82.76446609406726,440.0,94.48337155288226,0.8021365067424667,28.17421356237309,0,0
2025-05-19 15:00:00,31.0,83.8,440.0,77.14534982745234,0.7277999446812106,27.76,0,0
2025-05-19 16:00:00,30.276457135307563,85.00590477448739,440.0,54.54999999999999,0.6463673802139269,27.27763809020504,0,0
2025-05-19 17:00:00,29.5,86.3,440.0,28.23715782068504,0.5648353093052219,26.76,0,0
2025-05-19 18:00:00,28.72354286469244,87.5940952255126,440.0,1.3360896578697624e-14,0.48905625312657136,26.24236190979496,1,0
2025-05-19 19:00:00,28.0,88.8,440.0,0.0,0.42335220076746943,25.76,1,0
2025-05-19 20:00:00,27.37867965644036,89.83553390593273,440.0,0.0,0.37052717732799045,25.345786437626906,1,0
2025-05-19 21:00:00,26.901923788646684,90.48258151868905,440.0,0.0,0.3373807820746614,25.027949192431123,1,0
2025-05-19 22:00:00,26.602222521132795,91.12962913144534,440.0,0.0,0.3089530994341117,24.828148347421862,1,0
2025-05-19 23:00:00,26.5,91.3,440.0,0.0,0.301201165215411,24.76,1,0
2025-05-20 00:00:00,26.90096189432334,78.02962913144535,440.0,0.0,0.7787786495998944,24.108148347421864,0,0
2025-05-20 01:00:00,27.301923788646683,72.9301270189222,400.0,0.0,0.9823609454241887,21.88794919243112,0,1
2025-05-20 02:00:00,27.77867965644036,72.13553390593275,400.0,0.0,1.0397604446969015,22.205786437626905,0,1
2025-05-20 03:00:00,28.4,71.10000000000001,400.0,0.0,1.1181016140768136,22.62,0,1
2025-05-20 04:00:00,29.123542864692435,69.89409522551261,400.0,0.0,1.214582071206848,23.10236190979496,0,1
2025-05-20 05:00:00,29.9,68.60000000000001,400.0,0.0,1.3246995565105277,23.62,0,1
2025-05-20 06:00:00,30.67645713530756,67.3059047744874,400.0,0.0,1.4419730091254441,24.137638090205044,0,1
2025-05-20 07:00:00,32.26186742019139,65.66906628990431,397.8453314495215,43.0933710095697,1.6566699954446746,25.39568067817225,0,1
2025-05-20 08:00:00,33.68632034355964,64.23196609406726,395.8375,83.24999999999999,1.8696160472534713,26.532713562373097,0,1
2025-05-20 09:00:00,34.85274179270452,63.09254019040221,394.113336046622,117.73327906756018,2.058358213716634,27.471249830784963,0,1
2025-05-20 10:00:00,35.68164207346938,62.32843857125357,392.7903385134945,139.27996457234502,2.199268199747753,28.147329787720096,0,1
2025-05-20 11:00:00,36.11653300154259,61.9917334992287,391.9586674961435,160.82665007712987,2.2725479733822223,28.51487970138833,0,1
2025-05-20 12:00:00,36.1277774788672,62.10537086855466,391.675,166.5,2.267150533027361,28.548851652578133,0,1
2025-05-20 13:00:00,35.71460921289591,62.66160648030651,391.9586674961435,160.82665007712987,2.1837730125677624,28.24693050895721,0,1
2025-05-20 14:00:00,33.521320343559644,69.66446609406727,440.0,144.19322973010904,1.571113110380032,27.4542135623731,0,0
2025-05-20 15:00:00,32.9,70.7,440.0,113.7216148650545,1.4655864339656544,27.04,0,0
2025-05-20 16:00:00,32.17645713530756,71.9059047744874,440.0,83.24999999999999,1.3491888696471936,26.54,0,0
2025-05-20 17:00:00,31.4,73.2,440.0,43.09337100956975,1.2317058408615418,26.04,0,0
2025-05-20 18:00:00,30.623542864692435,74.49409522551261,440.0,2.039036920580343e-14,1.121545317311088,25.52236190979496,0,0
2025-05-20 19:00:00,29.9,75.7,440.0,0.0,1.0251655803568736,25.04,0,0
2025-05-20 20:00:00,29.27867965644036,76.73553390593274,440.0,0.0,0.9470130390103793,24.625786437626907,0,0
2025-05-20 21:00:00,28.801923788646683,77.5301270189222,440.0,0.0,0.8898189960935969,24.307949192431124,0,0
2025-05-20 22:00:00,28.5022225211328,77.8650635094611,440.0,0.0,0.8614654413350352,24.108148347421864,0,0
2025-05-20 23:00:00,28.4,78.2,440.0,0.0,0.8434122902032714,24.04,0,0
2025-05-21 00:00:00,29.4022225211328,68.92962913144535,440.0,0.0,1.2738022786365035,23.188148347421865,0,0
2025-05-21 01:00:00,28.201923788646685,63.83012701892219,400.0,0.0,1.3833528734813922,20.96794919243112,0,1
2025-05-21 02:00:00,28.67867965644036,63.03553390593274,400.0,0.0,1.4534038972725671,21.285786437626907,0,1
2025-05-21 03:00:00,29.3,62.0,400.0,0.0,1.5487466981891738,21.700000000000003,0,1
2025-05-21 04:00:00,30.02354286469244,60.794095225512606,400.0,0.0,1.6657797427136893,22.18236190979496,0,1
2025-05-21 05:00:00,30.8,59.5,400.0,0.0,1.798884895111522,22.700000000000003,0,1
2025-05-21 06:00:00,31.576457135307564,58.205904774487394,400.0,0.0,1.9401449160168431,23.217638090205043,0,1
2025-05-21 07:00:00,33.57649553044563,56.36175223477719,396.8087611738859,63.82477652228161,2.267053422064495,24.848845977401066,0,1
2025-05-21 08:00:00,35.387320343559644,54.73146609406727,393.835,123.29999999999998,2.6003022271321456,26.33361356237309,0,1
2025-05-21 09:00:00,36.67816755694585,53.42614765867178,391.2813733879699,174.37253224060262,2.8715818768708923,27.57075638789972,0,1
2025-05-21 10:00:00,37.96901477033206,52.53475222282223,389.32190677133786,213.56186457324256,3.139193046390018,28.475965214896505,0,1
2025-05-21 11:00:00,38.56394617525768,52.11802691237116,388.0901345618558,238.19730876288423,3.270079884209082,28.98755155773192,0,1
2025-05-21 12:00:00,38.62977747886721,52.204370868554655,387.67,246.6,3.2757727905210023,29.070651652578142,0,1
2025-05-21 13:00:00,38.162022386611,52.787899893448966,388.0901345618558,238.19730876288423,3.155192929367812,28.7196023653008,0,1
2025-05-21 14:00:00,34.42132034355964,60.564466094067264,440.0,213.5618645732426,2.147390975989958,26.534213562373097,0,0
2025-05-21 15:00:00,33.8,61.6,440.0,174.37253224060262,2.019959613309167,26.12,0,0
2025-05-21 16:00:00,33.076457135307564,62.8059047744874,440.0,123.29999999999998,1.8789565394712662,25.637638090205044,0,0
2025-05-21 17:00:00,32.3,64.1,440.0,63.82477652228168,1.73611593174308,25.12,0,0
2025-05-21 18:00:00,31.52354286469244,65.39409522551261,440.0,3.019979006697373e-14,1.6016458856740146,24.60236190979496,0,0
2025-05-21 19:00:00,30.8,66.6,440.0,0.0,1.4835248270796257,24.12,0,0
2025-05-21 20:00:00,30.17867965644036,67.63553390593273,440.0,0.0,1.3873821509782773,23.705786437626905,0,0
2025-05-21 21:00:00,29.701923788646685,68.43012701892219,440.0,0.0,1.3167978561434925,23.38794919243112,0,0
2025-05-21 22:00:00,29.4022225211328,68.92962913144535,440.0,0.0,1.2738022786365035,23.188148347421865,0,0
2025-05-21 23:00:00,29.3,69.1,440.0,0.0,1.259375604580144,23.12,0,0
2025-05-22 00:00:00,29.802222521132794,70.82962913144534,440.0,0.0,1.2237461133342649,23.968148347421863,0,0
2025-05-22 01:00:00,28.601923788646683,65.7301270189222,400.0,0.0,1.3414755925934572,21.74794919243112,0,1
2025-05-22 02:00:00,29.15096189432334,64.93553390593274,400.0,0.0,1.4168695136856033,22.065786437626905,0,1
2025-05-22 03:00:00,29.7,63.9,400.0,0.0,1.5055855879905065,22.48,0,1
2025-05-22 04:00:00,30.42354286469244,62.694095225512605,400.0,0.0,1.621776848697878,22.96236190979496,0,1
2025-05-22 05:00:00,31.2,61.4,400.0,0.0,1.7539838404451265,23.48,0,1
2025-05-22 06:00:00,31.97645713530756,60.10590477448739,400.0,0.0,1.894352512225605,23.99763809020504,0,1
2025-05-22 07:00:00,33.99564813978321,58.25217593010839,396.76087965054194,64.78240698916095,2.220137366258482,25.64608332580489,0,1
2025-05-22 08:00:00,35.82432034355964,56.776080318938135,393.7425,125.15,2.5432829031496196,27.146913562373093,0,1
2025-05-22 09:00:00,37.33785275797317,55.29998470776788,391.1505586334504,176.98882733099288,2.8568712703703585,28.39784969952675,0,1
2025-05-22 10:00:00,38.4331006502121,54.402709282882206,389.1616920716377,216.766158567245,3.09217280110576,29.31364250678854,0,1
2025-05-22 11:00:00,39.03542468640308,53.98228765679846,387.9114382839923,241.7712343201538,3.2234375199405547,29.831882217762768,0,1
2025-05-22 12:00:00,39.1037774788672,54.067370868554654,387.485,250.3,3.2292992780921255,29.91725165257813,0,1
2025-05-22 13:00:00,38.63350089775639,54.65216063787627,387.9114382839923,241.7712343201538,3.1086313828415757,29.563933025331647,0,1
2025-05-22 14:00:00,36.4167504488782,62.46446609406726,440.0,216.766158567245,2.281483667620452,27.31421356237309,0,0
2025-05-22 15:00:00,34.2,63.5,440.0,176.98882733099288,1.963255142744042,26.899999999999995,0,0
2025-05-22 16:00:00,33.47645713530756,64.7059047744874,440.0,125.15,1.8233456511634702,26.41763809020504,0,0
2025-05-22 17:00:00,32.7,66.0,440.0,62.57500000000002,1.6816803836434646,25.9,0,0
2025-05-22 18:00:00,31.92354286469244,67.2940952255126,440.0,3.065290938265825e-14,1.5483861092277706,25.38236190979496,0,0
2025-05-22 19:00:00,31.2,68.5,440.0,0.0,1.4313598697933025,24.9,0,0
2025-05-22 20:00:00,30.57867965644036,69.53553390593274,440.0,0.0,1.3361558690738102,24.485786437626903,0,0
2025-05-22 21:00:00,30.101923788646683,70.3301270189222,440.0,0.0,1.2662904972546167,24.167949192431124,0,0
2025-05-22 22:00:00,29.802222521132794,70.82962913144534,440.0,0.0,1.2237461133342649,23.968148347421863,0,0
2025-05-22 23:00:00,29.7,71.0,440.0,0.0,1.2094731870283848,23.9,0,0
2025-05-23 00:00:00,30.0022225211328,71.12962913144534,440.0,0.0,1.225144787424932,24.22814834742186,0,0
2025-05-23 01:00:00,28.801923788646683,66.0301270189222,400.0,0.0,1.3452251509790139,22.007949192431123,0,1
2025-05-23 02:00:00,29.27867965644036,65.23553390593274,400.0,0.0,1.4151368250703833,22.325786437626903,0,1
2025-05-23 03:00:00,29.9,64.2,400.0,0.0,1.510326245957863,22.74,0,1
2025-05-23 04:00:00,30.623542864692435,62.9940952255126,400.0,0.0,1.6272231696795596,23.222361909794955,0,1
2025-05-23 05:00:00,31.4,61.7,400.0,0.0,1.7602363322760093,23.74,0,1
2025-05-23 06:00:00,32.17645713530756,60.40590477448739,400.0,33.49118443626619,1.9014640675632581,24.257638090205035,0,1
2025-05-23 07:00:00,34.239647377450645,58.53017631127467,396.6508815563734,66.98236887253238,2.2354925709640865,25.94568263970558,0,1
2025-05-23 08:00:00,36.109320343559645,56.87046609406726,393.53,129.39999999999998,2.577733632464036,27.48341356237309,0,1
2025-05-23 09:00:00,37.658060910774886,55.53988063136702,390.8500382514461,176.76368724970635,2.8913503637443885,28.76603703704829,0,1
2025-05-23 10:00:00,38.78032496885546,54.62909712356053,388.7936312750294,224.12737449941272,3.1348758526682334,29.70614439356757,0,1
2025-05-23 11:00:00,39.399632076872216,54.20018396156389,387.50091980781946,249.98160384361088,3.271415178523904,30.239668869184992,0,1
2025-05-23 12:00:00,39.473777478867206,54.28237086855465,387.06,258.8,3.278527183848612,30.33025165257813,0,1
2025-05-23 13:00:00,38.99770828822553,54.870056942641696,387.50091980781946,249.98160384361088,3.1548579604977642,29.97171967675387,0,1
2025-05-23 14:00:00,35.021320343559644,62.76446609406726,440.0,224.12737449941275,2.096103758459441,27.574213562373096,0,0
2025-05-23 15:00:00,34.4,63.8,440.0,182.9992349710785,1.9688742479285881,27.16,0,0
2025-05-23 16:00:00,33.67645713530756,65.00590477448739,440.0,129.39999999999998,1.828155208226185,26.67763809020504,0,0
2025-05-23 17:00:00,32.9,66.3,440.0,66.98236887253245,1.6856744991345587,26.16,0,0
2025-05-23 18:00:00,32.12354286469244,67.5940952255126,440.0,3.16938591619335e-14,1.551617607339038,25.64236190979496,0,0
2025-05-23 19:00:00,31.4,68.8,440.0,0.0,1.4339262027940338,25.16,0,0
2025-05-23 20:00:00,30.77867965644036,69.83553390593273,440.0,0.0,1.3381845899180218,24.745786437626904,0,0
2025-05-23 21:00:00,30.301923788646683,70.6301270189222,440.0,0.0,1.2679269782001,24.42794919243112,0,0
2025-05-23 22:00:00,30.0022225211328,71.12962913144534,440.0,0.0,1.225144787424932,24.22814834742186,0,0
2025-05-23 23:00:00,29.9,71.3,440.0,0.0,1.2107922698042088,24.16,0,0
2025-05-24 00:00:00,28.102222521132795,77.52962913144535,440.0,0.0,0.854432895262048,23.608148347421864,0,0
2025-05-24 01:00:00,26.901923788646684,72.4301270189222,400.0,0.0,0.977318095901766,21.38794919243113,0,1
2025-05-24 02:00:00,27.37867965644036,71.63553390593275,400.0,0.0,1.0339751700666822,21.705786437626905,0,1
2025-05-24 03:00:00,28.0,70.60000000000001,400.0,0.0,1.111299527014607,22.12,0,1
2025-05-24 04:00:00,28.72354286469244,69.39409522551261,400.0,0.0,1.2065229731039835,22.60236190979496,0,1
2025-05-24 05:00:00,29.5,68.10000000000001,400.0,0.0,1.3152004647325966,23.12,0,1
2025-05-24 06:00:00,30.276457135307563,66.8059047744874,400.0,0.0,1.430935314655019,23.637638090205044,0,1
2025-05-24 07:00:00,31.51142643312258,65.34428678343872,398.7214339171936,25.571321656129047,1.6028493701968112,24.580283789810323,0,1
2025-05-24 08:00:00,32.609320343559645,64.07046609406727,397.53,49.39999999999999,1.7680782728749929,25.4234135623731,0,1
2025-05-24 09:00:00,33.49531921097793,63.0712514812655,396.5068925009385,69.8621499812309,1.909806558752841,26.10956950723104,0,1
2025-05-24 10:00:00,34.10904367674526,62.414737769615634,395.72183450530486,85.56330989390253,2.011428269256545,26.591991230668384,0,1
2025-05-24 11:00:00,34.4086694327472,62.1456652836264,388.74696412373237,95.43347163735994,2.059842612967336,26.83780248947248,0,1
2025-05-24 12:00:00,34.373777478867204,62.28237086855466,395.06,98.8,2.0484318084146853,26.83025165257813,0,1
2025-05-24 13:00:00,34.00674564410051,62.81553826470421,395.228326418132,95.43347163735994,1.9786812920396224,26.569853297041355,0,1
2025-05-24 14:00:00,33.121320343559645,69.16446609406727,440.0,85.56330989390254,1.5616592930644229,26.9542135623731,0,0
2025-05-24 15:00:00,32.5,70.2,440.0,69.8621499812309,1.4574521212151281,26.54,0,0
2025-05-24 16:00:00,31.776457135307563,71.4059047744874,440.0,49.39999999999999,1.3425044183907229,26.05763809020504,0,0
2025-05-24 17:00:00,31.0,72.7,440.0,25.57132165612908,1.2264776845553733,25.54,0,0
2025-05-24 18:00:00,30.22354286469244,73.99409522551261,440.0,1.2099510375575847e-14,1.1176748890468933,25.02236190979496,0,0
2025-05-24 19:00:00,29.5,75.2,440.0,0.0,1.0224755964065328,24.54,0,0
2025-05-24 20:00:00,28.87867965644036,76.23553390593274,440.0,0.0,0.945274227522957,24.125786437626907,0,0
2025-05-24 21:00:00,28.401923788646684,77.0301270189222,440.0,0.0,0.8887723307984016,23.807949192431124,0,0
2025-05-24 22:00:00,28.102222521132795,77.52962913144535,440.0,0.0,0.854432895262048,23.608148347421864,0,0
2025-05-24 23:00:00,28.0,77.7,440.0,0.0,0.8429244711709436,23.54,0,0
2025-05-25 00:00:00,27.4022225211328,75.2150635094611,440.0,0.0,0.9047349842993647,22.968148347421867,0,0
2025-05-25 01:00:00,26.201923788646685,72.7301270189222,400.0,0.0,0.9276591367326892,20.747949192431125,0,1
2025-05-25 02:00:00,26.67867965644036,71.93553390593274,400.0,0.0,0.9818856544498438,21.065786437626908,0,1
2025-05-25 03:00:00,27.3,70.9,400.0,0.0,1.0559149891842141,21.480000000000004,0,1
2025-05-25 04:00:00,28.02354286469244,69.69409522551261,400.0,0.0,1.1471133458615104,21.96236190979496,0,1
2025-05-25 05:00:00,28.8,68.4,400.0,0.0,1.251237590938033,22.480000000000004,0,1
2025-05-25 06:00:00,29.576457135307564,67.1059047744874,400.0,20.31729504054788,1.3621670562086243,22.997638090205044,0,1
2025-05-25 07:00:00,31.11269180162192,65.49365409918904,397.9682704959452,40.63459008109576,1.5602029304010827,24.211422621459725,0,1
2025-05-25 08:00:00,32.49132034355964,64.07946609406727,396.075,78.49999999999999,1.7559356072955714,25.307213562373096,0,1
2025-05-25 09:00:00,33.618391504279074,62.95971533461493,394.4492117676856,111.01576464628796,1.9287896508152598,26.21033457120206,0,1
2025-05-25 10:00:00,34.417097246750345,62.21071098461309,393.20170058029214,135.96598839415685,2.057265370467673,26.85923944367296,0,1
2025-05-25 11:00:00,34.833007094547675,61.88349645272616,392.4174822636308,151.65035472738373,2.123467424572408,27.209706385092908,0,1
2025-05-25 12:00:00,34.8377774788672,62.000370868554654,392.15,157.0,2.1175152709805647,27.237851652578133,0,1
2025-05-25 13:00:00,34.43108330590099,62.55336943380397,392.4174822636308,151.65035472738373,2.040194081573282,26.941757192661782,0,1
2025-05-25 14:00:00,32.42132034355964,69.46446609406726,440.0,135.96598839415688,1.4868228271714825,26.31421356237309,0,0
2025-05-25 15:00:00,31.8,70.5,440.0,111.01576464628796,1.3868837777602252,25.9,0,0
2025-05-25 16:00:00,31.076457135307564,71.7059047744874,440.0,78.49999999999999,1.276681791841083,25.41763809020504,0,0
2025-05-25 17:00:00,30.3,73.0,440.0,40.6345900810958,1.1654888533750651,24.9,0,0
2025-05-25 18:00:00,29.52354286469244,74.2940952255126,440.0,20.3172950405479,1.061262380519631,24.38236190979496,0,0
2025-05-25 19:00:00,28.8,75.5,440.0,0.0,0.9701050942399309,23.9,0,0
2025-05-25 20:00:00,28.17867965644036,76.53553390593274,440.0,0.0,0.8962098940704196,23.485786437626903,0,0
2025-05-25 21:00:00,27.701923788646685,77.18258151868903,440.0,0.0,0.8476261187030992,23.167949192431124,0,0
2025-05-25 22:00:00,27.4022225211328,77.82962913144534,440.0,0.0,0.8092943932831825,22.968148347421867,0,0
2025-05-25 23:00:00,27.3,78.0,440.0,0.0,0.79828624611865,22.9,0,0
2025-05-26 00:00:00,26.5022225211328,83.62962913144534,440.0,0.0,0.5668299053670554,23.22814834742186,0,0
2025-05-26 01:00:00,25.301923788646683,78.5301270189222,400.0,0.0,0.6924455493752525,21.007949192431123,0,1
2025-05-26 02:00:00,25.77867965644036,77.73553390593274,400.0,0.0,0.7386708165272992,21.325786437626903,0,1
2025-05-26 03:00:00,26.4,76.7,400.0,0.0,0.8019269192451132,21.74,0,1
2025-05-26 04:00:00,27.123542864692435,75.45,400.0,0.0,0.881655113380541,22.222361909794955,0,1
2025-05-26 05:00:00,27.9,74.2,400.0,0.0,0.9695580946054952,22.74,0,1
2025-05-26 06:00:00,28.67645713530756,72.9059047744874,400.0,15.736197942233261,1.0651741548780918,23.25763809020504,0,1
2025-05-26 07:00:00,30.02944791768933,71.38527604115534,398.4263802057767,31.47239588446652,1.2161936260763428,24.3065031259204,0,1
2025-05-26 08:00:00,31.23732034355964,70.05646609406726,396.96,60.79999999999999,1.3635233314135224,25.24861356237309,0,1
2025-05-26 09:00:00,32.217759903199,69.01003113515496,391.695030854964,85.98418459228418,1.491732633502715,26.01976613022999,0,1
2025-05-26 10:00:00,32.90395126087096,68.31728397755278,394.7345655449906,105.30868910018772,1.5851214552888446,26.56740805638152,0,1
2025-05-26 11:00:00,33.24913160953501,68.02543419523249,394.12717097616246,117.4565804767507,1.6309803509667429,26.85421844858152,0,1
2025-05-26 12:00:00,33.229777478867206,68.15437086855466,393.92,121.6,1.6226440756282385,26.86065165257813,0,1
2025-05-26 13:00:00,32.84720782088833,68.6953071763103,394.12717097616246,117.4565804767507,1.5612269040748934,26.586269256150388,0,1
2025-05-26 14:00:00,31.52132034355964,75.26446609406726,440.0,105.30868910018776,1.144676705452285,26.57421356237309,0,0
2025-05-26 15:00:00,30.9,76.3,440.0,85.98418459228418,1.058697643431676,26.16,0,0
2025-05-26 16:00:00,30.17645713530756,77.50590477448739,440.0,60.79999999999999,0.9641417631798728,25.67763809020504,0,0
2025-05-26 17:00:00,29.4,78.8,440.0,31.47239588446656,0.8690321286779622,25.16,0,0
2025-05-26 18:00:00,28.623542864692435,80.0940952255126,440.0,1.4891705077631814e-14,0.7801827990785186,24.64236190979496,0,0
2025-05-26 19:00:00,27.9,81.3,440.0,0.0,0.7027417197334406,24.16,0,0
2025-05-26 20:00:00,27.35096189432334,82.33553390593273,440.0,0.0,0.6428827021164324,23.745786437626904,0,0
2025-05-26 21:00:00,26.801923788646683,83.1301270189222,440.0,0.0,0.5945142157863628,23.42794919243112,0,0
2025-05-26 22:00:00,26.5022225211328,83.62962913144534,440.0,0.0,0.5668299053670554,23.22814834742186,0,0
2025-05-26 23:00:00,26.4,83.8,440.0,0.0,0.5575629223935982,23.16,0,0
2025-05-27 00:00:00,27.9022225211328,78.62962913144534,440.0,0.0,0.803197656829535,23.628148347421863,0,0
2025-05-27 01:00:00,26.701923788646685,73.5301270189222,400.0,0.0,0.9273626749883587,21.40794919243113,0,1
2025-05-27 02:00:00,27.17867965644036,72.73553390593274,400.0,0.0,0.982307476532245,21.72578643762691,0,1
2025-05-27 03:00:00,27.8,71.7,400.0,0.0,1.057326188234289,22.14,0,1
2025-05-27 04:00:00,28.52354286469244,70.49409522551261,400.0,0.0,1.1497556922870396,22.62236190979496,0,1
2025-05-27 05:00:00,29.3,69.2,400.0,0.0,1.2552999553743827,23.14,0,1
2025-05-27 06:00:00,30.076457135307564,67.9059047744874,400.0,0.0,1.367756673209148,24.089568681343078,0,1
2025-05-27 07:00:00,31.79904151409573,66.20047924295214,397.5023962147607,49.9520757047865,1.5889309956305442,25.03913736268616,0,1
2025-05-27 08:00:00,33.35132034355964,64.69946609406726,395.175,96.5,1.8109613136089413,26.29121356237309,0,1
2025-05-27 09:00:00,34.62750838673339,63.50515689338776,393.1764195615498,136.4716087690037,2.0101178515846767,27.32853976541094,0,1
2025-05-27 10:00:00,35.54063553747514,62.698941839250686,391.6428548534802,167.14290293039664,2.1608080107862215,28.08042390532528,0,1
2025-05-27 11:00:00,36.0284736894758,62.33576315526209,390.6788157763105,180.07145146519832,2.2411295847385295,28.49562632052822,0,1
2025-05-27 12:00:00,36.05777747886721,62.44037086855465,390.35,193.0,2.238500183658417,28.54585165257814,0,1
2025-05-27 13:00:00,35.62654990082912,63.005636136339895,390.6788157763105,186.4236844737902,2.1531984008624465,28.2276771280971,0,1
2025-05-27 14:00:00,32.92132034355964,70.26446609406726,440.0,167.14290293039667,1.4891528252216772,26.97421356237309,0,0
2025-05-27 15:00:00,32.3,71.3,440.0,136.4716087690037,1.3879255498893146,26.559999999999995,0,0
2025-05-27 16:00:00,31.576457135307564,72.50590477448739,440.0,96.5,1.2763173549860474,26.07763809020504,0,0
2025-05-27 17:00:00,30.8,73.8,440.0,49.95207570478656,1.1637230679486883,25.56,0,0
2025-05-27 18:00:00,30.02354286469244,75.0940952255126,440.0,2.3635683223543918e-14,1.0582016123830087,25.04236190979496,0,0
2025-05-27 19:00:00,29.3,76.3,440.0,0.0,0.9659288617653531,24.56,0,0
2025-05-27 20:00:00,28.67867965644036,77.33553390593273,440.0,0.0,0.891142949742381,24.145786437626903,0,0
2025-05-27 21:00:00,28.201923788646685,78.1301270189222,440.0,0.0,0.8364351084913744,23.827949192431124,0,0
2025-05-27 22:00:00,27.9022225211328,78.62962913144534,440.0,0.0,0.803197656829535,23.628148347421863,0,0
2025-05-27 23:00:00,27.8,78.8,440.0,0.0,0.7920606074405279,23.56,0,0
2025-05-28 00:00:00,28.802222521132794,72.8650635094611,440.0,0.0,1.0745765863014896,23.20814834742186,0,0
2025-05-28 01:00:00,28.440451088786578,66.9301270189222,400.0,0.0,1.2824357567678,20.987949192431124,0,1
2025-05-28 02:00:00,28.07867965644036,66.13553390593275,400.0,0.0,1.2859291062472737,21.305786437626907,0,1
2025-05-28 03:00:00,28.7,65.10000000000001,400.0,0.0,1.373926972529453,21.72,0,1
2025-05-28 04:00:00,29.42354286469244,63.89409522551261,400.0,0.0,1.4820649976217162,22.20236190979496,0,1
2025-05-28 05:00:00,30.2,62.6,400.0,0.0,1.605201657888918,22.72,0,1
2025-05-28 06:00:00,30.97645713530756,61.3059047744874,400.0,26.06307784182384,1.7360393134766274,23.23763809020504,0,1
2025-05-28 07:00:00,32.74252311367295,59.57873844316352,397.3936922158176,52.12615568364768,2.004067844590534,24.65827080230566,0,1
2025-05-28 08:00:00,34.335320343559644,58.05746609406727,394.965,100.7,2.273025364854955,25.94681356237309,0,1
2025-05-28 09:00:00,35.646302325972734,56.84575992376811,392.8794347134515,142.4113057309707,2.5144550819847367,27.015454310726355,0,1
2025-05-28 10:00:00,36.58612780531092,56.0261957053328,389.91946429994914,174.41751632218595,2.6976775036516583,27.791366946377483,0,1
2025-05-28 11:00:00,37.09074922829237,55.65462538585382,390.2731269292691,194.5374614146184,2.7963737577161543,28.22167430546313,0,1
2025-05-28 12:00:00,37.1257774788672,55.756370868554654,389.93,201.4,2.7952816422755453,28.27705165257813,0,1
2025-05-28 13:00:00,36.68882543964568,56.32449836693163,390.2731269292691,194.5374614146184,2.6944469570171323,27.953725113032007,0,1
2025-05-28 14:00:00,33.82132034355964,63.66446609406727,440.0,174.41751632218595,1.913635751934603,26.554213562373093,0,0
2025-05-28 15:00:00,33.2,64.7,440.0,142.4113057309707,1.7956591589044975,26.140000000000004,0,0
2025-05-28 16:00:00,32.47645713530756,65.9059047744874,440.0,100.7,1.665257942407943,25.65763809020504,0,0
2025-05-28 17:00:00,31.7,67.2,440.0,52.12615568364773,1.5333213392032274,25.14,0,0
2025-05-28 18:00:00,30.92354286469244,68.49409522551261,440.0,2.4664386534827693e-14,1.409282413521147,24.62236190979496,0,0
2025-05-28 19:00:00,30.2,69.7,440.0,0.0,1.3004708618725724,24.14,0,0
2025-05-28 20:00:00,29.57867965644036,70.73553390593274,440.0,0.0,1.2120166091728206,23.725786437626905,0,0
2025-05-28 21:00:00,29.101923788646683,71.5301270189222,440.0,0.0,1.1471457074556513,23.40794919243113,0,0
2025-05-28 22:00:00,28.802222521132794,72.02962913144535,440.0,0.0,1.1076608067978257,23.20814834742186,0,0
2025-05-28 23:00:00,28.7,72.2,440.0,0.0,1.0944174738200232,23.14,0,0
2025-05-29 00:00:00,27.7022225211328,78.42962913144534,440.0,0.0,0.8013145087199101,23.388148347421865,0,0
2025-05-29 01:00:00,26.501923788646685,73.3301270189222,400.0,0.0,0.9234375786575233,21.167949192431124,0,1
2025-05-29 02:00:00,26.97867965644036,72.53553390593274,400.0,0.0,0.9779775194379408,21.485786437626903,0,1
2025-05-29 03:00:00,27.6,71.5,400.0,0.0,1.0524428586833068,21.9,0,1
2025-05-29 04:00:00,28.32354286469244,70.2940952255126,400.0,0.0,1.144189861369696,22.38236190979496,0,1
2025-05-29 05:00:00,29.1,69.0,400.0,0.0,1.248954171210338,22.9,0,1
2025-05-29 06:00:00,29.876457135307565,67.7059047744874,400.0,0.0,1.3605794813705268,23.417638090205045,0,1
2025-05-29 07:00:00,31.418385820614173,66.09080708969292,396.9912286006832,39.52499999999999,1.560065606671783,24.63654723855276,0,1
2025-05-29 08:00:00,32.80232034355964,64.67396609406727,394.1775,79.04999999999998,1.7573431414270806,25.737113562373096,0,1
2025-05-29 09:00:00,33.933947853465185,63.551937160021865,394.4103208947203,111.79358210559316,1.9316484463170263,26.64433528546956,0,1
2025-05-29 10:00:00,34.7361498056336,62.80118470517145,393.154069183084,136.91861633831974,2.0612612303302256,27.29638674666789,0,1
2025-05-29 11:00:00,35.15425746272604,62.47287126863698,392.3643563431849,152.71287313630168,2.128087405182199,27.64883171645344,0,1
2025-05-29 12:00:00,35.159777478867206,62.589370868554646,392.095,158.1,2.122127555021676,27.67765165257813,0,1
2025-05-29 13:00:00,34.75233367407935,63.14274424971478,392.3643563431849,152.71287313630168,2.0441658403411607,27.380882524022308,0,1
2025-05-29 14:00:00,32.72132034355964,70.06446609406726,440.0,136.91861633831977,1.4824226186217397,26.734213562373093,0,0
2025-05-29 15:00:00,32.1,71.1,440.0,111.79358210559316,1.3819142392132322,26.32,0,0
2025-05-29 16:00:00,31.376457135307565,72.30590477448739,440.0,79.04999999999998,1.2710978262075852,25.83763809020504,0,0
2025-05-29 17:00:00,30.6,73.6,440.0,40.91929103070857,1.1593010739332341,25.32,0,0
2025-05-29 18:00:00,29.82354286469244,74.8940952255126,440.0,1.9361665894519653e-14,1.0545255081300564,24.80236190979496,0,0
2025-05-29 19:00:00,29.1,76.1,440.0,0.0,0.9629033771589384,24.32,0,0
2025-05-29 20:00:00,28.47867965644036,77.13553390593273,440.0,0.0,0.8886433748932822,23.905786437626908,0,0
2025-05-29 21:00:00,28.001923788646685,77.93012701892219,440.0,0.0,0.8343192797701242,23.587949192431125,0,0
2025-05-29 22:00:00,27.7022225211328,78.42962913144534,440.0,0.0,0.8013145087199101,23.388148347421865,0,0
2025-05-29 23:00:00,27.6,78.6,440.0,0.0,0.7902553395025534,23.32,0,0
2025-05-30 00:00:00,27.0022225211328,78.72962913144535,440.0,0.0,0.7584599658364426,22.748148347421864,0,0
2025-05-30 01:00:00,25.801923788646683,73.63012701892221,400.0,0.0,0.8760812523909823,20.527949192431123,0,1
2025-05-30 02:00:00,26.27867965644036,72.83553390593275,400.0,0.0,0.92826810503519,20.845786437626906,0,1
2025-05-30 03:00:00,26.9,71.80000000000001,400.0,0.0,0.9995424211681474,21.26,0,1
2025-05-30 04:00:00,27.623542864692435,70.59409522551262,400.0,0.0,1.0873898884914983,21.74236190979496,0,1
2025-05-30 05:00:00,28.4,69.30000000000001,400.0,0.0,1.1877411609743316,22.26,0,1
2025-05-30 06:00:00,29.17645713530756,68.0059047744874,400.0,0.0,1.294707135483249,22.777638090205045,0,1
2025-05-30 07:00:00,30.34982750038818,66.57508624980592,398.87543124902953,22.49137501940905,1.4469477684102297,23.664844750349364,0,1
2025-05-30 08:00:00,31.39032034355964,65.32996609406727,397.8275,43.45,1.592530831130676,24.456313562373097,0,1
2025-05-30 09:00:00,32.227027797055534,64.3553971882267,396.9276210357445,61.44757928511099,1.716685360130586,25.09810723470088,0,1
2025-05-30 10:00:00,32.80292963064456,63.717794792665984,396.2371196205566,75.25760758886771,1.8049710005660013,25.546488589177752,0,1
2025-05-30 11:00:00,33.0787790860904,63.4606104569548,395.803052284774,83.93895430452004,1.8461226666763508,25.77090117748136,0,1
2025-05-30 12:00:00,33.0357774788672,63.60137086855466,395.655,86.9,1.8345823334296025,25.756051652578137,0,1
2025-05-30 13:00:00,32.67685529744372,64.13048343803261,395.803052284774,83.93895430452004,1.7718418331639532,25.50295198505024,0,1
2025-05-30 14:00:00,32.02132034355964,70.36446609406727,440.0,75.25760758886773,1.4108016373645589,26.09421356237309,0,0
2025-05-30 15:00:00,31.4,71.4,440.0,61.44757928511099,1.3144323525611972,25.68,0,0
2025-05-30 16:00:00,30.67645713530756,72.6059047744874,440.0,43.45,1.2082165189809757,25.19763809020504,0,0
2025-05-30 17:00:00,29.9,73.9,440.0,22.49137501940908,1.1011037714944192,24.68,0,0
2025-05-30 18:00:00,29.123542864692435,75.19409522551261,440.0,1.06421806845905e-14,1.0007607286623972,24.16236190979496,0,0
2025-05-30 19:00:00,28.4,76.31481456572268,440.0,0.0,0.9163475454593116,23.68,0,0
2025-05-30 20:00:00,27.77867965644036,77.43553390593274,440.0,0.0,0.8419913455765388,23.265786437626907,0,0
2025-05-30 21:00:00,27.301923788646683,78.2301270189222,440.0,0.0,0.7900248744574865,22.947949192431125,0,0
2025-05-30 22:00:00,27.0022225211328,78.72962913144535,440.0,0.0,0.7584599658364426,22.748148347421864,0,0
2025-05-30 23:00:00,26.9,78.9,440.0,0.0,0.7478845775407061,22.68,0,0
2025-05-31 00:00:00,27.7022225211328,73.92962913144534,440.0,0.0,0.9684843414137141,22.488148347421863,0,0
2025-05-31 01:00:00,26.501923788646685,68.8301270189222,400.0,0.0,1.0792489357984871,20.267949192431125,0,1
2025-05-31 02:00:00,26.97867965644036,68.03553390593274,400.0,0.0,1.1382172569372033,20.585786437626908,0,1
2025-05-31 03:00:00,27.6,67.0,400.0,0.0,1.2186180468964602,21.0,0,1
2025-05-31 04:00:00,28.32354286469244,65.7940952255126,400.0,0.0,1.3175175016234166,21.48236190979496,0,1
2025-05-31 05:00:00,29.1,64.5,400.0,0.0,1.4302539702569999,22.0,0,1
2025-05-31 06:00:00,29.876457135307565,63.20590477448739,400.0,0.0,1.550168557126099,22.51763809020504,0,1
2025-05-31 07:00:00,31.555559914518508,61.52222004274074,397.6111002137037,47.77799572592533,1.784081714649563,23.860003923066657,0,1
2025-05-31 08:00:00,33.06732034355964,60.04146609406725,395.385,92.29999999999998,2.0175756381495638,25.075613562373093,0,1
2025-05-31 09:00:00,34.308714447494054,58.86455386300744,393.47340440964814,130.53191180703666,2.2259940348600047,26.081625220095543,0,1
2025-05-31 10:00:00,35.19514326963935,58.07168797316857,392.0065855230697,159.86828953860737,2.3830417862724333,26.809480864273063,0,1
2025-05-31 11:00:00,35.66619815065924,57.71690092467037,391.0845046233519,178.309907532962,2.4663942545940594,27.20957833559332,0,1
2025-05-31 12:00:00,35.68977747886721,57.824370868554645,390.77,184.6,2.463317789696896,27.254651652578136,0,1
2025-05-31 13:00:00,35.26427436201256,58.38677390574818,391.0845046233519,178.309907532962,2.3741725229164006,26.941629143162192,0,1
2025-05-31 14:00:00,32.72132034355964,65.56446609406726,440.0,159.86828953860737,1.705264870400512,25.83421356237309,0,0
2025-05-31 15:00:00,32.1,66.6,440.0,130.53191180703666,1.5970911968761923,25.42,0,0
2025-05-31 16:00:00,31.376457135307565,67.80590477448739,440.0,92.29999999999998,1.477637890844351,24.93763809020504,0,0
2025-05-31 17:00:00,30.6,69.1,440.0,47.77799572592538,1.35690921153549,24.42,0,0
2025-05-31 18:00:00,29.82354286469244,70.3940952255126,440.0,2.260697991226014e-14,1.243539400646987,23.90236190979496,0,0
2025-05-31 19:00:00,29.1,71.6,440.0,0.0,1.1442031762056,23.42,0,0
2025-05-31 20:00:00,28.47867965644036,72.63553390593273,440.0,0.0,1.063539004232179,23.005786437626902,0,0
2025-05-31 21:00:00,28.001923788646685,73.43012701892219,440.0,0.0,1.0044352003367953,22.687949192431123,0,0
2025-05-31 22:00:00,27.7022225211328,73.92962913144534,440.0,0.0,0.9684843414137141,22.488148347421863,0,0
2025-05-31 23:00:00,27.6,74.1,440.0,0.0,0.9564305277157069,22.42,0,0
2025-06-01 00:00:00,29.802222521132794,71.72962913144534,440.0,0.0,1.1859895998170475,24.14814834742186,0,0
2025-06-01 01:00:00,28.601923788646683,66.6301270189222,400.0,0.0,1.3062455806818074,21.92794919243112,0,1
2025-06-01 02:00:00,29.07867965644036,65.83553390593275,400.0,0.0,1.374753128520053,22.245786437626908,0,1
2025-06-01 03:00:00,29.7,64.8,400.0,0.0,1.4680502132206599,22.66,0,1
2025-06-01 04:00:00,30.42354286469244,63.5940952255126,400.0,0.0,1.582651697528075,23.14236190979496,0,1
2025-06-01 05:00:00,31.2,62.3,400.0,0.0,1.713087844165318,23.66,0,1
2025-06-01 06:00:00,31.97645713530756,61.00590477448739,400.0,0.0,1.8516164318266006,24.17763809020504,0,1
2025-06-01 07:00:00,34.10642269108709,59.09678865445645,396.4839432722823,70.32113455435488,2.1886738207589786,25.92578042197838,0,1
2025-06-01 08:00:00,36.03832034355964,57.40596609406726,393.2075,135.84999999999997,2.535835874979318,27.51951356237309,0,1
2025-06-01 09:00:00,37.640494460321015,56.048663856593954,390.3939543775808,192.12091244838496,2.8555423477871393,28.850227231639806,0,1
2025-06-01 10:00:00,38.80375952303184,55.11737984647233,388.2350448895884,235.299102208232,3.1050478577632727,29.82723549232631,0,1
2025-06-01 11:00:00,39.4488409400548,54.6755795299726,386.87789764986303,262.44204700273986,3.245995549735452,30.383956846049323,0,1
2025-06-01 12:00:00,39.5317774788672,54.753370868554654,388.375,271.7,3.254832245247791,30.482451652578128,0,1
2025-06-01 13:00:00,39.04691715140812,55.34545251105041,386.87789764986303,262.44204700273986,3.1298806515496724,30.1160076536182,0,1
2025-06-01 14:00:00,34.82132034355964,63.36446609406726,440.0,235.299102208232,2.039643145017854,27.49421356237309,0,0
2025-06-01 15:00:00,34.2,64.4,440.0,192.12091244838496,1.9148461118270654,27.08,0,0
2025-06-01 16:00:00,33.47645713530756,65.60590477448739,440.0,135.84999999999997,1.7768503075213726,26.59763809020504,0,0
2025-06-01 17:00:00,32.7,66.9,440.0,70.32113455435496,1.637165314664667,26.080000000000005,0,0
2025-06-01 18:00:00,31.92354286469244,68.1940952255126,440.0,3.3273653532833585e-14,1.5057776717632296,25.562361909794955,0,0
2025-06-01 19:00:00,31.2,69.39999999999999,440.0,0.0,1.3904638735134942,25.08,0,0
2025-06-01 20:00:00,30.57867965644036,70.31506350946108,440.0,0.0,1.301966100191761,24.665786437626902,0,0
2025-06-01 21:00:00,30.101923788646683,71.23012701892219,440.0,0.0,1.227879094271666,24.347949192431123,0,0
2025-06-01 22:00:00,29.802222521132794,71.72962913144534,440.0,0.0,1.1859895998170475,24.14814834742186,0,0
2025-06-01 23:00:00,29.7,71.9,440.0,0.0,1.171937812258538,24.08,0,0
2025-06-02 00:00:00,30.302222521132794,65.72962913144534,440.0,0.0,1.4795116979538185,23.448148347421863,0,0
2025-06-02 01:00:00,29.101923788646683,60.63012701892219,400.0,0.0,1.5863428973966525,21.22794919243112,0,1
2025-06-02 02:00:00,29.57867965644036,59.835533905932735,400.0,0.0,1.6634508160200798,21.545786437626905,0,1
2025-06-02 03:00:00,30.2,58.8,400.0,0.0,1.7682970135033003,21.96,0,1
2025-06-02 04:00:00,30.92354286469244,57.5940952255126,400.0,0.0,1.8968474721135786,22.44236190979496,0,1
2025-06-02 05:00:00,31.7,56.3,400.0,0.0,2.042870198877471,22.96,0,1
2025-06-02 06:00:00,32.47645713530756,55.00590477448739,400.0,0.0,2.1976466581719554,23.47763809020504,0,1
2025-06-02 07:00:00,34.55879998678823,53.12060000660588,396.6030000330294,67.9399993394117,2.572277775112196,25.182919988109408,0,1
2025-06-02 08:00:00,36.44632034355964,51.45196609406726,393.4375,131.24999999999997,2.9556213626594707,26.73671356237309,0,1
2025-06-02 09:00:00,38.010386812582695,50.11371768046312,390.7192234969266,185.61553006146875,3.3067018830146293,28.03313034867532,0,1
2025-06-02 10:00:00,39.144410848735504,49.1970541836205,388.6334165753293,227.33166849341512,3.579499890040462,28.983821685459603,0,1
2025-06-02 11:00:00,39.77111058801761,48.7644447059912,387.322223529956,253.55552940088043,3.7330806146721067,29.523999529215853,0,1
2025-06-02 12:00:00,39.8477774788672,48.84537086855465,386.875,262.5,3.7424657056057478,29.61685165257813,0,1
2025-06-02 13:00:00,39.36918679937093,49.43431768706901,387.322223529956,253.55552940088043,3.605952313272906,29.25605033678473,0,1
2025-06-02 14:00:00,35.32132034355964,57.36446609406726,440.0,227.33166849341515,2.4401637529798688,26.79421356237309,0,0
2025-06-02 15:00:00,34.7,58.4,440.0,185.61553006146875,2.3005290738319926,26.379999999999995,0,0
2025-06-02 16:00:00,33.97645713530756,59.60590477448739,440.0,131.24999999999997,2.145852076164772,25.89763809020504,0,0
2025-06-02 17:00:00,33.2,60.9,440.0,67.93999933941177,1.9889595782766532,25.380000000000003,0,0
2025-06-02 18:00:00,32.42354286469244,62.194095225512605,440.0,3.214697847761802e-14,1.8410590223000431,24.86236190979496,0,0
2025-06-02 19:00:00,31.7,63.4,440.0,0.0,1.7109622260621382,24.38,0,0
2025-06-02 20:00:00,31.07867965644036,64.43553390593274,440.0,0.0,1.60493728555438,23.965786437626907,0,0
2025-06-02 21:00:00,30.601923788646683,65.23012701892219,440.0,0.0,1.5270143649634245,23.64794919243112,0,0
2025-06-02 22:00:00,30.302222521132794,65.72962913144534,440.0,0.0,1.4795116979538185,23.448148347421863,0,0
2025-06-02 23:00:00,29.952222521132796,65.9,440.0,0.0,1.442924848908524,23.380000000000003,0,0
2025-06-03 00:00:00,29.602222521132795,66.22962913144534,440.0,0.0,1.4005288323633913,22.848148347421866,0,0
2025-06-03 01:00:00,28.401923788646684,61.13012701892219,400.0,0.0,1.5039903631896072,20.62794919243112,0,1
2025-06-03 02:00:00,28.87867965644036,60.335533905932735,400.0,0.0,1.5777252221349163,20.945786437626907,0,1
2025-06-03 03:00:00,29.5,59.3,400.0,0.0,1.678014386038141,21.36,0,1
2025-06-03 04:00:00,30.22354286469244,58.0940952255126,400.0,0.0,1.8010208787345723,21.84236190979496,0,1
2025-06-03 05:00:00,31.0,56.8,400.0,0.0,1.9407998524832282,22.36,0,1
2025-06-03 06:00:00,31.776457135307563,55.50590477448739,400.0,0.0,2.0890158951157165,22.87763809020504,0,1
2025-06-03 07:00:00,33.79978924450486,53.650105377747565,396.75052688873785,64.98946222524296,2.4381201809463837,24.52981032005437,0,1
2025-06-03 08:00:00,35.63232034355965,52.00896609406726,393.7225,125.54999999999998,2.7941290799050185,26.0341135623731,0,1
2025-06-03 09:00:00,37.14916646647216,50.69432785351839,391.1222743622029,177.55451275594208,3.1190649960328427,27.28803203717584,0,1
2025-06-03 10:00:00,38.246957056672656,49.79578107965192,389.1270510554864,217.45897889027253,3.370578258178537,28.20611327260304,0,1
2025-06-03 11:00:00,38.8508794996237,49.37456025018815,387.8728012509408,242.54397498118504,3.511226323783015,28.72579154966133,0,1
2025-06-03 12:00:00,38.9197774788672,49.45937086855465,387.445,251.1,3.518343719945709,28.81165165257813,0,1
2025-06-03 13:00:00,38.44895571097702,50.04443323126596,387.8728012509408,242.54397498118504,3.390624916690863,28.45784235723021,0,1
2025-06-03 14:00:00,34.621320343559645,57.86446609406726,440.0,217.45897889027256,2.3200084891613684,26.194213562373097,0,1
2025-06-03 15:00:00,34.0,58.9,440.0,177.55451275594208,2.1862159462524096,25.78,0,0
2025-06-03 16:00:00,33.27645713530757,60.10590477448739,440.0,125.54999999999998,2.038060435733576,25.297638090205044,0,0
2025-06-03 17:00:00,32.5,61.4,440.0,64.98946222524303,1.8878406670773142,24.78,0,0
2025-06-03 18:00:00,31.72354286469244,62.694095225512605,440.0,3.0750881126590044e-14,1.7462882432207525,24.26236190979496,0,0
2025-06-03 19:00:00,31.0,63.9,440.0,0.0,1.6218258026538084,23.78,0,0
2025-06-03 20:00:00,30.37867965644036,64.93553390593274,440.0,0.0,1.5204304073369854,23.36578643762691,0,0
2025-06-03 21:00:00,29.901923788646684,65.73012701892219,440.0,0.0,1.4459330846440304,23.047949192431123,0,0
2025-06-03 22:00:00,29.602222521132795,66.22962913144534,440.0,0.0,1.4005288323633913,22.848148347421866,0,0
2025-06-03 23:00:00,29.5,66.4,440.0,0.0,1.3852895177120768,22.78,0,0
2025-06-04 00:00:00,29.602222521132795,67.22962913144534,440.0,0.0,1.359056713569828,23.04814834742186,0,0
2025-06-04 01:00:00,28.401923788646684,62.13012701892219,400.0,0.0,1.4652974051775816,20.82794919243112,0,1
2025-06-04 02:00:00,28.87867965644036,61.335533905932735,400.0,0.0,1.5379484300209565,21.145786437626903,0,1
2025-06-04 03:00:00,29.5,60.3,400.0,0.0,1.636785531344329,21.56,0,1
2025-06-04 04:00:00,30.22354286469244,59.0940952255126,400.0,0.0,1.7580431435340895,22.042361909794955,0,1
2025-06-04 05:00:00,31.0,57.8,400.0,0.0,1.8958739299720422,22.56,0,1
2025-06-04 06:00:00,31.776457135307563,56.50590477448739,400.0,0.0,2.0420654877745217,23.07763809020504,0,1
2025-06-04 07:00:00,33.74699015930395,54.67650492034802,396.88252460174016,62.34950796519725,2.377118757666186,24.609975826289066,0,1
2025-06-04 08:00:00,35.530320343559644,53.059966094067256,393.9775,120.45,2.7176391839469787,26.142313562373097,0,1
2025-06-04 09:00:00,37.0049166831101,51.766452745199416,391.48289882060806,170.34202358783932,3.027376478357011,27.358207232149987,0,1
2025-06-04 10:00:00,38.07028787430063,50.88411567083794,389.5687240114164,208.6255197716713,3.266195244171464,28.24711100846822,0,1
2025-06-04 11:00:00,38.65383063106073,50.47308468446963,388.36542342234816,232.69153155303653,3.3988272763564407,28.748447567954656,0,1
2025-06-04 12:00:00,38.7157774788672,50.561370868554654,387.955,240.9,3.4040956194240546,28.82805165257813,0,1
2025-06-04 13:00:00,38.25190684241405,51.14295766554744,388.36542342234816,232.69153155303653,3.2810088404694486,28.48049837552353,0,1
2025-06-04 14:00:00,34.621320343559645,58.86446609406726,440.0,208.6255197716713,2.264947872287715,26.394213562373096,0,0
2025-06-04 15:00:00,34.0,59.9,440.0,170.34202358783932,2.133023344153811,25.98,0,0
2025-06-04 16:00:00,33.27645713530757,61.10590477448739,440.0,120.45,1.9869736665209177,25.497638090205044,0,0
2025-06-04 17:00:00,32.5,62.4,440.0,62.34950796519731,1.838932877774793,24.98,0,0
2025-06-04 18:00:00,31.72354286469244,63.694095225512605,440.0,2.9501741391459744e-14,1.6994782742955383,24.46236190979496,0,0
2025-06-04 19:00:00,31.0,64.9,440.0,0.0,1.5768998801426226,23.98,0,0
2025-06-04 20:00:00,30.37867965644036,65.93553390593274,440.0,0.0,1.4770694046838113,23.565786437626905,0,0
2025-06-04 21:00:00,29.901923788646684,66.73012701892219,440.0,0.0,1.403740541781604,23.24794919243112,0,0
2025-06-04 22:00:00,29.602222521132795,67.22962913144534,440.0,0.0,1.359056713569828,23.04814834742186,0,0
2025-06-04 23:00:00,29.5,67.4,440.0,0.0,1.344060663018265,22.98,0,0
2025-06-05 00:00:00,30.5022225211328,63.829629131445344,440.0,0.0,1.5795000106121737,23.268148347421864,0,0
2025-06-05 01:00:00,29.301923788646683,58.73012701892219,400.0,0.0,1.682201835929685,21.04794919243112,0,1
2025-06-05 02:00:00,29.77867965644036,57.935533905932736,400.0,0.0,1.7622900074143848,21.3657864376269,0,1
2025-06-05 03:00:00,30.4,56.9,400.0,0.0,1.8711393648324284,21.78,0,1
2025-06-05 04:00:00,31.123542864692435,55.694095225512605,400.0,0.0,2.0045264074312956,22.262361909794954,0,1
2025-06-05 05:00:00,31.9,54.4,400.0,0.0,2.155955460170549,22.78,0,1
2025-06-05 06:00:00,32.67645713530756,53.10590477448739,400.0,0.0,2.3163696507386056,23.29763809020504,0,1
2025-06-05 07:00:00,34.80021103400463,51.19989448299768,396.4994724149884,70.01055170023186,2.7137198943223018,25.040189930604168,0,1
2025-06-05 08:00:00,36.72632034355964,49.51196609406726,393.2375,135.24999999999997,3.121109684654049,26.628713562373093,0,1
2025-06-05 09:00:00,38.323523897572535,48.1571491379682,390.436380784452,191.27238431096112,3.4950018473743403,27.95495372516617,0,1
2025-06-05 10:00:00,39.48297491334102,47.22777215131775,388.28700641381545,234.25987172369065,3.7862928726320866,28.928529343604566,0,1
2025-06-05 11:00:00,40.12565872022386,46.78717063988807,386.9358531994404,261.282936011193,3.9511332649139,29.48309284820148,0,1
2025-06-05 12:00:00,40.2077774788672,46.865370868554656,386.475,270.5,3.9626107376009054,29.580851652578133,0,1
2025-06-05 13:00:00,39.72373493157718,47.45704362096588,386.9358531994404,261.282936011193,3.8186677385221937,29.21514365577035,0,1
2025-06-05 14:00:00,35.521320343559644,55.46446609406726,440.0,234.25987172369068,2.5771509565106516,26.61421356237309,0,0
2025-06-05 15:00:00,34.9,56.5,440.0,191.27238431096112,2.432380220649151,26.2,0,0
2025-06-05 16:00:00,34.17645713530756,57.705904774487394,440.0,130.64146800559652,2.27193089036001,25.717638090205035,0,0
2025-06-05 17:00:00,33.4,59.0,440.0,70.01055170023193,2.1090861338690905,25.2,0,0
2025-06-05 18:00:00,32.62354286469244,60.294095225512606,440.0,3.31266959169359e-14,1.955475822287033,24.68236190979496,0,0
2025-06-05 19:00:00,31.9,61.5,440.0,0.0,1.8202694126439942,24.234074173710933,0,0
2025-06-05 20:00:00,31.27867965644036,62.53553390593274,440.0,0.0,1.710014153202834,23.785786437626903,0,0
2025-06-05 21:00:00,30.801923788646683,63.33012701892219,440.0,0.0,1.6289411462602603,23.46794919243112,0,0
2025-06-05 22:00:00,30.5022225211328,63.829629131445344,440.0,0.0,1.5795000106121737,23.268148347421864,0,0
2025-06-05 23:00:00,30.4,64.0,440.0,0.0,1.5629006295584085,23.2,0,0
2025-06-06 00:00:00,30.2022225211328,64.5650635094611,440.0,0.0,1.5210550638344207,24.248148347421864,0,0
2025-06-06 01:00:00,29.001923788646685,65.1301270189222,400.0,0.0,1.3969299843894,22.027949192431123,0,1
2025-06-06 02:00:00,29.47867965644036,64.33553390593273,400.0,0.0,1.4686011681750462,22.345786437626906,0,1
2025-06-06 03:00:00,30.1,63.3,400.0,0.0,1.5661589593664573,22.76,0,1
2025-06-06 04:00:00,30.82354286469244,62.0940952255126,400.0,0.0,1.6859245303671542,23.24236190979496,0,1
2025-06-06 05:00:00,31.6,60.8,400.0,0.0,1.8221530744042278,23.76,0,1
2025-06-06 06:00:00,32.37645713530756,59.50590477448739,400.0,0.0,1.9667431426027973,24.27763809020504,0,1
2025-06-06 07:00:00,34.527645852785504,57.586177073607246,396.4308853680362,71.38229263927522,2.3232337517967436,26.044881267506952,0,1
2025-06-06 08:00:00,36.47932034355965,55.88546609406726,393.105,137.89999999999998,2.690559040635675,27.656413562373103,0,1
2025-06-06 09:00:00,38.09847721637831,54.519672478565305,390.2489974874375,195.02005025124984,3.029042279193865,29.002411712091373,0,1
2025-06-06 10:00:00,39.27477360614217,53.58187280491717,388.0575096818126,238.84980636374817,3.2934851878852456,29.9911481671256,0,1
2025-06-06 11:00:00,39.9280468578105,53.13597657109474,386.67988285547375,266.40234289052506,3.4432762957110676,30.55524217202945,0,1
2025-06-06 12:00:00,40.013777478867205,53.21237086855465,386.21,275.8,3.453409437540472,30.65625165257813,0,1
2025-06-06 13:00:00,39.526123069163816,53.80584955217255,386.67988285547375,266.40234289052506,3.321987868229034,30.287292979598327,0,1
2025-06-06 14:00:00,35.22132034355965,61.86446609406726,440.0,238.8498063637482,2.170608493429471,27.5942135623731,0,0
2025-06-06 15:00:00,34.6,62.9,440.0,195.02005025124984,2.0403362589403202,27.18,0,0
2025-06-06 16:00:00,33.87645713530756,64.10590477448739,440.0,137.89999999999998,1.8962058921616165,26.69763809020504,0,0
2025-06-06 17:00:00,33.1,65.4,440.0,71.3822926392753,1.7502172974549755,26.180000000000003,0,0
2025-06-06 18:00:00,32.32354286469244,66.6940952255126,440.0,3.3775758720483997e-14,1.612805338880479,25.66236190979496,0,0
2025-06-06 19:00:00,31.6,67.9,440.0,0.0,1.4921202471524413,25.180000000000003,0,0
2025-06-06 20:00:00,30.97867965644036,68.93553390593274,440.0,0.0,1.3939067271408538,24.765786437626907,0,0
2025-06-06 21:00:00,30.501923788646685,69.73012701892219,440.0,0.0,1.321812505498865,24.447949192431125,0,0
2025-06-06 22:00:00,30.2022225211328,70.22962913144534,440.0,0.0,1.2779019195909704,24.248148347421864,0,0
2025-06-06 23:00:00,30.1,70.4,440.0,0.0,1.2631690789440635,24.180000000000003,0,0
2025-06-07 00:00:00,30.102222521132795,71.62962913144534,440.0,0.0,1.210849340555591,24.428148347421864,0,0
2025-06-07 01:00:00,28.901923788646684,66.5301270189222,400.0,0.0,1.333115176141546,22.207949192431123,0,1
2025-06-07 02:00:00,29.37867965644036,65.73553390593274,400.0,0.0,1.4028473398471366,22.525786437626905,0,1
2025-06-07 03:00:00,30.0,64.7,400.0,0.0,1.4978019657419317,22.94,0,1
2025-06-07 04:00:00,30.72354286469244,63.4940952255126,400.0,0.0,1.6144244213073806,23.42236190979496,0,1
2025-06-07 05:00:00,31.5,62.2,400.0,0.0,1.7471420453436408,23.94,0,1
2025-06-07 06:00:00,32.27645713530756,60.90590477448739,400.0,0.0,1.8880735019083437,24.45763809020504,0,1
2025-06-07 07:00:00,34.398140481643814,59.000929759178085,396.5046487958904,69.90702408219086,2.2296596940136117,26.19832643347943,0,1
2025-06-07 08:00:00,36.322320343559646,57.31396609406726,393.2475,135.04999999999998,2.581169498402173,27.7851135623731,0,1
2025-06-07 09:00:00,37.91786704332305,55.95997756509294,390.4505229200757,190.9895415984865,2.904612379276745,29.10986255634164,0,1
2025-06-07 10:00:00,39.076046710110745,55.031236252932885,388.3043269218912,233.91346156217688,3.1568347665145096,30.08229396069732,0,1
2025-06-07 11:00:00,39.71793131361355,54.59103434319322,386.9551717159661,260.8965656806774,3.2991675765996695,30.6361381822522,0,1
2025-06-07 12:00:00,39.799777478867206,54.66937086855465,386.495,270.1,3.3078988218745513,30.733651652578136,0,1
2025-06-07 13:00:00,39.316007524966864,55.26090732427103,386.9551717159661,260.8965656806774,3.1813726173756884,30.36818898982107,0,1
2025-06-07 14:00:00,35.121320343559645,63.26446609406726,440.0,233.9134615621769,2.0794125735097384,27.7742135623731,0,0
2025-06-07 15:00:00,34.5,64.3,440.0,190.9895415984865,1.9524850872496335,27.36,0,0
2025-06-07 16:00:00,33.77645713530757,65.50590477448739,440.0,135.04999999999998,1.8121161854116423,26.877638090205046,0,0
2025-06-07 17:00:00,33.0,66.8,440.0,69.90702408219093,1.670009068141475,26.36,0,0
2025-06-07 18:00:00,32.22354286469243,68.0940952255126,440.0,3.307771004497001e-14,1.5363232597980263,25.84236190979496,0,0
2025-06-07 19:00:00,31.5,69.3,440.0,0.0,1.4189751532288302,25.36,0,0
2025-06-07 20:00:00,30.87867965644036,70.33553390593273,440.0,0.0,1.323526252167239,24.945786437626907,0,0
2025-06-07 21:00:00,30.401923788646684,71.1301270189222,440.0,0.0,1.2534918566508888,24.627949192431124,0,0
2025-06-07 22:00:00,30.102222521132795,71.62962913144534,440.0,0.0,1.210849340555591,24.428148347421864,0,0
2025-06-07 23:00:00,30.0,71.8,440.0,0.0,1.1965443465700418,24.36,0,0
2025-06-08 00:00:00,30.0022225211328,68.22962913144534,440.0,0.0,1.3482093611260657,23.64814834742186,0,0
2025-06-08 01:00:00,28.801923788646683,63.13012701892219,400.0,0.0,1.4600667030805545,21.42794919243112,0,1
2025-06-08 02:00:00,29.27867965644036,62.335533905932735,400.0,0.0,1.5331854319898628,21.745786437626904,0,1
2025-06-08 03:00:00,29.9,61.3,400.0,0.0,1.632671109457243,22.16,0,1
2025-06-08 04:00:00,30.623542864692435,60.0940952255126,400.0,0.0,1.7547419324507394,22.64236190979496,0,1
2025-06-08 05:00:00,31.4,58.8,400.0,0.0,1.8935179344587882,23.16,0,1
2025-06-08 06:00:00,32.17645713530756,57.50590477448739,400.0,0.0,2.0407334652986133,23.67763809020504,0,1
2025-06-08 07:00:00,34.26967038668254,55.615164806658726,396.57582403329366,68.483519334127,2.3966260742162775,25.392703348014287,0,1
2025-06-08 08:00:00,36.167320343559645,53.94146609406726,393.385,132.29999999999998,2.761557135365682,26.95561356237309,0,1
2025-06-08 09:00:00,37.740085297392525,52.59886843805821,390.644977284902,187.1004543019605,3.0963442542367052,28.259858985004165,0,1
2025-06-08 10:00:00,38.88078391569445,51.67886765014103,388.5424839079319,229.15032184136248,3.3567962431605545,29.216557445722657,0,1
2025-06-08 11:00:00,39.51167947272175,51.24416026363912,387.2208013181957,255.5839736360875,3.5035008317869454,29.760511525449576,0,1
2025-06-08 12:00:00,39.589777478867205,51.32437086855465,386.77,264.6,3.512373406697976,29.85465165257813,0,1
2025-06-08 13:00:00,39.10975568407507,51.91403324471693,387.2208013181957,255.5839736360875,3.3817742237529362,29.49256233301845,0,1
2025-06-08 14:00:00,35.021320343559644,59.86446609406726,440.0,229.1503218413625,2.2593537581744676,26.994213562373098,0,0
2025-06-08 15:00:00,34.4,60.9,440.0,187.1004543019605,2.126601742928392,26.58,0,0
2025-06-08 16:00:00,33.67645713530756,62.10590477448739,440.0,132.29999999999998,1.97965648493274,26.09763809020504,0,0
2025-06-08 17:00:00,32.9,63.4,440.0,68.48351933412707,1.8307325420867904,25.58,0,0
2025-06-08 18:00:00,32.12354286469244,64.6940952255126,440.0,3.2404154305438974e-14,1.6904716554699748,25.06236190979496,0,0
2025-06-08 19:00:00,31.4,65.9,440.0,0.0,1.5672078049768123,24.58,0,0
2025-06-08 20:00:00,30.77867965644036,66.93553390593274,440.0,0.0,1.4668371342282793,24.165786437626902,0,0
2025-06-08 21:00:00,30.301923788646683,67.73012701892219,440.0,0.0,1.3931228971320364,23.84794919243112,0,0
2025-06-08 22:00:00,30.0022225211328,68.22962913144534,440.0,0.0,1.3482093611260657,23.713974596215557,0,0
2025-06-08 23:00:00,29.9,68.4,440.0,0.0,1.3331371333035884,23.58,0,0
2025-06-09 00:00:00,30.2022225211328,67.02962913144535,440.0,0.0,1.4152628601296877,23.608148347421867,0,0
2025-06-09 01:00:00,29.001923788646685,61.93012701892219,400.0,0.0,1.525125918813131,21.38794919243112,0,1
2025-06-09 02:00:00,29.47867965644036,61.13553390593274,400.0,0.0,1.6003716459880284,21.705786437626905,0,1
2025-06-09 03:00:00,30.1,60.01481456572267,400.0,0.0,1.7063530356899892,22.12,0,1
2025-06-09 04:00:00,30.82354286469244,58.89409522551261,400.0,0.0,1.8282495461996733,22.60236190979496,0,1
2025-06-09 05:00:00,31.6,57.6,400.0,0.0,1.9709002641515114,23.12,0,1
2025-06-09 06:00:00,32.37645713530756,56.3059047744874,400.0,0.0,2.1221627913510863,23.63763809020504,0,1
2025-06-09 07:00:00,34.45103541543516,54.42448229228242,396.6224114614121,67.55177077175792,2.4858289732451726,25.33593187389164,0,1
2025-06-09 08:00:00,36.331320343559646,52.759466094067264,393.475,130.49999999999997,2.857981810733631,26.8832135623731,0,1
2025-06-09 09:00:00,37.88917360914709,51.42432428218092,390.77225650551554,184.5548698896889,3.1987861693667994,28.17403846558328,0,1
2025-06-09 10:00:00,39.018430086621976,50.51004456467727,388.69836848061306,226.0326303877385,3.4634997716978515,29.12043899955743,0,1
2025-06-09 11:00:00,39.64213281322894,50.078933593385536,387.39466796692767,252.1066406614468,3.6123359851771637,29.65791953190605,0,1
2025-06-09 12:00:00,39.717777478867205,50.16037086855466,386.95,261.0,3.6210456510997884,29.749851652578137,0,1
2025-06-09 13:00:00,39.240209024582256,50.74880657446335,387.39466796692767,252.1066406614468,3.4880325398023824,29.389970339474925,0,1
2025-06-09 14:00:00,35.22132034355965,58.66446609406727,440.0,226.0326303877385,2.352746947190406,26.9542135623731,0,0
2025-06-09 15:00:00,34.6,59.7,440.0,184.5548698896889,2.2163221357222347,26.540000000000003,0,0
2025-06-09 16:00:00,33.87645713530756,60.9059047744874,440.0,130.49999999999997,2.0652548350809043,26.05763809020504,0,0
2025-06-09 17:00:00,33.1,62.2,440.0,67.55177077175799,1.9120871053120831,25.540000000000003,0,0
2025-06-09 18:00:00,32.32354286469244,63.49409522551261,440.0,3.1963281457745924e-14,1.767762158680518,25.022361909794963,0,0
2025-06-09 19:00:00,31.6,64.7,440.0,0.0,1.6408674368997254,24.540000000000003,0,0
2025-06-09 20:00:00,30.97867965644036,65.73553390593274,440.0,0.0,1.5374952734028033,24.125786437626907,0,0
2025-06-09 21:00:00,30.501923788646685,66.5301270189222,440.0,0.0,1.4615488043673959,23.807949192431124,0,0
2025-06-09 22:00:00,30.2022225211328,67.02962913144535,440.0,0.0,1.4152628601296877,23.608148347421867,0,0
2025-06-09 23:00:00,30.1,67.2,440.0,0.0,1.3997278982893677,23.540000000000003,0,0
2025-06-10 00:00:00,30.302222521132794,66.02962913144535,440.0,0.0,1.4665601745784638,23.508148347421866,0,0
2025-06-10 01:00:00,29.101923788646683,60.93012701892219,400.0,0.0,1.5742549013432299,21.28794919243112,0,1
2025-06-10 02:00:00,29.57867965644036,60.13553390593274,400.0,0.0,1.6510260213362102,21.605786437626904,0,1
2025-06-10 03:00:00,30.2,59.1,400.0,0.0,1.7554210643758492,22.02,0,1
2025-06-10 04:00:00,30.92354286469244,57.89409522551261,400.0,0.0,1.8834282503174562,22.50236190979496,0,1
2025-06-10 05:00:00,31.7,56.6,400.0,0.0,2.028845918335978,23.02,0,1
2025-06-10 06:00:00,32.47645713530756,55.3059047744874,400.0,0.0,2.1829937577380827,23.537638090205043,0,1
2025-06-10 07:00:00,34.55879998678823,53.42060000660589,396.6030000330294,67.9399993394117,2.5558167424914195,25.242919988109406,0,1
2025-06-10 08:00:00,36.44632034355964,51.751966094067264,393.4375,131.24999999999997,2.9373572572475832,26.796713562373093,0,1
2025-06-10 09:00:00,38.010386812582695,50.41371768046312,390.7192234969266,185.61553006146875,3.2868164451992743,28.09313034867532,0,1
2025-06-10 10:00:00,39.144410848735504,49.497054183620506,388.6334165753293,227.33166849341512,3.558362336897512,29.043821685459605,0,1
2025-06-10 11:00:00,39.77111058801761,49.0644447059912,387.322223529956,253.55552940088043,3.711222274736585,29.58399952921585,0,1
2025-06-10 12:00:00,39.8477774788672,49.14537086855466,386.875,262.5,3.7205177464328485,29.676851652578133,0,1
2025-06-10 13:00:00,39.36918679937093,53.404918481310965,387.322223529956,253.55552940088043,3.3227998576119133,29.31605033678473,0,1
2025-06-10 14:00:00,35.32132034355964,57.66446609406727,440.0,227.33166849341515,2.4229938231389734,26.854213562373094,0,0
2025-06-10 15:00:00,34.6488887394336,58.7,440.0,185.61553006146875,2.277480390900429,26.44,0,0
2025-06-10 16:00:00,33.97645713530756,59.9059047744874,440.0,131.24999999999997,2.129915201746482,25.95763809020504,0,0
2025-06-10 17:00:00,33.2,61.2,440.0,67.93999933941177,1.9736990188525356,25.440000000000005,0,0
2025-06-10 18:00:00,32.42354286469244,62.49409522551261,440.0,3.214697847761802e-14,1.826449724890429,24.92236190979496,0,0
2025-06-10 19:00:00,31.7,63.7,440.0,0.0,1.6969379455206453,24.44,0,0
2025-06-10 20:00:00,31.07867965644036,64.73553390593274,440.0,0.0,1.59139902001729,24.025786437626905,0,0
2025-06-10 21:00:00,30.690451088786578,65.5301270189222,440.0,0.0,1.5215082338809083,23.707949192431123,0,0
2025-06-10 22:00:00,30.302222521132794,66.02962913144535,440.0,0.0,1.4665601745784638,23.508148347421866,0,0
2025-06-10 23:00:00,30.2,66.2,440.0,0.0,1.4506902683595035,23.44,0,0
2025-06-11 00:00:00,29.4022225211328,68.42962913144535,440.0,0.0,1.2943009441340192,23.088148347421864,0,0
2025-06-11 01:00:00,28.201923788646685,63.33012701892219,400.0,0.0,1.402475872257267,20.867949192431123,0,1
2025-06-11 02:00:00,28.67867965644036,62.53553390593274,400.0,0.0,1.4730633709624337,21.185786437626906,0,1
2025-06-11 03:00:00,29.3,61.5,400.0,0.0,1.5691249442179787,21.6,0,1
2025-06-11 04:00:00,30.02354286469244,60.294095225512606,400.0,0.0,1.6870237332846916,22.08236190979496,0,1
2025-06-11 05:00:00,30.8,59.0,400.0,0.0,1.821093350606726,22.6,0,1
2025-06-11 06:00:00,31.576457135307564,57.705904774487394,400.0,0.0,1.9633556698990389,23.11763809020504,0,1
2025-06-11 07:00:00,33.4807324837577,55.90963375812115,397.04816879060576,59.03662418788498,2.278318515763642,24.66265923538193,0,1
2025-06-11 08:00:00,35.20232034355964,54.32396609406726,394.1775,114.04999999999998,2.597076193221664,26.06711356237309,0,1
2025-06-11 09:00:00,36.623897347126345,53.05696241319129,391.9354471605674,161.2910567886515,2.8857798478993764,27.235289829764604,0,1
2025-06-11 10:00:00,37.64858537093182,52.194966922522354,390.1229802698385,197.5403946032304,3.1072817901586345,28.08757875543629,0,1
2025-06-11 11:00:00,38.20655361953072,51.79672319023464,388.9836159511732,220.32768097653647,3.2291893488721954,28.56589825757765,0,1
2025-06-11 12:00:00,38.25977747886721,51.88937086855466,388.595,228.1,3.2322560041172315,28.63765165257814,0,1
2025-06-11 13:00:00,37.80462983088404,52.466596171312446,388.9836159511732,220.32768097653647,3.1158581913614496,28.29794906514653,0,1
2025-06-11 14:00:00,34.42132034355964,60.064466094067264,440.0,197.54039460323045,2.1746175754967916,26.43421356237309,0,0
2025-06-11 15:00:00,33.8,61.1,440.0,161.2910567886515,2.0462611707741303,26.02,0,0
2025-06-11 16:00:00,33.076457135307564,62.3059047744874,440.0,114.04999999999998,1.904215341010582,25.537638090205043,0,0
2025-06-11 17:00:00,32.3,63.6,440.0,59.036624187885046,1.7602958193718135,25.02,0,0
2025-06-11 18:00:00,31.52354286469244,64.85,440.0,2.7934193488551132e-14,1.6268279430435886,24.50236190979496,0,0
2025-06-11 19:00:00,30.8,66.1,440.0,0.0,1.5057332825748297,24.02,0,0
2025-06-11 20:00:00,30.17867965644036,67.13553390593273,440.0,0.0,1.4088158762704828,23.605786437626904,0,0
2025-06-11 21:00:00,29.701923788646685,67.93012701892219,440.0,0.0,1.3376531484174392,23.28794919243112,0,0
2025-06-11 22:00:00,29.4022225211328,68.42962913144535,440.0,0.0,1.2943009441340192,23.088148347421864,0,0
2025-06-11 23:00:00,29.3,68.6,440.0,0.0,1.2797538506089492,23.02,0,0
2025-06-12 00:00:00,30.102222521132795,65.92962913144535,440.0,0.0,1.4541257246798729,23.288148347421867,0,0
2025-06-12 01:00:00,28.901923788646684,60.83012701892219,400.0,0.0,1.560147902208442,21.06794919243112,0,1
2025-06-12 02:00:00,29.37867965644036,60.03553390593274,400.0,0.0,1.6362153373281538,21.385786437626905,0,1
2025-06-12 03:00:00,30.0,59.0,400.0,0.0,1.7396566740911956,21.8,0,1
2025-06-12 04:00:00,30.72354286469244,57.794095225512606,400.0,0.0,1.8664992365543416,22.28236190979496,0,1
2025-06-12 05:00:00,31.5,56.5,400.0,0.0,2.010599972816095,22.8,0,1
2025-06-12 06:00:00,32.27645713530756,55.205904774487394,400.0,0.0,2.1633585263806405,23.31763809020504,0,1
2025-06-12 07:00:00,34.16830916959278,53.41584541520361,397.07922707601807,58.41545847963893,2.501248377394432,24.851478252633505,0,1
2025-06-12 08:00:00,35.87832034355964,51.83596609406726,394.3575,112.84999999999998,2.8423759066203,26.24551356237309,0,1
2025-06-12 09:00:00,37.28995622162939,50.57393297593977,392.0202999743098,159.5940005138038,3.1507115885561725,27.404742816817343,0,1
2025-06-12 10:00:00,38.30701615155016,49.715751532213176,389.91946429994914,195.46193363414773,3.386910537280958,28.2501664579928,0,1
2025-06-12 11:00:00,38.86018917986885,49.31990541006557,389.0995270503279,218.0094589934427,3.516775966704261,28.72417026188197,0,1
2025-06-12 12:00:00,38.91177747886721,49.41337086855466,388.715,225.7,3.5200330265154216,28.79445165257814,0,1
2025-06-12 13:00:00,38.45826539122217,49.98977839114338,389.0995270503279,218.0094589934427,3.39603800974414,28.456221069450848,0,1
2025-06-12 14:00:00,35.121320343559645,57.564466094067264,440.0,195.4619336341478,2.4020607130292597,26.6342135623731,0,0
2025-06-12 15:00:00,34.5,58.6,440.0,159.5940005138038,2.2642264037012563,26.22,0,0
2025-06-12 16:00:00,33.77645713530757,59.8059047744874,440.0,112.84999999999998,2.1115605450714,25.73763809020505,0,0
2025-06-12 17:00:00,33.0,61.1,440.0,58.41545847963899,1.9567274924910651,25.22,0,0
2025-06-12 18:00:00,32.22354286469243,62.39409522551261,440.0,2.7640278256755762e-14,1.810787897072662,24.70236190979496,0,0
2025-06-12 19:00:00,31.5,63.6,440.0,0.0,1.6824330807012837,24.22,0,0
2025-06-12 20:00:00,30.87867965644036,64.63553390593273,440.0,0.0,1.577840609736683,23.805786437626907,0,0
2025-06-12 21:00:00,30.401923788646684,65.43012701892219,440.0,0.0,1.5009783484547516,23.487949192431124,0,0
2025-06-12 22:00:00,30.102222521132795,65.92962913144535,440.0,0.0,1.4541257246798729,23.288148347421867,0,0
2025-06-12 23:00:00,30.0,66.1,440.0,0.0,1.4383990549193058,23.22,0,0
2025-06-13 00:00:00,29.102222521132795,71.42962913144534,440.0,0.0,1.151214959676033,23.38814834742186,0,0
2025-06-13 01:00:00,27.901923788646684,66.3301270189222,400.0,0.0,1.2654479659220794,21.167949192431124,0,1
2025-06-13 02:00:00,28.37867965644036,65.53553390593274,400.0,0.0,1.3317338379973194,21.485786437626903,0,1
2025-06-13 03:00:00,29.0,64.5,400.0,0.0,1.422015548030502,21.9,0,1
2025-06-13 04:00:00,29.72354286469244,63.294095225512606,400.0,0.0,1.532928518301772,22.38236190979496,0,1
2025-06-13 05:00:00,30.5,62.0,400.0,0.0,1.659186141790558,22.9,0,1
2025-06-13 06:00:00,31.276457135307563,60.705904774487394,400.0,0.0,1.7932986124429462,23.41763809020504,0,1
2025-06-13 07:00:00,32.95763046687933,59.02118476656034,397.6059238328017,47.881523343966336,2.0564011978883756,24.7618674201914,0,1
2025-06-13 08:00:00,34.47132034355965,57.53946609406727,395.375,92.5,2.318536476033325,25.9792135623731,0,1
2025-06-13 09:00:00,35.71437130174354,56.3617254358827,393.4592622740244,130.8147545195113,2.5521944247374937,26.98671638892008,0,1
2025-06-13 10:00:00,36.602071472869625,55.56822387155344,391.9892650149939,160.21469970012114,2.7281480278636705,27.71571624718032,0,1
2025-06-13 11:00:00,37.073925557269554,55.21303722136523,391.0651861068261,178.69627786347763,2.8216346295355823,28.1165330015426,0,1
2025-06-13 12:00:00,37.09777747886721,55.320370868554654,390.75,185.0,2.818529524029313,28.16185165257814,0,1
2025-06-13 13:00:00,36.67200176862287,59.19241848131096,391.0651861068261,178.69627786347763,2.5152068136442463,27.84858380911148,0,1
2025-06-13 14:00:00,34.121320343559645,63.064466094067264,440.0,160.21469970012117,1.97800760308942,26.7342135623731,0,0
2025-06-13 15:00:00,33.5,64.1,440.0,130.8147545195113,1.8570895475605316,26.32,0,0
2025-06-13 16:00:00,32.77645713530757,65.3059047744874,440.0,92.5,1.7234005908507188,25.837638090205047,0,0
2025-06-13 17:00:00,32.0,66.6,440.0,47.88152334396639,1.5880949823514459,25.32,0,0
2025-06-13 18:00:00,31.25,67.85,440.0,2.265596578422604e-14,1.4650533179687442,24.82,0,0
2025-06-13 19:00:00,30.5,69.1,440.0,0.0,1.349180310034954,24.32,0,0
2025-06-13 20:00:00,29.87867965644036,70.13553390593273,440.0,0.0,1.2583775587945036,23.905786437626904,0,0
2025-06-13 21:00:00,29.401923788646684,70.93012701892219,440.0,0.0,1.1917666922714163,23.58794919243112,0,0
2025-06-13 22:00:00,29.102222521132795,71.42962913144534,440.0,0.0,1.151214959676033,23.38814834742186,0,0
2025-06-13 23:00:00,29.0,71.6,440.0,0.0,1.1376124384244017,23.32,0,0
2025-06-14 00:00:00,28.602222521132795,71.52962913144535,440.0,0.0,1.1144765248735893,22.908148347421864,0,0
2025-06-14 01:00:00,27.401923788646684,66.4301270189222,400.0,0.0,1.22539381310636,20.687949192431127,0,1
2025-06-14 02:00:00,27.87867965644036,65.63553390593275,400.0,0.0,1.2898052805912867,21.00578643762691,0,1
2025-06-14 03:00:00,28.5,64.60000000000001,400.0,0.0,1.3775483540395659,21.42,0,1
2025-06-14 04:00:00,29.22354286469244,63.39409522551261,400.0,0.0,1.485363745208652,21.90236190979496,0,1
2025-06-14 05:00:00,30.0,62.1,400.0,0.0,1.6081216572696662,22.42,0,1
2025-06-14 06:00:00,30.776457135307563,60.8059047744874,400.0,0.0,1.7385451844598645,22.93763809020504,0,1
2025-06-14 07:00:00,32.15843565074081,59.2707821746296,398.353910873148,32.92178253704064,1.9539886831721252,24.01259208566673,0,1
2025-06-14 08:00:00,33.393320343559644,58.07060766501906,396.82,63.6,2.156089508625235,24.979013562373098,0,1
2025-06-14 09:00:00,34.3969558626919,56.87043315540852,395.5028008716536,89.94398256692885,2.3453686188051286,25.7710424937736,0,1
2025-06-14 10:00:00,35.10094610609482,56.16878655494085,394.49207843193096,110.1584313613806,2.4782729942293242,26.334703417082988,0,1
2025-06-14 11:00:00,35.45731530207939,55.871342348960304,393.8567117448016,122.8657651039695,2.5446207101504115,26.631583771871448,0,1
2025-06-14 12:00:00,35.4417774788672,55.99837086855466,388.375,127.2,2.5351248904794486,26.641451652578134,0,1
2025-06-14 13:00:00,35.0553915134327,56.54121533003811,393.8567117448016,122.8657651039695,2.4510398591258933,26.36363457944033,0,1
2025-06-14 14:00:00,33.621320343559645,63.16446609406727,440.0,110.1584313613806,1.9184414165549564,26.2542135623731,0,0
2025-06-14 15:00:00,33.0,64.2,440.0,89.94398256692885,1.8007929108272527,25.84,0,0
2025-06-14 16:00:00,32.27645713530757,65.4059047744874,440.0,63.6,1.670743219430214,25.357638090205047,0,0
2025-06-14 17:00:00,31.5,66.7,440.0,32.92178253704068,1.5391489447074929,24.84,0,0
2025-06-14 18:00:00,30.72354286469244,67.99409522551261,440.0,1.5577507285154334e-14,1.4154179882176743,24.32236190979496,0,0
2025-06-14 19:00:00,30.0,69.2,440.0,0.0,1.3068640380977758,23.84,0,0
2025-06-14 20:00:00,29.37867965644036,70.23553390593274,440.0,0.0,1.2186094470989652,23.425786437626904,0,0
2025-06-14 21:00:00,28.901923788646684,71.0301270189222,440.0,0.0,1.1538788134571554,23.107949192431125,0,0
2025-06-14 22:00:00,28.602222521132795,71.52962913144535,440.0,0.0,1.1144765248735893,22.908148347421864,0,0
2025-06-14 23:00:00,28.5,71.7,440.0,0.0,1.1012604073254157,22.84,0,0
2025-06-15 00:00:00,29.0022225211328,67.3150635094611,440.0,0.0,1.309421346901248,22.608148347421864,0,0
2025-06-15 01:00:00,27.801923788646683,62.93012701892219,400.0,0.0,1.3851358561249423,20.38794919243112,0,1
2025-06-15 02:00:00,28.27867965644036,62.13553390593274,400.0,0.0,1.4546390973247227,20.705786437626905,0,1
2025-06-15 03:00:00,28.9,61.1,400.0,0.0,1.5492264074422364,21.12,0,1
2025-06-15 04:00:00,29.623542864692435,59.89409522551261,400.0,0.0,1.6653180026257763,21.60236190979496,0,1
2025-06-15 05:00:00,30.4,58.6,400.0,0.0,1.7973357239921701,22.12,0,1
2025-06-15 06:00:00,31.17645713530756,57.3059047744874,400.0,0.0,1.93742464791474,22.63763809020504,0,1
2025-06-15 07:00:00,32.34672167184695,55.87663916407653,398.8831958203826,22.33608359234754,2.1394233503667155,23.522049504662256,0,1
2025-06-15 08:00:00,33.384320343559644,54.632966094067264,397.8425,43.14999999999999,2.3316856012875866,24.31091356237309,0,1
2025-06-15 09:00:00,34.21854251568129,53.827978519577975,391.695030854964,61.023315216399055,2.486053408961607,24.95047048146405,0,1
2025-06-15 10:00:00,34.792537325799145,53.02299094508869,396.2631003826701,74.73799234659705,2.611230118800229,25.39713551481688,0,1
2025-06-15 11:00:00,35.06718797617493,52.76640601191254,395.8320300595626,83.35939880874659,2.6656726792856444,25.620469178557435,0,1
2025-06-15 12:00:00,35.0237774788672,52.90737086855466,395.685,86.3,2.6513502279898256,25.605251652578133,0,1
2025-06-15 13:00:00,34.665264187528244,53.436278992990346,395.8320300595626,83.35939880874659,2.5700781964352233,25.779732607475616,0,1
2025-06-15 14:00:00,34.021320343559644,59.66446609406727,440.0,74.73799234659705,2.1481002868900245,25.9542135623731,0,0
2025-06-15 15:00:00,33.4,60.7,440.0,61.023315216399055,2.021636221001348,25.54,0,0
2025-06-15 16:00:00,32.67645713530756,61.9059047744874,440.0,43.14999999999999,1.8816869294178655,25.05763809020504,0,0
2025-06-15 17:00:00,31.9,63.2,440.0,22.336083592347563,1.739893880137636,24.54,0,0
2025-06-15 18:00:00,31.123542864692435,64.49409522551261,440.0,1.0568701876641658e-14,1.6063891280961737,24.02236190979496,0,0
2025-06-15 19:00:00,30.4,65.7,440.0,0.0,1.4890969887181502,23.54,0,0
2025-06-15 20:00:00,29.77867965644036,66.73553390593274,440.0,0.0,1.3936141746921467,23.125786437626907,0,0
2025-06-15 21:00:00,29.39045108878658,67.5301270189222,440.0,0.0,1.3302755739053986,22.807949192431124,0,0
2025-06-15 22:00:00,29.0022225211328,68.02962913144535,440.0,0.0,1.2807944753312575,22.608148347421864,0,0
2025-06-15 23:00:00,28.9,68.2,440.0,0.0,1.2664627186802855,22.54,0,0
2025-06-16 00:00:00,28.602222521132795,68.32962913144534,440.0,0.0,1.2397409584161279,22.268148347421864,0,0
2025-06-16 01:00:00,27.401923788646684,63.23012701892219,400.0,0.0,1.3422027210265852,20.047949192431123,0,1
2025-06-16 02:00:00,27.87867965644036,62.435533905932736,400.0,0.0,1.4099112320876401,20.365786437626905,0,1
2025-06-16 03:00:00,28.5,61.4,400.0,0.0,1.5020724990374934,20.78,0,1
2025-06-16 04:00:00,29.22354286469244,60.194095225512605,400.0,0.0,1.6152106650962987,21.26236190979496,0,1
2025-06-16 05:00:00,30.0,58.9,400.0,0.0,1.7438997391499547,21.78,0,1
2025-06-16 06:00:00,30.776457135307563,57.60590477448739,400.0,0.0,1.8804886215582735,22.53273679754261,0,1
2025-06-16 07:00:00,32.06163732787247,56.11918133606376,398.5959066803188,28.0818663936235,2.093712551212171,23.28547359508522,0,1
2025-06-16 08:00:00,33.206320343559646,54.821966094067264,397.2875,54.24999999999999,2.298953890407079,24.1707135623731,0,1
2025-06-16 09:00:00,34.132497926528124,53.8026621234904,396.16394571206297,76.72108575874041,2.4755434780834102,24.893030351226205,0,1
2025-06-16 10:00:00,34.77705260507944,53.13073330544854,395.30181218446944,93.9637563106116,2.603008959716113,25.403199266169143,0,1
2025-06-16 11:00:00,35.09605904304728,52.85197047847636,394.7598523923818,104.80295215236391,2.66509057932146,25.666453138742547,0,1
2025-06-16 12:00:00,35.06777747886721,52.985370868554654,394.575,108.5,2.6534015993616324,25.664851652578136,0,1
2025-06-16 13:00:00,34.69413525440059,53.52184345955417,394.7598523923818,104.80295215236391,2.5694620060440783,25.398503946311425,0,1
2025-06-16 14:00:00,33.621320343559645,59.96446609406726,440.0,93.9637563106116,2.0851014831269015,25.6142135623731,0,0
2025-06-16 15:00:00,33.0,61.0,440.0,76.72108575874041,1.9617576402866719,25.2,0,0
2025-06-16 16:00:00,32.27645713530757,62.205904774487394,440.0,54.24999999999999,1.8252891980813286,24.71763809020505,0,0
2025-06-16 17:00:00,31.5,63.5,440.0,28.08186639362353,1.6870551496043091,24.2,0,0
2025-06-16 18:00:00,30.72354286469244,64.7940952255126,440.0,1.3287417770748784e-14,1.5569336739703545,23.7,0,0
2025-06-16 19:00:00,30.0,66.0,440.0,0.0,1.4426421199780644,23.2,0,0
2025-06-16 20:00:00,29.37867965644036,67.03553390593274,440.0,0.0,1.3496230597198873,22.785786437626903,0,0
2025-06-16 21:00:00,28.901923788646684,67.83012701892218,440.0,0.0,1.2813357824771674,22.46794919243112,0,0
2025-06-16 22:00:00,28.602222521132795,68.32962913144534,440.0,0.0,1.2397409584161279,22.268148347421864,0,0
2025-06-16 23:00:00,28.5,68.5,440.0,0.0,1.2257845523233428,22.2,0,0
2025-06-17 00:00:00,29.2022225211328,69.42962913144534,440.0,0.0,1.2389339288394554,23.088148347421864,0,0
2025-06-17 01:00:00,28.001923788646685,64.3301270189222,400.0,0.0,1.3484473952605085,20.867949192431126,0,1
2025-06-17 02:00:00,28.47867965644036,63.53553390593274,400.0,0.0,1.4172168324508374,21.18578643762691,0,1
2025-06-17 03:00:00,29.1,62.5,400.0,0.0,1.510831658722183,21.6,0,1
2025-06-17 04:00:00,29.82354286469244,61.294095225512606,400.0,0.0,1.6257674944034466,22.08236190979496,0,1
2025-06-17 05:00:00,30.6,60.0,400.0,0.0,1.7565167786867182,22.6,0,1
2025-06-17 06:00:00,31.376457135307565,58.705904774487394,400.0,0.0,1.8953077993320337,23.11763809020504,0,1
2025-06-17 07:00:00,33.10991191399004,56.99504404300498,397.4752202150249,50.49559569950179,2.176585089308843,24.50892072259104,0,1
2025-06-17 08:00:00,34.67232034355965,55.48896609406727,395.1225,97.54999999999998,2.4577410769616796,25.7701135623731,0,1
2025-06-17 09:00:00,35.95720687154323,54.29030765098285,393.1021733495252,137.95653300949542,2.709242193101188,26.8152684017398,0,1
2025-06-17 10:00:00,36.87700860443409,53.48075530577122,391.5519221860828,168.96155627834398,2.8994986916497787,27.57315966558833,0,1
2025-06-17 11:00:00,37.36904257417994,53.115478712910026,390.57739356455016,188.45212870899724,3.001569357455623,27.99213831676195,0,1
2025-06-17 12:00:00,37.39977747886721,53.450415203448934,390.245,195.1,2.985105667838981,28.04365165257813,0,1
2025-06-17 13:00:00,36.96711878553326,53.78535169398784,390.57739356455016,188.45212870899724,2.8946941409234483,27.724189124330827,0,1
2025-06-17 14:00:00,34.22132034355965,61.064466094067264,440.0,168.96155627834398,2.096740875933038,26.4342135623731,0,0
2025-06-17 15:00:00,33.6,62.1,440.0,137.95653300949542,1.9715316428349534,26.020000000000003,0,0
2025-06-17 16:00:00,32.87645713530756,63.3059047744874,440.0,97.54999999999998,1.8330149803698883,25.53763809020504,0,0
2025-06-17 17:00:00,32.1,64.6,440.0,50.49559569950185,1.6927254002819525,25.02,0,0
2025-06-17 18:00:00,31.35,65.89409522551261,440.0,2.3892859051364863e-14,1.5630360322480175,24.502361909794963,0,0
2025-06-17 19:00:00,30.6,67.1,440.0,0.0,1.444735050469826,24.02,0,0
2025-06-17 20:00:00,30.050961894323343,68.0150635094611,440.0,0.0,1.3611137158857314,23.605786437626904,0,0
2025-06-17 21:00:00,29.501923788646685,68.93012701892219,440.0,0.0,1.2811171638076175,23.287949192431125,0,0
2025-06-17 22:00:00,29.2022225211328,69.42962913144534,440.0,0.0,1.2389339288394554,23.088148347421864,0,0
2025-06-17 23:00:00,29.1,69.6,440.0,0.0,1.2247808646707832,23.02,0,0
2025-06-18 00:00:00,30.5022225211328,64.92962913144535,440.0,0.0,1.5314648379016862,23.488148347421863,0,0
2025-06-18 01:00:00,29.301923788646683,59.83012701892219,400.0,0.0,1.637364721447383,21.26794919243112,0,1
2025-06-18 02:00:00,29.77867965644036,59.03553390593274,400.0,0.0,1.7162055283241051,21.585786437626904,0,1
2025-06-18 03:00:00,30.4,58.0,400.0,0.0,1.8233840678181437,22.0,0,1
2025-06-18 04:00:00,31.123542864692435,56.794095225512606,400.0,0.0,1.954759247514405,22.48236190979496,0,1
2025-06-18 05:00:00,31.9,55.5,400.0,0.0,2.1039477626664347,23.0,0,1
2025-06-18 06:00:00,32.67645713530756,54.205904774487394,400.0,0.0,2.262034310573513,23.51763809020504,0,1
2025-06-18 07:00:00,34.591602883652,52.404198558174,397.02099279087,59.58014418260027,2.6163408372513124,25.0724425952868,0,1
2025-06-18 08:00:00,36.32332034355965,50.81346609406726,394.245,115.09999999999998,2.9744091693829326,26.48601356237309,0,1
2025-06-18 09:00:00,37.75359583193618,49.54211317078638,391.8612009485428,162.77598102914325,3.2984313329255572,27.662018466093457,0,1
2025-06-18 10:00:00,38.78495843789076,48.67678038904288,390.03204760244114,192.56605312044337,3.547031222791265,28.520314515699333,0,1
2025-06-18 11:00:00,39.34712250423487,48.276438747882565,388.8821937394128,222.35612521174352,3.6841682491536267,29.00241025381138,0,1
2025-06-18 12:00:00,39.4017774788672,48.368370868554656,388.49,230.2,3.688396760983023,29.07545165257813,0,1
2025-06-18 13:00:00,38.94519871558818,48.94631172896037,388.8821937394128,222.35612521174352,3.558915678130666,28.73446106138026,0,1
2025-06-18 14:00:00,35.521320343559644,56.564466094067264,440.0,199.35904795117776,2.51349693008426,26.834213562373098,0,0
2025-06-18 15:00:00,34.9,57.6,440.0,162.77598102914325,2.370871755299402,26.42,0,0
2025-06-18 16:00:00,34.17645713530756,58.8059047744874,440.0,115.09999999999998,2.212841696795975,25.93763809020504,0,0
2025-06-18 17:00:00,33.4,60.1,440.0,59.580144182600336,2.0525008961311393,25.42,0,0
2025-06-18 18:00:00,32.62354286469244,61.39409522551261,440.0,2.8191369316372077e-14,1.9013019300981346,24.90236190979496,0,0
2025-06-18 19:00:00,31.9,62.6,440.0,0.0,1.76826171513988,24.42,0,0
2025-06-18 20:00:00,31.27867965644036,63.63553390593274,440.0,0.0,1.6598061624149714,24.005786437626902,0,0
2025-06-18 21:00:00,30.801923788646683,64.43012701892219,440.0,0.0,1.5800771847785584,23.68794919243112,0,0
2025-06-18 22:00:00,30.5022225211328,64.92962913144535,440.0,0.0,1.5314648379016862,23.488148347421863,0,0
2025-06-18 23:00:00,30.352222521132802,65.1,440.0,0.0,1.5110105268476253,23.42,0,0
2025-06-19 00:00:00,30.2022225211328,67.52962913144535,440.0,0.0,1.393800213170513,23.708148347421865,0,0
2025-06-19 01:00:00,29.001923788646685,62.43012701892219,400.0,0.0,1.505095304059423,21.487949192431124,0,1
2025-06-19 02:00:00,29.47867965644036,61.63553390593274,400.0,0.0,1.57978250882975,21.805786437626907,0,1
2025-06-19 03:00:00,30.1,60.6,400.0,0.0,1.6813804631890579,22.22,0,1
2025-06-19 04:00:00,30.82354286469244,59.39409522551261,400.0,0.0,1.8060112624758422,22.70236190979496,0,1
2025-06-19 05:00:00,31.6,58.1,400.0,0.0,1.9476585157534987,23.22,0,1
2025-06-19 06:00:00,32.37645713530756,56.8059047744874,400.0,0.0,2.097878471234166,23.73763809020504,0,1
2025-06-19 07:00:00,34.36873095909256,54.965634520453726,396.9912286006832,63.43654795462784,2.445116050070788,25.361857863183303,0,1
2025-06-19 08:00:00,36.17232034355965,53.33896609406727,393.8725,122.54999999999998,2.7984482163483926,26.8401135623731,0,1
2025-06-19 09:00:00,37.664313652729774,52.03675426038959,391.3344063965589,173.3118720688228,3.120224621851624,28.071664504807693,0,1
2025-06-19 10:00:00,38.74303400821852,51.147742603879,389.3868586766217,212.2628264675659,3.3686560205368017,28.972582528994323,0,1
2025-06-19 11:00:00,39.334968400469016,50.73251579976549,388.74696412373237,236.74842002345065,3.506943446442377,29.481471560422115,0,1
2025-06-19 12:00:00,39.39977747886721,50.81937086855466,387.745,245.1,3.512929150134664,29.563651652578137,0,1
2025-06-19 13:00:00,38.93304461182233,51.4023887808433,388.1625789988275,236.74842002345065,3.385493742631083,29.213522367991,0,1
2025-06-19 14:00:00,35.22132034355965,59.16446609406727,440.0,212.262826467566,2.3242878137902596,27.0542135623731,0,0
2025-06-19 15:00:00,34.6,60.2,440.0,173.3118720688228,2.1888243424750606,26.64,0,0
2025-06-19 16:00:00,33.87645713530756,61.4059047744874,440.0,122.54999999999998,2.0388409377497654,26.15763809020504,0,0
2025-06-19 17:00:00,33.1,62.7,440.0,63.4365479546279,1.88679494783441,25.64,0,0
2025-06-19 18:00:00,32.32354286469244,63.99409522551261,440.0,3.0016093047101626e-14,1.7435501555867623,25.122361909794964,0,0
2025-06-19 19:00:00,31.6,65.2,440.0,0.0,1.6176256885017122,24.64,0,0
2025-06-19 20:00:00,30.97867965644036,66.23553390593274,440.0,0.0,1.5150595630493737,24.22578643762691,0,0
2025-06-19 21:00:00,30.501923788646685,67.0301270189222,440.0,0.0,1.4397150076691878,23.90794919243113,0,0
2025-06-19 22:00:00,30.2022225211328,67.52962913144535,440.0,0.0,1.393800213170513,23.708148347421865,0,0
2025-06-19 23:00:00,30.1,67.7,440.0,0.0,1.378390582766664,23.64,0,0
2025-06-20 00:00:00,30.902222521132792,64.12962913144534,440.0,0.0,1.6025605930884623,23.72814834742186,0,0
2025-06-20 01:00:00,29.70192378864668,59.03012701892219,400.0,0.0,1.7088773508936876,21.50794919243112,0,1
2025-06-20 02:00:00,30.178679656440355,58.115063509461095,400.0,0.0,1.795500445239374,21.825786437626903,0,1
2025-06-20 03:00:00,30.8,57.2,400.0,0.0,1.90104379038946,22.239999999999995,0,1
2025-06-20 04:00:00,31.52354286469244,55.9940952255126,400.0,0.0,2.0367008690199535,22.722361909794955,0,1
2025-06-20 05:00:00,32.3,54.7,400.0,0.0,2.190697819163273,23.239999999999995,0,1
2025-06-20 06:00:00,33.07645713530756,53.40590477448739,400.0,0.0,2.3538220084104022,23.757638090205035,0,1
2025-06-20 07:00:00,35.2276458527855,51.48617707360725,396.4308853680362,71.38229263927522,2.7622866956225063,25.52488126750695,0,1
2025-06-20 08:00:00,37.179320343559645,49.78546609406726,394.1775,137.89999999999998,3.181774620609911,27.136413562373097,0,1
2025-06-20 09:00:00,38.79847721637831,48.4196724785653,390.2489974874375,195.02005025124984,3.5673922424647473,28.48241171209137,0,1
2025-06-20 10:00:00,39.974773606142165,47.48187280491717,388.0575096818126,238.84980636374817,3.868329371106639,29.4711481671256,0,1
2025-06-20 11:00:00,40.628046857810496,47.03597657109474,386.67988285547375,266.40234289052506,4.039085111907739,30.035242172029445,0,1
2025-06-20 12:00:00,40.7137774788672,47.11237086855465,388.375,275.8,4.051640301401017,30.13625165257813,0,1
2025-06-20 13:00:00,40.22612306916381,47.70584955217255,386.67988285547375,266.40234289052506,3.9037395304489997,29.767292979598324,0,1
2025-06-20 14:00:00,35.92132034355964,55.76446609406726,440.0,238.8498063637482,2.6167082671901762,27.074213562373096,0,0
2025-06-20 15:00:00,35.3,56.8,440.0,195.02005025124984,2.469564708413287,26.66,0,0
2025-06-20 16:00:00,34.576457135307564,58.00590477448739,440.0,137.89999999999998,2.306477575186125,26.177638090205043,0,0
2025-06-20 17:00:00,33.8,59.3,440.0,71.3822926392753,2.1409467776479976,25.66,0,0
2025-06-20 18:00:00,33.02354286469243,60.5940952255126,440.0,3.3775758720483997e-14,1.9847943274159205,25.14236190979495,0,0
2025-06-20 19:00:00,32.3,61.8,440.0,0.0,1.8473434148352548,24.66,0,0
2025-06-20 20:00:00,31.678679656440355,62.835533905932735,440.0,0.0,1.7352529483517696,24.245786437626904,0,0
2025-06-20 21:00:00,31.20192378864668,63.63012701892219,440.0,0.0,1.6528276201203072,23.92794919243112,0,0
2025-06-20 22:00:00,30.902222521132792,64.12962913144534,440.0,0.0,1.6025605930884623,23.72814834742186,0,0
2025-06-20 23:00:00,30.8,64.3,440.0,0.0,1.5856837223575637,23.66,0,0
2025-06-21 00:00:00,30.7022225211328,63.42962913144535,440.0,0.0,1.6153093053975096,23.388148347421865,0,0
2025-06-21 01:00:00,29.501923788646685,58.33012701892219,400.0,0.0,1.7181914300793577,21.167949192431124,0,1
2025-06-21 02:00:00,29.97867965644036,57.53553390593274,400.0,0.0,1.7995927026465661,21.485786437626903,0,1
2025-06-21 03:00:00,30.6,56.5,400.0,0.0,1.9102119968218063,21.9,0,1
2025-06-21 04:00:00,31.32354286469244,55.294095225512606,400.0,0.0,2.0457463957730946,22.38236190979496,0,1
2025-06-21 05:00:00,32.1,54.0,400.0,0.0,2.19958667833248,22.9,0,1
2025-06-21 06:00:00,32.87645713530756,52.705904774487394,400.0,0.0,2.3625268452219643,23.41763809020504,0,1
2025-06-21 07:00:00,34.97950551039644,50.81024724480178,396.5512362240089,68.97527551982178,2.76265161257873,25.141554959356792,0,1
2025-06-21 08:00:00,36.886320343559646,49.297840327008714,393.3375,133.24999999999997,3.1618202769401935,26.712713562373096,0,1
2025-06-21 09:00:00,38.466955355077616,47.785433409215656,390.5778021406893,188.44395718621493,3.5473890987370993,28.024042036920747,0,1
2025-06-21 10:00:00,39.61369288103826,46.86241316746913,388.4602114945724,230.7957701085529,3.8392471645463466,28.98617551453209,0,1
2025-06-21 11:00:00,40.248384654120734,46.425807672939634,387.12903836469815,257.4192327060367,4.004033823433916,29.533546188708662,0,1
2025-06-21 12:00:00,40.327777478867205,46.50537086855466,386.675,266.5,4.0150050389657155,29.62885165257813,0,1
2025-06-21 13:00:00,39.84646086547405,47.09568065401744,387.12903836469815,257.4192327060367,3.870200924141155,29.265596996277537,0,1
2025-06-21 14:00:00,35.72132034355965,55.064466094067264,440.0,230.7957701085529,2.6290692062052847,26.7342135623731,0,0
2025-06-21 15:00:00,35.1,56.1,440.0,188.44395718621493,2.4820325762971653,26.32,0,0
2025-06-21 16:00:00,34.37645713530756,57.3059047744874,440.0,133.24999999999997,2.319047037559878,25.83763809020504,0,0
2025-06-21 17:00:00,33.6,58.6,440.0,68.97527551982185,2.1535992087959652,25.32,0,0
2025-06-21 18:00:00,32.82354286469244,59.89409522551261,440.0,3.263683719727696e-14,1.9975042432539967,24.802361909794964,0,0
2025-06-21 19:00:00,32.1,61.1,440.0,0.0,1.860085256242032,24.32,0,0
2025-06-21 20:00:00,31.47867965644036,62.13553390593274,440.0,0.0,1.7480064423808934,23.905786437626908,0,0
2025-06-21 21:00:00,31.001923788646685,62.93012701892219,440.0,0.0,1.665580649457582,23.587949192431125,0,0
2025-06-21 22:00:00,30.7022225211328,63.42962913144535,440.0,0.0,1.6153093053975096,23.388148347421865,0,0
2025-06-21 23:00:00,30.6,63.6,440.0,0.0,1.5984302686049134,23.32,0,0
2025-06-22 00:00:00,29.7022225211328,66.02962913144535,440.0,0.0,1.4169483591184433,22.908148347421864,0,0
2025-06-22 01:00:00,28.501923788646685,60.93012701892219,400.0,0.0,1.5205267096935247,20.687949192431123,0,1
2025-06-22 02:00:00,28.97867965644036,60.13553390593274,400.0,0.0,1.59487559210667,21.00578643762691,0,1
2025-06-22 03:00:00,29.6,59.1,400.0,0.0,1.6959927948991025,21.42,0,1
2025-06-22 04:00:00,30.32354286469244,57.89409522551261,400.0,0.0,1.8200044711513248,21.90236190979496,0,1
2025-06-22 05:00:00,31.1,56.6,400.0,0.0,1.9609128543972063,22.42,0,1
2025-06-22 06:00:00,31.876457135307565,55.3059047744874,400.0,31.239458743874255,2.1103128039198453,22.93763809020504,0,1
2025-06-22 07:00:00,33.84957834975497,53.47521082512252,396.8760541256126,62.47891748774851,2.4541227496421665,24.544620514779474,0,1
2025-06-22 08:00:00,35.63532034355965,51.85746609406726,393.965,120.7,2.803412342333684,26.0068135623731,0,1
2025-06-22 09:00:00,37.11198775092197,50.56291721129348,391.4652211510784,164.87926623678175,3.1210573683723606,27.224571193180665,0,1
2025-06-22 10:00:00,38.17894812833848,49.67978554381902,389.5470733763218,209.05853247356347,3.3659841536987916,28.11490523710228,0,1
2025-06-22 11:00:00,38.76348988932362,49.26825505533819,388.34127527669096,233.1744944661811,3.5021084201355253,28.61714090039126,0,1
2025-06-22 12:00:00,38.82577747886721,49.356370868554656,387.93,241.4,3.507752368083695,28.69705165257814,0,1
2025-06-22 13:00:00,38.36156610067694,49.938128036416,388.34127527669096,233.1744944661811,3.3818688579080693,28.34919170796013,0,1
2025-06-22 14:00:00,34.72132034355965,57.66446609406727,440.0,209.0585324735635,2.3439713240928506,26.2542135623731,0,0
2025-06-22 15:00:00,34.1,58.7,440.0,170.6955769784326,2.2091158901697625,25.840000000000003,0,0
2025-06-22 16:00:00,33.37645713530756,59.9059047744874,440.0,120.7,2.0597713368407415,25.35763809020504,0,0
2025-06-22 17:00:00,32.6,61.2,440.0,62.478917487748575,1.9083319336043894,24.840000000000003,0,0
2025-06-22 18:00:00,31.82354286469244,62.49409522551261,440.0,2.9562973731417105e-14,1.765616120800543,24.32236190979496,0,0
2025-06-22 19:00:00,31.1,63.7,440.0,0.0,1.6401183551755438,23.840000000000003,0,0
2025-06-22 20:00:00,30.47867965644036,64.73553390593274,440.0,0.0,1.5378701738223515,23.425786437626908,0,0
2025-06-22 21:00:00,30.001923788646685,65.5301270189222,440.0,0.0,1.4627405311281787,23.107949192431125,0,0
2025-06-22 22:00:00,29.7022225211328,66.02962913144535,440.0,0.0,1.4169483591184433,22.908148347421864,0,0
2025-06-22 23:00:00,29.6,66.2,440.0,0.0,1.4015783977405785,22.840000000000003,0,0
2025-06-23 00:00:00,28.800961894323343,66.32962913144534,440.0,0.0,1.333290480379844,22.468148347421867,0,0
2025-06-23 01:00:00,28.001923788646685,61.23012701892219,400.0,0.0,1.4656383627619936,20.24794919243112,0,1
2025-06-23 02:00:00,28.47867965644036,60.435533905932736,400.0,0.0,1.5377004882176333,20.565786437626905,0,1
2025-06-23 03:00:00,29.1,59.4,400.0,0.0,1.6357270758432167,20.98,0,1
2025-06-23 04:00:00,29.82354286469244,58.194095225512605,400.0,0.0,1.7559770648039983,21.46236190979496,0,1
2025-06-23 05:00:00,30.6,56.9,400.0,0.0,1.892646829034939,21.98,0,1
2025-06-23 06:00:00,31.376457135307565,55.60590477448739,400.0,0.0,2.0375909549706948,22.848972430698154,0,1
2025-06-23 07:00:00,32.91993873488479,53.990030632557605,397.950153162788,40.996936744239285,2.3039964045299914,23.717944861396308,0,1
2025-06-23 08:00:00,34.30532034355965,52.57246609406726,396.04,79.19999999999999,2.565998747516273,24.819813562373103,0,1
2025-06-23 09:00:00,35.4381904941523,51.44981583967832,394.39971429300255,112.00571413994912,2.7966341794565306,25.72815366208797,0,1
2025-06-23 10:00:00,36.04912175591804,50.6985866289601,393.14107880202727,137.17842395945507,2.9368991753442604,26.381063283848327,0,1
2025-06-23 11:00:00,36.66005301768377,50.36997349115811,392.34986745579056,153.00265088418843,3.0569899716779045,26.734047715915395,0,1
2025-06-23 12:00:00,36.665777478867206,50.48637086855465,392.08,158.4,3.050773826241335,26.76305165257813,0,1
2025-06-23 13:00:00,36.25812922903709,51.03984647223592,392.34986745579056,153.00265088418843,2.9501708083708627,26.46609852348428,0,1
2025-06-23 14:00:00,34.22132034355965,57.96446609406726,440.0,137.1784239594551,2.2636808421627554,25.81421356237309,0,0
2025-06-23 15:00:00,33.6,59.0,440.0,112.00571413994912,2.1327914869718496,25.4,0,0
2025-06-23 16:00:00,32.87645713530756,60.205904774487394,440.0,79.19999999999999,1.9878722238643634,24.91763809020504,0,0
2025-06-23 17:00:00,32.1,61.5,440.0,40.99693674423933,1.84095841556088,24.4,0,0
2025-06-23 18:00:00,31.32354286469244,62.794095225512606,440.0,1.9398405298494075e-14,1.702545692293447,23.88236190979496,0,0
2025-06-23 19:00:00,30.6,64.0,440.0,0.0,1.5808651008180463,23.4,0,0
2025-06-23 20:00:00,29.97867965644036,65.03553390593274,440.0,0.0,1.4817517756006253,22.985786437626903,0,0
2025-06-23 21:00:00,29.501923788646685,65.83012701892218,440.0,0.0,1.408940769981429,22.667949192431124,0,0
2025-06-23 22:00:00,29.2022225211328,66.32962913144534,440.0,0.0,1.3645684916622745,22.468148347421867,0,0
2025-06-23 23:00:00,29.1,66.5,440.0,0.0,1.3496762817918166,22.4,0,0
2025-06-24 00:00:00,29.9022225211328,65.92962913144535,440.0,0.0,1.4375402327699975,23.088148347421864,0,0
2025-06-24 01:00:00,28.701923788646685,60.83012701892219,400.0,0.0,1.5421931753424738,20.867949192431123,0,1
2025-06-24 02:00:00,29.17867965644036,60.03553390593274,400.0,0.0,1.6174521048777983,21.185786437626906,0,1
2025-06-24 03:00:00,29.8,59.0,400.0,0.0,1.7197993704761079,21.6,0,1
2025-06-24 04:00:00,30.52354286469244,57.794095225512606,400.0,0.0,1.8453083504071754,22.08236190979496,0,1
2025-06-24 05:00:00,31.300000000000004,56.5,400.0,0.0,1.9879040588135,22.6,0,1
2025-06-24 06:00:00,32.076457135307564,55.205904774487394,400.0,0.0,2.139077986580739,23.11763809020504,0,1
2025-06-24 07:00:00,33.832687989959055,53.48365600502047,397.4182800251024,51.63439949795288,2.4513681324661345,24.52941919096315,0,1
2025-06-24 08:00:00,35.41632034355964,51.96696609406726,395.0125,99.75,2.7635127729634608,25.80971356237309,0,1
2025-06-24 09:00:00,36.71943226828764,50.75919495261065,392.9466098576642,141.06780284671623,3.0428633549547244,26.87127125880977,0,1
2025-06-24 10:00:00,37.65321883996712,49.9426501880047,391.36139659725023,172.7720680549955,3.254497604696893,27.64174887756805,0,1
2025-06-24 11:00:00,38.15404404689338,49.57297797655331,390.3648898827665,192.7022023446692,3.3685948336630718,28.068639642204044,0,1
2025-06-24 12:00:00,38.18777747886721,49.67537086855466,390.025,199.5,3.367884851594185,28.12285165257814,0,1
2025-06-24 13:00:00,37.7521202582467,50.24285095763112,390.3648898827665,192.7022023446692,3.252364136776932,27.80069044977292,0,1
2025-06-24 14:00:00,34.92132034355964,57.564466094067264,440.0,172.77206805499551,2.3756583357308267,26.43421356237309,0,0
2025-06-24 15:00:00,34.3,58.6,440.0,141.06780284671623,2.2392257165212848,26.02,0,0
2025-06-24 16:00:00,33.576457135307564,59.8059047744874,440.0,99.75,2.088121553546524,25.537638090205043,0,0
2025-06-24 17:00:00,32.8,61.1,440.0,51.63439949795294,1.934882885414882,25.02,0,0
2025-06-24 18:00:00,32.02354286469244,62.39409522551261,440.0,2.4431703642989697e-14,1.7904565088759912,24.50236190979496,0,0
2025-06-24 19:00:00,31.3,63.6,440.0,0.0,1.663441557260032,24.020000000000003,0,0
2025-06-24 20:00:00,30.67867965644036,64.63553390593273,440.0,0.0,1.5599475547082946,23.605786437626904,0,0
2025-06-24 21:00:00,30.201923788646685,65.43012701892219,440.0,0.0,1.483896570603389,23.28794919243112,0,0
2025-06-24 22:00:00,29.9022225211328,65.92962913144535,440.0,0.0,1.4375402327699975,23.088148347421864,0,0
2025-06-24 23:00:00,29.8,66.1,440.0,0.0,1.4219804551009771,23.02,0,0
2025-06-25 00:00:00,29.7022225211328,67.52962913144535,440.0,0.0,1.3543814078507694,23.208148347421865,0,0
2025-06-25 01:00:00,28.501923788646685,62.43012701892219,400.0,0.0,1.4621495026407938,20.987949192431124,0,1
2025-06-25 02:00:00,29.050961894323343,61.63553390593274,400.0,0.0,1.5412884594701353,21.305786437626907,0,1
2025-06-25 03:00:00,29.6,60.6,400.0,0.0,1.6337925701473017,21.72,0,1
2025-06-25 04:00:00,30.32354286469244,59.39409522551261,400.0,0.0,1.7551677998733062,22.20236190979496,0,1
2025-06-25 05:00:00,31.1,58.1,400.0,0.0,1.8931393686461513,22.72,0,1
2025-06-25 06:00:00,31.876457135307565,56.8059047744874,400.0,0.0,2.0394875821560356,23.23763809020505,0,1
2025-06-25 07:00:00,33.60732372353901,55.09633813823049,397.4816906911525,50.366186176950535,2.3368127549683235,24.62659135118511,0,1
2025-06-25 08:00:00,35.167320343559645,53.59146609406727,394.1775,97.29999999999998,2.633632429901141,25.8856135623731,0,1
2025-06-25 09:00:00,36.06467466767878,52.39384318488879,393.1198510190549,137.60297961890214,2.83833228591683,26.928904440709115,0,1
2025-06-25 10:00:00,36.96202899179792,51.58508543279014,391.57357282117744,168.52854357645174,3.031668905428232,27.685365436954267,0,1
2025-06-25 11:00:00,37.85938331591706,51.22030834204148,390.60154171020736,187.9691657958527,3.2070460156998655,28.10344498432536,0,1
2025-06-25 12:00:00,37.88977747886721,51.32437086855466,390.27,187.9691657958527,3.205473012160968,28.154651652578146,0,1
2025-06-25 13:00:00,37.45745952727037,51.890181323119286,390.60154171020736,187.9691657958527,3.0948373649189445,27.835495791894232,0,1
2025-06-25 14:00:00,34.72132034355965,59.16446609406727,440.0,168.52854357645177,2.260921539154469,26.5542135623731,0,0
2025-06-25 15:00:00,34.1,60.2,440.0,137.60297961890214,2.128881656870619,26.14,0,0
2025-06-25 16:00:00,33.37645713530756,61.4059047744874,440.0,97.29999999999998,1.9827111865147875,25.65763809020504,0,0
2025-06-25 17:00:00,32.6,62.7,440.0,50.36618617695059,1.8345562145217453,25.14,0,0
2025-06-25 18:00:00,31.82354286469244,63.99409522551261,440.0,2.3831626711407492e-14,1.695002594820433,24.62236190979496,0,0
2025-06-25 19:00:00,31.1511112605664,65.2,440.0,0.0,1.5769224729872415,24.14,0,0
2025-06-25 20:00:00,30.47867965644036,66.23553390593274,440.0,0.0,1.4724557349767393,23.72578643762691,0,0
2025-06-25 21:00:00,30.001923788646685,67.0301270189222,440.0,0.0,1.39908753194548,23.40794919243113,0,0
2025-06-25 22:00:00,29.7022225211328,67.52962913144535,440.0,0.0,1.3543814078507694,23.208148347421865,0,0
2025-06-25 23:00:00,29.6,67.7,440.0,0.0,1.3393781729887775,23.14,0,0
2025-06-26 00:00:00,29.4022225211328,67.92962913144535,440.0,0.0,1.3147996096315346,22.988148347421863,0,0
2025-06-26 01:00:00,28.201923788646685,62.83012701892219,400.0,0.0,1.4215988710331418,20.767949192431125,0,1
2025-06-26 02:00:00,28.67867965644036,62.03553390593274,400.0,0.0,1.4927228446523004,21.085786437626908,0,1
2025-06-26 03:00:00,29.3,61.0,400.0,0.0,1.5895031902467838,21.5,0,1
2025-06-26 04:00:00,30.02354286469244,59.794095225512606,400.0,0.0,1.7082677238556945,21.98236190979496,0,1
2025-06-26 05:00:00,30.8,58.5,400.0,0.0,1.84330180610193,22.5,0,1
2025-06-26 06:00:00,31.576457135307564,57.205904774487394,400.0,0.0,1.9865664237812344,23.017638090205043,0,1
2025-06-26 07:00:00,33.18153766761918,55.55923116619041,397.7961558309521,44.07688338095929,2.2583000799131874,24.293383900857265,0,1
2025-06-26 08:00:00,34.624320343559646,54.11296609406726,395.7425,85.14999999999999,2.526988526738469,25.446913562373098,0,1
2025-06-26 09:00:00,35.806481908074694,52.96567013271712,393.9789857581965,120.42028483606906,2.7647753486832456,26.39961593461812,0,1
2025-06-26 10:00:00,36.64746000415701,52.19552960590976,392.6257936867755,147.4841262644899,2.942519685706892,27.08656592533896,0,1
2025-06-26 11:00:00,37.08994336434056,51.855028317829714,391.7751415891486,164.49716821702833,3.0358392759012993,27.460949027906505,0,1
2025-06-26 12:00:00,37.10377747886721,51.96737086855465,391.485,170.3,3.0310368304464275,27.49725165257814,0,1
2025-06-26 13:00:00,36.68801957569388,52.52490129890752,391.7751415891486,164.49716821702833,2.928724410125535,27.192999835475383,0,1
2025-06-26 14:00:00,34.42132034355964,59.564466094067264,440.0,147.48412626448993,2.201844175003625,26.33421356237309,0,0
2025-06-26 15:00:00,33.8,60.6,440.0,120.42028483606906,2.0725627282390935,25.92,0,0
2025-06-26 16:00:00,33.076457135307564,61.8059047744874,440.0,85.14999999999999,1.9294741425498978,25.43763809020504,0,0
2025-06-26 17:00:00,32.3,63.1,440.0,44.07688338095933,1.784475707000547,24.92,0,0
2025-06-26 18:00:00,31.52354286469244,64.39409522551261,440.0,2.0855734989479423e-14,1.6479283307108166,24.40236190979496,0,0
2025-06-26 19:00:00,30.8,65.6,440.0,0.0,1.5279417380700338,23.92,0,0
2025-06-26 20:00:00,30.17867965644036,66.63553390593273,440.0,0.0,1.4302496015626884,23.505786437626902,0,0
2025-06-26 21:00:00,29.701923788646685,67.43012701892219,440.0,0.0,1.3585084406913857,23.187949192431123,0,0
2025-06-26 22:00:00,29.4022225211328,67.92962913144535,440.0,0.0,1.3147996096315346,22.988148347421863,0,0
2025-06-26 23:00:00,29.3,68.1,440.0,0.0,1.300132096637754,22.92,0,0
2025-06-27 00:00:00,30.5022225211328,63.72962913144534,440.0,0.0,1.583866844494945,23.24814834742186,0,0
2025-06-27 01:00:00,29.301923788646683,58.63012701892219,400.0,0.0,1.686277937246258,21.02794919243112,0,1
2025-06-27 02:00:00,29.77867965644036,57.835533905932735,400.0,0.0,1.7664795055135012,21.345786437626906,0,1
2025-06-27 03:00:00,30.4,56.8,400.0,0.0,1.8754807554700905,21.76,0,1
2025-06-27 04:00:00,31.123542864692435,55.5940952255126,400.0,0.0,2.0090506946964672,22.24236190979496,0,1
2025-06-27 05:00:00,31.9,54.3,400.0,0.0,2.160683432670923,22.76,0,1
2025-06-27 06:00:00,32.67645713530756,53.00590477448739,400.0,0.0,2.32130922711725,23.27763809020504,0,1
2025-06-27 07:00:00,34.57814429330667,51.21092785334666,397.0546392667333,58.90721466533372,2.6799345696349723,24.820329863976003,0,1
2025-06-27 08:00:00,36.29732034355965,49.62646609406726,394.31,113.79999999999998,3.0418568820504386,26.2226135623731,0,1
2025-06-27 09:00:00,37.71682627931448,48.36049794709722,391.95312483009707,160.93750339805823,3.3689556613293266,27.388925868733928,0,1
2025-06-27 10:00:00,38.73992511689397,47.49929704954127,390.1446309049331,197.1073819013382,3.6196329461516576,28.239784526802225,0,1
2025-06-27 11:00:00,39.044851297880584,47.10155281936608,388.74696412373237,219.84471806339195,3.7072925750676387,28.71720492514105,0,1
2025-06-27 12:00:00,39.3497774788672,47.19437086855465,388.62,227.6,3.7617765873942224,28.78865165257813,0,1
2025-06-27 13:00:00,38.89497057262116,47.771425800443886,389.0077640968304,219.84471806339195,3.631006787663323,28.449255732709933,0,1
2025-06-27 14:00:00,35.521320343559644,55.36446609406726,440.0,197.10738190133824,2.5829376861857782,26.594213562373096,0,0
2025-06-27 15:00:00,34.9,56.4,440.0,160.93750339805823,2.43797189931731,26.18,0,0
2025-06-27 16:00:00,34.17645713530756,57.60590477448739,440.0,113.79999999999998,2.2773026352294674,25.69763809020504,0,0
2025-06-27 17:00:00,33.4,58.9,440.0,58.90721466533378,2.1142302463907225,25.18,0,0
2025-06-27 18:00:00,32.62354286469244,60.194095225512605,440.0,2.7872961148593758e-14,1.9604007215769332,24.66236190979496,0,0
2025-06-27 19:00:00,31.9,61.4,440.0,0.0,1.8249973851443684,24.18,0,0
2025-06-27 20:00:00,31.27867965644036,62.435533905932736,440.0,0.0,1.7145785160017306,23.765786437626904,0,0
2025-06-27 21:00:00,30.801923788646683,63.23012701892219,440.0,0.0,1.6333833245767788,23.44794919243112,0,0
2025-06-27 22:00:00,30.5022225211328,63.72962913144534,440.0,0.0,1.583866844494945,23.24814834742186,0,0
2025-06-27 23:00:00,30.4,63.9,440.0,0.0,1.5672420201960708,23.18,0,0
2025-06-28 00:00:00,29.7022225211328,66.92962913144535,440.0,0.0,1.3794081883578384,23.088148347421868,0,0
2025-06-28 01:00:00,28.501923788646685,61.83012701892219,400.0,0.0,1.4855003854618862,20.867949192431123,0,1
2025-06-28 02:00:00,28.97867965644036,61.03553390593274,400.0,0.0,1.5588688880532668,21.18578643762691,0,1
2025-06-28 03:00:00,29.6,60.0,400.0,0.0,1.658672660048022,21.6,0,1
2025-06-28 04:00:00,30.32354286469244,58.794095225512606,400.0,0.0,1.7811024683845136,22.08236190979496,0,1
2025-06-28 05:00:00,31.1,57.5,400.0,0.0,1.9202487629465734,22.6,0,1
2025-06-28 06:00:00,31.876457135307565,56.205904774487394,400.0,0.0,2.06781767086156,23.11763809020504,0,1
2025-06-28 07:00:00,33.81593187389164,54.392034063054176,396.9601703152709,60.79659369458212,2.401253222437244,24.69433868650248,0,1
2025-06-28 08:00:00,35.570320343559644,52.78996609406726,394.1275,117.45,2.739296167720597,26.12831356237309,0,1
2025-06-28 09:00:00,37.02006386936772,51.71302164456613,391.695030854964,166.09938290072003,3.033231330100032,27.32183969978184,0,1
2025-06-28 10:00:00,38.0663648258465,50.636077195065006,389.8285316325517,203.42936734896463,3.2819938104982254,28.1935802648595,0,1
2025-06-28 11:00:00,38.63791953190604,50.23104023404698,388.6552011702349,226.89597659530216,3.412514286930379,28.68412757871544,0,1
2025-06-28 12:00:00,38.69577747886721,50.32137086855466,388.255,234.9,3.4169424467506344,28.76005165257813,0,1
2025-06-28 13:00:00,38.23599574325936,50.90091321512479,388.6552011702349,226.89597659530216,3.294432824242693,28.416178386284315,0,1
2025-06-28 14:00:00,34.72132034355965,58.564466094067264,440.0,203.42936734896463,2.2941414531298214,26.4342135623731,0,0
2025-06-28 15:00:00,34.1,59.6,440.0,166.09938290072003,2.160975350190277,26.020000000000003,0,0
2025-06-28 16:00:00,33.37645713530756,60.8059047744874,440.0,117.45,2.0135352466451684,25.53763809020504,0,0
2025-06-28 17:00:00,32.6,62.10000000000001,440.0,60.796593694582185,1.8640665021548024,25.020000000000003,0,0
2025-06-28 18:00:00,31.82354286469244,63.39409522551261,440.0,2.8766953311971327e-14,1.7232480052124772,24.50236190979496,0,0
2025-06-28 19:00:00,31.1,64.6,440.0,0.0,1.599454263724911,24.02,0,0
2025-06-28 20:00:00,30.47867965644036,65.63553390593273,440.0,0.0,1.4986215105149845,23.605786437626904,0,0
2025-06-28 21:00:00,30.001923788646685,66.43012701892219,440.0,0.0,1.4245487316185599,23.287949192431125,0,0
2025-06-28 22:00:00,29.7022225211328,66.92962913144535,440.0,0.0,1.3794081883578384,23.088148347421868,0,0
2025-06-28 23:00:00,29.6,67.1,440.0,0.0,1.3642582628894984,23.02,0,0
2025-06-29 00:00:00,30.2022225211328,59.92962913144535,440.0,0.0,1.720032446949967,22.188148347421865,0,0
2025-06-29 01:00:00,29.001923788646685,54.83012701892219,400.0,0.0,1.809560648315784,19.967949192431124,0,1
2025-06-29 02:00:00,29.47867965644036,54.03553390593274,400.0,0.0,1.8927373936355827,20.285786437626907,0,1
2025-06-29 03:00:00,30.1,53.0,400.0,0.0,2.005707659134155,20.700000000000003,0,1
2025-06-29 04:00:00,30.82354286469244,51.794095225512606,400.0,0.0,2.1440331750780763,21.18236190979496,0,1
2025-06-29 05:00:00,31.6,50.5,400.0,0.0,2.300933091403298,21.700000000000003,0,1
2025-06-29 06:00:00,32.37645713530756,49.205904774487394,400.0,0.0,2.467000137011354,22.21763809020504,0,1
2025-06-29 07:00:00,34.4137654729404,47.343117263529805,396.715586317649,65.68827364701977,2.8661335358168665,23.88238892564636,0,1
2025-06-29 08:00:00,36.10055785279832,45.695466094067264,393.655,126.9,3.2440738160479623,25.398413562373097,0,1
2025-06-29 09:00:00,37.78735023265623,44.37523597042635,391.695030854964,179.46370106514578,3.6428439191493216,26.6623974267415,0,1
2025-06-29 10:00:00,38.89372242847702,43.47239839374975,389.01013762597546,219.7972474804905,3.929617948356487,27.58820210722697,0,1
2025-06-29 11:00:00,39.50303949424331,43.04848025287834,387.7424012643917,245.15197471216555,4.090535904421086,28.11273554481897,0,1
2025-06-29 12:00:00,39.30207759991997,43.13237086855465,387.31,253.8,4.040810230738316,28.20025165257814,0,1
2025-06-29 13:00:00,39.10111570559663,43.71835323395615,387.7424012643917,236.79862374024526,3.956323329582484,27.844786352387857,0,1
2025-06-29 14:00:00,35.22132034355965,51.564466094067264,440.0,219.7972474804905,2.7568666414724814,25.5342135623731,0,0
2025-06-29 15:00:00,34.6,52.6,440.0,179.46370106514578,2.606790799832107,25.12,0,0
2025-06-29 16:00:00,33.87645713530756,53.8059047744874,440.0,126.9,2.4403321771830746,24.63763809020504,0,0
2025-06-29 17:00:00,33.1,55.1,440.0,65.68827364701984,2.2712357414950404,24.12,0,0
2025-06-29 18:00:00,32.32354286469244,56.39409522551261,440.0,3.1081535762359824e-14,2.1115726026118566,23.602361909794965,0,0
2025-06-29 19:00:00,31.6,57.6,440.0,0.0,1.9709002641515114,23.12,0,0
2025-06-29 20:00:00,30.97867965644036,58.63553390593274,440.0,0.0,1.8560823604215035,22.705786437626905,0,0
2025-06-29 21:00:00,30.501923788646685,59.43012701892219,440.0,0.0,1.7715887174819498,22.38794919243112,0,0
2025-06-29 22:00:00,30.2022225211328,59.92962913144535,440.0,0.0,1.720032446949967,22.188148347421865,0,0
2025-06-29 23:00:00,30.1,60.1,440.0,0.0,1.7027177787117618,22.12,0,0
2025-06-30 00:00:00,29.802222521132794,63.62962913144534,440.0,0.0,1.525798221472007,22.528148347421865,0,0
2025-06-30 01:00:00,28.601923788646683,58.53012701892219,400.0,0.0,1.6233156878866597,20.30794919243112,0,1
2025-06-30 02:00:00,29.07867965644036,57.73553390593273,400.0,0.0,1.7006912043662363,20.625786437626903,0,1
2025-06-30 03:00:00,29.7,56.7,400.0,0.0,1.8058685861492776,21.04,0,1
2025-06-30 04:00:00,30.42354286469244,55.4940952255126,400.0,0.0,1.934778058056301,21.52236190979496,0,1
2025-06-30 05:00:00,31.2,54.2,400.0,0.0,2.0811518106835956,22.04,0,1
2025-06-30 06:00:00,31.97645713530756,52.90590477448739,400.0,0.0,2.2362411554176407,22.55763809020504,0,1
2025-06-30 07:00:00,33.947507797394145,51.07624610130292,396.8812305065146,62.3753898697075,2.59478541139356,24.16275701765473,0,1
2025-06-30 08:00:00,35.73132034355964,49.45946609406726,393.975,120.5,2.958630293976439,25.62321356237309,0,1
2025-06-30 09:00:00,37.20633089667248,48.16574563841822,391.4793632867021,170.41273426595797,3.289234751618615,26.83948002435612,0,1
2025-06-30 10:00:00,38.2720199251082,47.28324964543416,389.56439388439753,208.7121223120497,3.5440536374488003,27.728669854195022,0,1
2025-06-30 11:00:00,38.85576248271331,46.87211875864334,388.3605937932167,232.78812413566547,3.6857550841536466,28.230186234441977,0,1
2025-06-30 12:00:00,38.9177774788672,46.960370868554655,387.95,241.0,3.691912886850151,28.30985165257813,0,1
2025-06-30 13:00:00,38.45383869406663,47.54199173972115,388.3605937932167,232.78812413566547,3.561409804243205,27.96223704201085,0,1
2025-06-30 14:00:00,34.82132034355964,55.26446609406726,440.0,208.71212231204973,2.490601755777153,25.874213562373093,0,0
2025-06-30 15:00:00,34.2,56.3,440.0,170.41273426595797,2.3505273900798533,25.46,0,0
2025-06-30 16:00:00,33.47645713530756,57.50590477448739,440.0,116.39406206783278,2.1953084003002505,24.97763809020504,0,0
2025-06-30 17:00:00,32.7,58.8,440.0,62.37538986970757,2.0378009354738458,24.46,0,0
2025-06-30 18:00:00,31.92354286469244,60.0940952255126,440.0,2.9513987859451215e-14,1.8892536089441025,23.94236190979496,0,0
2025-06-30 19:00:00,31.2,61.3,440.0,0.0,1.7585278400317719,23.46,0,0
2025-06-30 20:00:00,30.57867965644036,62.335533905932735,440.0,0.0,1.6519441788910934,23.045786437626905,0,0
2025-06-30 21:00:00,30.101923788646683,63.13012701892219,440.0,0.0,1.5735817211182264,22.72794919243112,0,0
2025-06-30 22:00:00,29.802222521132794,63.62962913144534,440.0,0.0,1.525798221472007,22.528148347421865,0,0
2025-06-30 23:00:00,29.7,63.8,440.0,0.0,1.509756185187156,22.46,0,0
2025-07-01 00:00:00,30.0022225211328,63.02962913144535,440.0,0.0,1.5688768725901667,22.608148347421864,0,0
2025-07-01 01:00:00,28.801923788646683,57.93012701892219,400.0,0.0,1.6659894861591775,20.38794919243112,0,1
2025-07-01 02:00:00,29.27867965644036,57.13553390593274,400.0,0.0,1.744858796121343,20.705786437626905,0,1
2025-07-01 03:00:00,29.9,56.1,400.0,0.0,1.8520481060768206,21.12,0,1
2025-07-01 04:00:00,30.623542864692435,54.89409522551261,400.0,0.0,1.983396265695613,21.60236190979496,0,1
2025-07-01 05:00:00,31.4,53.6,400.0,0.0,2.13250563492446,22.12,0,1
2025-07-01 06:00:00,32.17645713530756,52.3059047744874,400.0,29.93242256610652,2.290457902617181,22.63763809020504,0,1
2025-07-01 07:00:00,34.09729690264426,50.501351548677874,397.00675774338936,59.86484513221305,2.6472592379758804,24.19756721237984,0,1
2025-07-01 08:00:00,35.83432034355965,48.90796609406726,394.2175,115.65,3.00789241138381,25.6159135623731,0,1
2025-07-01 09:00:00,37.26915218112228,47.63433499619333,391.8223100755776,163.55379848844845,3.334326329660767,26.796019180360943,0,1
2025-07-01 10:00:00,38.30401099677402,46.76725410960125,389.98441620523295,200.31167589534067,3.58492616472136,27.65746181869427,0,1
2025-07-01 11:00:00,38.86837287241323,46.36581356379339,388.8290678189669,223.4186436206615,3.7234023086557744,28.14153558517191,0,1
2025-07-01 12:00:00,38.9237774788672,46.457370868554655,388.435,231.3,3.7281263445602084,28.21525165257813,0,1
2025-07-01 13:00:00,38.46644908376655,47.0356865448712,388.8290678189669,223.4186436206615,3.5982277450671947,27.873586392740787,0,1
2025-07-01 14:00:00,35.021320343559644,54.66446609406727,440.0,200.31167589534067,2.5520778955945143,25.9542135623731,0,0
2025-07-01 15:00:00,34.4,55.7,440.0,163.55379848844845,2.4094234581004543,25.54,0,0
2025-07-01 16:00:00,33.67645713530756,56.9059047744874,440.0,115.65,2.25131394661346,25.05763809020504,0,0
2025-07-01 17:00:00,32.9,58.2,440.0,59.86484513221311,2.0908366191045853,24.54,0,0
2025-07-01 18:00:00,32.12354286469244,59.49409522551261,440.0,2.8326080464278283e-14,1.9394513279806183,24.02236190979496,0,0
2025-07-01 19:00:00,31.4,60.7,440.0,0.0,1.8061955054424847,23.54,0,0
2025-07-01 20:00:00,30.77867965644036,61.73553390593274,440.0,0.0,1.6975244550604662,23.125786437626907,0,0
2025-07-01 21:00:00,30.301923788646683,62.530127018922194,440.0,0.0,1.6176121310789568,22.80794919243112,0,0
2025-07-01 22:00:00,30.0022225211328,63.02962913144535,440.0,0.0,1.5688768725901667,22.608148347421864,0,0
2025-07-01 23:00:00,29.9,63.2,440.0,0.0,1.5525141299231664,22.54,0,0
2025-07-02 00:00:00,29.302222521132794,67.42962913144535,440.0,0.0,1.3276241831916455,22.788148347421867,0,0
2025-07-02 01:00:00,28.101923788646683,62.33012701892219,400.0,0.0,1.4323670673282487,20.56794919243112,0,1
2025-07-02 02:00:00,28.57867965644036,61.53553390593274,400.0,0.0,1.5036432819271768,20.885786437626905,0,1
2025-07-02 03:00:00,29.2,60.5,400.0,0.0,1.6006222102633754,21.3,0,1
2025-07-02 04:00:00,29.92354286469244,59.294095225512606,400.0,0.0,1.7196180654208306,21.78236190979496,0,1
2025-07-02 05:00:00,30.7,58.0,400.0,0.0,1.854900193997001,22.3,0,1
2025-07-02 06:00:00,31.47645713530756,56.705904774487394,400.0,0.0,1.9984123419413957,22.81763809020504,0,1
2025-07-02 07:00:00,33.12501926719641,55.138435434277326,397.687451832009,46.25096335982045,2.272475752259558,24.132517340476767,0,1
2025-07-02 08:00:00,34.60832034355964,53.57096609406726,395.5325,89.34999999999998,2.5545698740207827,25.322513562373093,0,1
2025-07-02 09:00:00,35.82527584731404,52.406273163097445,393.6820009100982,126.35998179803605,2.800548094276005,26.306530479933528,0,1
2025-07-02 10:00:00,36.69295227199279,51.622783471991866,392.2620630171861,154.75873965627918,2.9851795244857797,27.01750896639116,0,1
2025-07-02 11:00:00,37.152218903157134,51.27389054842144,391.3694527421072,172.6109451578565,3.082913955859237,27.406997012841423,0,1
2025-07-02 12:00:00,37.1717774788672,51.38337086855466,391.065,178.7,3.0792618590069876,27.44845165257813,0,1
2025-07-02 13:00:00,36.75029511451045,51.94376352949924,391.3694527421072,172.6109451578565,2.974668229521076,27.139047820410298,0,1
2025-07-02 14:00:00,34.32132034355964,59.064466094067264,440.0,154.75873965627918,2.216727761959818,26.13421356237309,0,0
2025-07-02 15:00:00,33.7,60.1,440.0,126.35998179803605,2.0871890702128457,25.719999999999995,0,0
2025-07-02 16:00:00,32.97645713530756,61.3059047744874,440.0,89.34999999999998,1.9438013571975867,25.23763809020504,0,0
2025-07-02 17:00:00,32.2,62.6,440.0,46.2509633598205,1.7984827346083463,24.72,0,0
2025-07-02 18:00:00,31.42354286469244,63.89409522551261,440.0,2.18844383007632e-14,1.6616163220405145,24.20236190979496,0,0
2025-07-02 19:00:00,30.7,65.1,440.0,0.0,1.5413337326308416,23.72,0,0
2025-07-02 20:00:00,30.07867965644036,66.13553390593273,440.0,0.0,1.4433885958974828,23.305786437626903,0,0
2025-07-02 21:00:00,29.601923788646683,66.93012701892219,440.0,0.0,1.37145413108109,22.987949192431124,0,0
2025-07-02 22:00:00,29.302222521132794,67.42962913144535,440.0,0.0,1.3276241831916455,22.788148347421867,0,0
2025-07-02 23:00:00,29.2,67.6,440.0,0.0,1.312915433228693,22.72,0,0
2025-07-03 00:00:00,28.4022225211328,66.12962913144534,440.0,0.0,1.31056756466885,21.628148347421863,0,0
2025-07-03 01:00:00,27.201923788646685,61.03012701892219,400.0,0.0,1.405953070104571,19.40794919243112,0,1
2025-07-03 02:00:00,27.67867965644036,60.23553390593273,400.0,0.0,1.4751759590754994,19.725786437626905,0,1
2025-07-03 03:00:00,28.3,59.2,400.0,0.0,1.5693562399345273,20.14,0,1
2025-07-03 04:00:00,29.02354286469244,57.9940952255126,400.0,0.0,1.684911724474896,20.62236190979496,0,1
2025-07-03 05:00:00,29.8,56.7,400.0,0.0,1.816275920527206,21.14,0,1
2025-07-03 06:00:00,30.576457135307564,55.40590477448739,400.0,0.0,1.955625918205619,21.65763809020504,0,1
2025-07-03 07:00:00,32.20949012449026,53.74525493775487,397.7262746887744,45.47450622451289,2.225479052755085,22.95854111204123,0,1
2025-07-03 08:00:00,33.67832034355964,52.285966094067255,395.6075,87.84999999999998,2.492927171817757,24.03344391289534,0,1
2025-07-03 09:00:00,34.88284944044284,51.12748636653304,393.7880669272762,124.2386614544764,2.73020260336505,25.108346713749448,0,1
2025-07-03 10:00:00,35.74099074776573,50.3487642341054,392.3919668277537,152.16066344492586,2.908116579288476,25.810743594586807,0,1
2025-07-03 11:00:00,36.194263353579785,50.0028683232101,391.51434161605056,169.7131676789893,3.002134694747494,26.194837018221804,0,1
2025-07-03 12:00:00,36.21177747886721,50.113370868554654,391.215,175.7,2.9983750662266466,26.234451652578144,0,1
2025-07-03 13:00:00,35.7923395649331,50.67274130428791,391.51434161605056,169.7131676789893,2.8973061200112142,25.926887825790683,0,1
2025-07-03 14:00:00,33.42132034355964,57.76446609406726,440.0,152.16066344492586,2.1752353042816637,24.97421356237309,0,0
2025-07-03 15:00:00,32.8,58.8,440.0,124.2386614544764,2.0492847012620348,24.559999999999995,0,0
2025-07-03 16:00:00,32.076457135307564,60.00590477448739,440.0,87.84999999999998,1.909860847940117,24.07763809020504,0,0
2025-07-03 17:00:00,31.3,61.3,440.0,45.47450622451294,1.7685491281858032,23.56,0,0
2025-07-03 18:00:00,30.52354286469244,62.5940952255126,440.0,2.1517044261018995e-14,1.6354448223231004,23.04236190979496,0,0
2025-07-03 19:00:00,29.8,63.8,440.0,0.0,1.5184570051520756,22.56,0,0
2025-07-03 20:00:00,29.17867965644036,64.83553390593273,440.0,0.0,1.4231852758117156,22.145786437626903,0,0
2025-07-03 21:00:00,28.701923788646685,65.6301270189222,440.0,0.0,1.3532079507740946,21.827949192431124,0,0
2025-07-03 22:00:00,28.4022225211328,66.12962913144534,440.0,0.0,1.31056756466885,21.628148347421863,0,0
2025-07-03 23:00:00,28.3,66.3,440.0,0.0,1.296257482494941,21.56,0,0
2025-07-04 00:00:00,29.9022225211328,61.72962913144534,440.0,0.0,1.6147519514486015,22.248148347421864,0,0
2025-07-04 01:00:00,28.701923788646685,56.63012701892219,400.0,0.0,1.7075552468398056,20.027949192431123,0,1
2025-07-04 02:00:00,29.17867965644036,55.835533905932735,400.0,0.0,1.787435580310621,20.345786437626906,0,1
2025-07-04 03:00:00,29.8,54.8,400.0,0.0,1.895973940134636,20.76,0,1
2025-07-04 04:00:00,30.52354286469244,53.5940952255126,400.0,0.0,2.0289389374807416,21.24236190979496,0,1
2025-07-04 05:00:00,31.3,52.3,400.0,0.0,2.179839623112734,21.76,0,1
2025-07-04 06:00:00,32.076457135307564,51.00590477448739,400.0,0.0,2.3396429828912835,22.27763809020504,0,1
2025-07-04 07:00:00,34.00661438826795,49.19669280586602,396.9912286006832,60.33071941339758,2.703355493733682,23.845952949441152,0,1
2025-07-04 08:00:00,35.752320343559646,47.59896609406726,394.1725,116.54999999999998,3.071086675385136,25.272113562373097,0,1
2025-07-04 09:00:00,37.194608025245,46.32160707413196,391.7586704652708,164.82659069458424,3.4040867566501163,26.458929440071387,0,1
2025-07-04 10:00:00,38.23518791131026,45.451665652333126,389.9064739188924,201.87052162215264,3.6599048719273104,27.325521041776888,0,1
2025-07-04 11:00:00,38.80314620215963,45.04842689892018,388.7421344946009,225.15731010798183,3.801507979471057,27.812831581943662,0,1
2025-07-04 12:00:00,38.85977747886721,45.13937086855465,388.345,233.1,3.8067859846283185,27.88765165257814,0,1
2025-07-04 13:00:00,38.40122241351295,45.71829987999799,388.7421344946009,225.15731010798183,3.6747839512821425,27.544882389512544,0,1
2025-07-04 14:00:00,34.92132034355964,53.36446609406726,440.0,201.8705216221527,2.6107859302648624,25.594213562373096,0,0
2025-07-04 15:00:00,34.3,54.4,440.0,164.82659069458424,2.466393542835038,25.18,0,0
2025-07-04 16:00:00,33.576457135307564,55.60590477448739,440.0,116.54999999999998,2.3063155563145905,24.697638090205043,0,0
2025-07-04 17:00:00,32.8,56.9,440.0,60.330719413397645,2.1437905491357694,24.18,0,0
2025-07-04 18:00:00,32.02354286469244,58.194095225512605,440.0,2.8546516888124805e-14,1.990422907301294,23.66236190979496,0,0
2025-07-04 19:00:00,31.3,59.4,440.0,0.0,1.8553771215592667,23.18,0,0
2025-07-04 20:00:00,30.67867965644036,60.435533905932736,440.0,0.0,1.745212043428342,22.765786437626907,0,0
2025-07-04 21:00:00,30.201923788646685,61.23012701892219,440.0,0.0,1.664179720615123,22.447949192431125,0,0
2025-07-04 22:00:00,29.9022225211328,61.72962913144534,440.0,0.0,1.6147519514486015,22.248148347421864,0,0
2025-07-04 23:00:00,29.8,61.9,440.0,0.0,1.5981550247595049,22.18,0,0
2025-07-05 00:00:00,29.9022225211328,61.52962913144535,440.0,0.0,1.6231906047190108,22.208148347421865,0,0
2025-07-05 01:00:00,28.701923788646685,56.43012701892219,400.0,0.0,1.7154296311968211,19.987949192431124,0,1
2025-07-05 02:00:00,29.17867965644036,55.63553390593274,400.0,0.0,1.7955300315217073,20.305786437626907,0,1
2025-07-05 03:00:00,29.8,54.6,400.0,0.0,1.9043632053564703,20.72,0,1
2025-07-05 04:00:00,30.52354286469244,53.39409522551261,400.0,0.0,2.0376832511509115,21.20236190979496,0,1
2025-07-05 05:00:00,31.3,52.1,400.0,0.0,2.188979411888888,21.72,0,1
2025-07-05 06:00:00,32.076457135307564,50.8059047744874,400.0,0.0,2.3491936970013088,22.23763809020504,0,1
2025-07-05 07:00:00,34.15000013925474,48.92499993037263,396.6249996518631,67.50000696273742,2.739584909504249,23.935000125329267,0,1
2025-07-05 08:00:00,36.02932034355964,47.26046609406726,393.48,130.39999999999998,3.138298534473396,25.48141356237309,0,1
2025-07-05 09:00:00,37.58634518202235,45.925738495743296,390.7793275733274,184.41344853345163,3.502933791800876,26.771492881171007,0,1
2025-07-05 10:00:00,38.71496598500684,45.01177661548484,388.7070287346509,225.8594253069816,3.7860475242886165,27.71732130810381,0,1
2025-07-05 11:00:00,39.33826910992378,44.580865445038114,387.40432722519057,251.91345549618904,3.9455257372020487,28.2544421989314,0,1
2025-07-05 12:00:00,39.41377747886721,44.66237086855466,386.96,260.8,3.9556812904773104,28.346251652578143,0,1
2025-07-05 13:00:00,38.936345321277095,45.25073842611592,387.40432722519057,251.91345549618904,3.8147171998768794,27.98649300650028,0,1
2025-07-05 14:00:00,34.92132034355964,53.16446609406727,440.0,225.8594253069816,2.6219824823855302,25.554213562373096,0,0
2025-07-05 15:00:00,34.3,54.2,440.0,184.41344853345163,2.477211058373788,25.14,0,0
2025-07-05 16:00:00,33.576457135307564,55.4059047744874,440.0,130.39999999999998,2.3167057469225933,24.657638090205044,0,0
2025-07-05 17:00:00,32.8,56.7,440.0,67.50000696273749,2.153738533122478,24.14,0,0
2025-07-05 18:00:00,32.02354286469244,57.99409522551261,440.0,3.1938788521762976e-14,1.999945116750118,23.62236190979496,0,0
2025-07-05 19:00:00,31.3,59.2,440.0,0.0,1.8645169103354202,23.14,0,0
2025-07-05 20:00:00,30.67867965644036,60.23553390593274,440.0,0.0,1.7540341619388204,22.72578643762691,0,0
2025-07-05 21:00:00,30.201923788646685,61.030127018922194,440.0,0.0,1.6727646325204433,22.40794919243113,0,0
2025-07-05 22:00:00,29.9022225211328,61.52962913144535,440.0,0.0,1.6231906047190108,22.208148347421865,0,0
2025-07-05 23:00:00,29.8,61.7,440.0,0.0,1.6065442899813396,22.14,0,0
2025-07-06 00:00:00,30.2022225211328,60.22962913144534,440.0,0.0,1.7071548587744627,22.248148347421864,0,0
2025-07-06 01:00:00,29.001923788646685,55.13012701892219,400.0,0.0,1.7975422794635592,20.027949192431123,0,1
2025-07-06 02:00:00,29.47867965644036,54.335533905932735,400.0,0.0,1.880383911340616,20.345786437626906,0,1
2025-07-06 03:00:00,30.1,53.3,400.0,0.0,1.9929052698205334,20.76,0,1
2025-07-06 04:00:00,30.82354286469244,52.05,400.0,0.0,2.1326514091154087,21.24236190979496,0,1
2025-07-06 05:00:00,31.6,50.8,400.0,0.0,2.2869880423644897,21.76,0,1
2025-07-06 06:00:00,32.37645713530756,49.50590477448739,400.0,0.0,2.4524295449412015,22.27763809020504,0,1
2025-07-06 07:00:00,34.40755381585794,47.64622309207103,396.7311154603552,65.37769079289674,2.848652950638672,23.936798434272145,0,1
2025-07-06 08:00:00,36.24732034355965,46.00146609406726,393.685,126.29999999999998,3.251840802808804,25.447613562373103,0,1
2025-07-06 09:00:00,37.77037966990776,44.68372125180058,391.0692413536139,178.61517292772191,3.6193132296251753,26.707123920267872,0,1
2025-07-06 10:00:00,38.87293781878619,43.78279069859517,389.0620991502025,218.7580169959492,3.9036787906109622,27.629495958505224,0,1
2025-07-06 11:00:00,39.479857274412375,43.36007136279381,387.8003568139691,243.99286372061863,4.063114314543571,28.151871546971137,0,1
2025-07-06 12:00:00,39.549777478867206,43.44437086855465,387.37,252.6,4.07226684066363,28.23865165257813,0,1
2025-07-06 13:00:00,39.07793348576569,44.02994434387162,387.8003568139691,243.99286372061863,3.9295299625503173,27.88392235454001,0,1
2025-07-06 14:00:00,35.22132034355965,51.86446609406726,440.0,218.7580169959492,2.7397911614323935,26.531961177270006,0,0
2025-07-06 15:00:00,34.6,52.9,440.0,178.61517292772191,2.5902921238838026,25.18,0,0
2025-07-06 16:00:00,33.87645713530756,54.10590477448739,440.0,126.29999999999998,2.4244838387843917,24.69763809020504,0,0
2025-07-06 17:00:00,33.1,55.4,440.0,65.37769079289681,2.256060447008437,24.18,0,0
2025-07-06 18:00:00,32.32354286469244,56.694095225512605,440.0,3.093457814646214e-14,2.097045400755603,23.662361909794964,0,0
2025-07-06 19:00:00,31.6,57.9,440.0,0.0,1.9569552151127039,23.18,0,0
2025-07-06 20:00:00,30.97867965644036,58.935533905932736,440.0,0.0,1.8426209342094457,22.765786437626907,0,0
2025-07-06 21:00:00,30.501923788646685,59.73012701892219,440.0,0.0,1.7584884394630256,22.447949192431125,0,0
2025-07-06 22:00:00,30.2022225211328,60.22962913144534,440.0,0.0,1.7071548587744627,22.248148347421864,0,0
2025-07-06 23:00:00,30.1,60.4,440.0,0.0,1.6899153893981393,22.18,0,0
2025-07-07 00:00:00,30.5022225211328,60.72962913144534,440.0,0.0,1.7148718609780917,22.648148347421863,0,0
2025-07-07 01:00:00,29.301923788646683,55.63012701892219,400.0,0.0,1.8085609767434454,20.42794919243112,0,1
2025-07-07 02:00:00,29.77867965644036,54.835533905932735,400.0,0.0,1.8921644484869915,20.745786437626904,0,1
2025-07-07 03:00:00,30.4,53.8,400.0,0.0,2.005722474599958,21.19407417371093,0,1
2025-07-07 04:00:00,31.123542864692435,52.5940952255126,400.0,0.0,2.1447793126516226,21.64236190979496,0,1
2025-07-07 05:00:00,31.9,51.3,400.0,0.0,2.3025226076821435,22.16,0,1
2025-07-07 06:00:00,32.67645713530756,50.00590477448739,400.0,0.0,2.4694965184765936,22.67763809020504,0,1
2025-07-07 07:00:00,34.57969720757729,48.21015139621135,397.0507569810568,58.98486037886448,2.8450091319673305,24.22172748681956,0,1
2025-07-07 08:00:00,36.30032034355965,46.62496609406726,394.3025,113.95,3.2236349117316707,25.6253135623731,0,1
2025-07-07 09:00:00,37.7210689200016,45.35837662675367,391.9425182283793,161.1496354324142,3.5656333126826207,26.79274424535233,0,1
2025-07-07 10:00:00,38.74512126931668,44.49669897332992,390.13164052387634,197.36718952247355,3.827715012664994,27.64446106398266,0,1
2025-07-07 11:00:00,39.302689916225575,44.09865504188721,388.9932752094361,220.13449581127867,3.9722798178436727,28.122420924603016,0,1
2025-07-07 12:00:00,39.3557774788672,44.19137086855465,388.605,227.9,3.9769823064861667,28.19405165257813,0,1
2025-07-07 13:00:00,37.438548911213424,44.76852802296502,388.9932752094361,220.13449581127867,3.5493175500150085,27.85447173217189,0,1
2025-07-07 14:00:00,35.521320343559644,52.36446609406726,440.0,197.3671895224736,2.7565395764395744,25.994213562373098,0,0
2025-07-07 15:00:00,34.9,53.4,440.0,161.1496354324142,2.6057222593620786,25.58,0,0
2025-07-07 16:00:00,34.17645713530756,54.60590477448739,440.0,113.95,2.4384549813131975,25.09763809020504,0,0
2025-07-07 17:00:00,33.4,55.9,440.0,58.98486037886454,2.2685536220396805,24.58,0,0
2025-07-07 18:00:00,32.62354286469244,57.194095225512605,440.0,2.7909700552568184e-14,2.108147700273928,24.06236190979496,0,0
2025-07-07 19:00:00,31.9,58.4,440.0,0.0,1.9668365601555888,23.58,0,0
2025-07-07 20:00:00,31.27867965644036,59.435533905932736,440.0,0.0,1.8515093999686285,23.165786437626902,0,0
2025-07-07 21:00:00,30.801923788646683,60.23012701892219,440.0,0.0,1.7666486740723295,22.84794919243112,0,0
2025-07-07 22:00:00,30.5022225211328,60.72962913144534,440.0,0.0,1.7148718609780917,22.648148347421863,0,0
2025-07-07 23:00:00,30.4,60.9,440.0,0.0,1.6974837393259383,22.58,0,0
2025-07-08 00:00:00,30.7022225211328,61.22962913144534,440.0,0.0,1.7124830662173707,22.948148347421863,0,0
2025-07-08 01:00:00,29.501923788646685,56.13012701892219,400.0,0.0,1.808904957041417,20.72794919243112,0,1
2025-07-08 02:00:00,29.97867965644036,55.335533905932735,400.0,0.0,1.8928260412467086,21.04578643762691,0,1
2025-07-08 03:00:00,30.6,54.3,400.0,0.0,2.006820419649576,21.46,0,1
2025-07-08 04:00:00,31.32354286469244,53.0940952255126,400.0,0.0,2.1464186021271243,21.94236190979496,0,1
2025-07-08 05:00:00,32.1,51.8,400.0,0.0,2.304784302078816,22.46,0,1
2025-07-08 06:00:00,32.87645713530756,50.50590477448739,400.0,0.0,2.472425534153527,22.97763809020504,0,1
2025-07-08 07:00:00,34.943270844082086,48.62836457795896,396.6418228897948,67.16354220410413,2.8794189510244115,24.66894375967388,0,1
2025-07-08 08:00:00,36.816320343559646,46.96696609406726,393.5125,129.74999999999997,3.2945761387926975,26.209713562373096,0,1
2025-07-08 09:00:00,38.3679604057115,45.63493088389872,390.82528951410455,183.4942097179091,3.6738327821494967,27.494946582491245,0,1
2025-07-08 10:00:00,39.49244932450844,44.72303494573404,388.7633203858969,224.7335922820618,3.9680128691225094,28.437056313655248,0,1
2025-07-08 11:00:00,40.11315503844027,44.29342248077987,387.46711240389936,250.65775192201323,4.133544749733056,28.97183953459624,0,1
2025-07-08 12:00:00,40.1877774788672,44.375370868554654,387.025,259.5,4.143893905434466,29.062851652578136,0,1
2025-07-08 13:00:00,39.71123124979359,44.96329546185768,387.46711240389936,250.65775192201323,3.9972359859436226,28.70389034216512,0,1
2025-07-08 14:00:00,35.72132034355965,52.86446609406726,440.0,224.73359228206184,2.7577858754176647,26.2942135623731,0,0
2025-07-08 15:00:00,35.1,53.9,440.0,183.4942097179091,2.6064168967494155,25.880000000000003,0,0
2025-07-08 16:00:00,34.37645713530756,55.10590477448739,440.0,129.74999999999997,2.4385460796565246,25.39763809020504,0,0
2025-07-08 17:00:00,33.6,56.4,440.0,67.1635422041042,2.268041678828601,24.880000000000003,0,0
2025-07-08 18:00:00,32.82354286469244,57.694095225512605,440.0,3.1779584437873815e-14,2.107076870024763,24.362361909794963,0,0
2025-07-08 19:00:00,32.1,58.9,440.0,0.0,1.9652828799883681,23.880000000000003,0,0
2025-07-08 20:00:00,31.47867965644036,59.935533905932736,440.0,0.0,1.8495690568829506,23.465786437626907,0,0
2025-07-08 21:00:00,31.001923788646685,60.73012701892219,440.0,0.0,1.7644285044442203,23.147949192431124,0,0
2025-07-08 22:00:00,30.7022225211328,61.22962913144534,440.0,0.0,1.7124830662173707,22.948148347421863,0,0
2025-07-08 23:00:00,30.6,61.4,440.0,0.0,1.6950386914326832,22.880000000000003,0,0
2025-07-09 00:00:00,30.8022225211328,61.02962913144535,440.0,0.0,1.7311628499480234,23.008148347421866,0,0
2025-07-09 01:00:00,29.601923788646687,55.93012701892219,400.0,0.0,1.8276395978509208,20.787949192431125,0,1
2025-07-09 02:00:00,30.07867965644036,55.13553390593274,400.0,0.0,1.9122362225149843,21.10578643762691,0,1
2025-07-09 03:00:00,30.700000000000003,54.1,400.0,0.0,2.027140926296723,21.520000000000003,0,1
2025-07-09 04:00:00,31.42354286469244,52.89409522551261,400.0,0.0,2.167843202563415,22.002361909794963,0,1
2025-07-09 05:00:00,32.2,51.6,400.0,0.0,2.3274482447872713,22.520000000000003,0,1
2025-07-09 06:00:00,32.97645713530756,50.3059047744874,400.0,0.0,2.4963873475033007,23.037638090205043,0,1
2025-07-09 07:00:00,35.117810729071614,48.3910946354642,396.455473177321,68.47499999999998,2.92075270264002,24.796029656164453,0,1
2025-07-09 08:00:00,37.060320343559646,46.69496609406726,393.1525,136.94999999999996,3.355797259802815,26.3993135623731,0,1
2025-07-09 09:00:00,38.67160715869323,45.33310750740786,390.3161726316503,193.6765473669953,3.7551531527894926,27.7382286601748,0,1
2025-07-09 10:00:00,39.84186464079836,44.39832728758908,388.1397820951721,237.2043580965577,4.066527696193385,28.72153009831618,0,1
2025-07-09 11:00:00,40.49134167641152,43.95432916179424,386.7716458089712,264.56708382057576,4.243191897477052,29.28220750877036,0,1
2025-07-09 12:00:00,40.57577747886721,44.03137086855466,386.305,273.9,4.256396888386311,29.38205165257814,0,1
2025-07-09 13:00:00,40.08941788776483,44.62420214287205,386.7716458089712,264.56708382057576,4.103809057938634,29.01425831633924,0,1
2025-07-09 14:00:00,35.82132034355965,52.66446609406727,440.0,237.2043580965577,2.7847500872081103,26.3542135623731,0,0
2025-07-09 15:00:00,35.2,53.7,440.0,193.6765473669953,2.6322169462129734,25.940000000000005,0,0
2025-07-09 16:00:00,34.47645713530757,54.9059047744874,440.0,136.94999999999996,2.463042693001942,25.457638090205048,0,0
2025-07-09 17:00:00,33.7,56.2,440.0,68.475,2.291200031962973,24.940000000000005,0,0
2025-07-09 18:00:00,32.92354286469244,57.49409522551261,440.0,3.3543075828646004e-14,2.128957375172658,24.440000000000005,0,0
2025-07-09 19:00:00,32.2,58.7,440.0,0.0,1.9860250518536011,23.940000000000005,0,0
2025-07-09 20:00:00,31.57867965644036,59.73553390593274,440.0,0.0,1.869372727835805,23.52578643762691,0,0
2025-07-09 21:00:00,31.101923788646687,60.530127018922194,440.0,0.0,1.783535763636813,23.207949192431126,0,0
2025-07-09 22:00:00,30.8022225211328,61.02962913144535,440.0,0.0,1.7311628499480234,23.008148347421866,0,0
2025-07-09 23:00:00,30.700000000000003,61.2,440.0,0.0,1.7135744649305633,22.940000000000005,0,0
2025-07-10 00:00:00,30.8022225211328,63.42962913144535,440.0,0.0,1.6245487544884452,23.488148347421863,0,0
2025-07-10 01:00:00,29.601923788646687,58.33012701892219,400.0,0.0,1.7281082232829577,21.267949192431125,0,1
2025-07-10 02:00:00,30.07867965644036,57.53553390593274,400.0,0.0,1.8099421948893477,21.585786437626908,0,1
2025-07-10 03:00:00,30.700000000000003,56.5,400.0,0.0,1.9211466294968946,22.000000000000004,0,1
2025-07-10 04:00:00,31.42354286469244,55.294095225512606,400.0,0.0,2.0573937013584183,22.48236190979496,0,1
2025-07-10 05:00:00,32.2,54.0,400.0,0.0,2.2120375880209604,23.000000000000004,0,1
2025-07-10 06:00:00,32.97645713530756,52.705904774487394,400.0,0.0,2.3758231314366,23.51763809020504,0,1
2025-07-10 07:00:00,35.05879998678824,50.820600006605886,396.6030000330294,67.9399993394117,2.7742002372292167,25.22291998810941,0,1
2025-07-10 08:00:00,36.94632034355965,49.15196609406726,393.4375,131.24999999999997,3.1813031285278983,26.7767135623731,0,1
2025-07-10 09:00:00,38.510386812582695,47.81371768046312,390.7192234969266,185.61553006146875,3.553774104459169,28.07313034867532,0,1
2025-07-10 10:00:00,39.64441084873551,46.8970541836205,388.6334165753293,227.33166849341512,3.843047569284615,29.02382168545961,0,1
2025-07-10 11:00:00,40.27111058801761,46.4644447059912,387.322223529956,253.55552940088043,4.005986169593211,29.56399952921585,0,1
2025-07-10 12:00:00,40.34777747886721,46.545370868554656,386.875,262.5,4.016271166307575,29.65685165257814,0,1
2025-07-10 13:00:00,39.86918679937093,47.13431768706901,387.322223529956,253.55552940088043,3.8720662163152477,29.29605033678473,0,1
2025-07-10 14:00:00,35.82132034355965,51.617158843534504,440.0,227.33166849341515,2.846363186640993,26.8342135623731,0,0
2025-07-10 15:00:00,35.2,56.1,440.0,185.61553006146875,2.4957737351781755,26.385925826289075,0,0
2025-07-10 16:00:00,34.47645713530757,57.3059047744874,440.0,131.24999999999997,2.331954522064203,25.93763809020505,0,0
2025-07-10 17:00:00,33.7,58.6,440.0,67.93999933941177,2.1656548247321257,25.42,0,0
2025-07-10 18:00:00,32.92354286469244,59.89409522551261,440.0,3.214697847761802e-14,2.0087506009015885,24.90236190979496,0,0
2025-07-10 19:00:00,32.2,61.1,440.0,1.607348923880901e-14,1.8706143950872907,24.42,0,0
2025-07-10 20:00:00,31.57867965644036,62.13553390593274,440.0,0.0,1.757947071865987,24.00578643762691,0,0
2025-07-10 21:00:00,31.101923788646687,62.93012701892219,440.0,0.0,1.6750863182894606,23.687949192431127,0,0
2025-07-10 22:00:00,30.8022225211328,63.42962913144535,440.0,0.0,1.6245487544884452,23.488148347421863,0,0
2025-07-10 23:00:00,30.700000000000003,63.6,440.0,0.0,1.6075801681307347,23.42,0,0
2025-07-11 00:00:00,31.3022225211328,61.22962913144534,440.0,0.0,1.7719886963334166,23.548148347421865,0,0
2025-07-11 01:00:00,30.101923788646687,56.13012701892219,400.0,0.0,1.8723370776522912,21.327949192431124,0,1
2025-07-11 02:00:00,30.57867965644036,55.335533905932735,400.0,0.0,1.9589605912134522,21.69397459621556,0,1
2025-07-11 03:00:00,31.200000000000003,54.3,400.0,0.0,2.0766078110969515,22.06,0,1
2025-07-11 04:00:00,31.92354286469244,53.0940952255126,400.0,0.0,2.220652567001647,22.542361909794963,0,1
2025-07-11 05:00:00,32.7,51.8,400.0,0.0,2.3840292497533824,23.06,0,1
2025-07-11 06:00:00,33.47645713530756,50.50590477448739,400.0,0.0,2.5569388508498982,23.57763809020504,0,1
2025-07-11 07:00:00,35.5034127111363,48.64829364443185,396.74146822215926,65.17063555681473,2.968655735569256,25.23307144002267,0,1
2025-07-11 08:00:00,37.33932034355965,47.00546609406726,393.705,125.9,3.3872613522224353,26.7404135623731,0,1
2025-07-11 09:00:00,38.85906596140877,45.68937810605008,391.09752562486136,178.04948750277268,3.768476824204615,27.99694158261879,0,1
2025-07-11 10:00:00,39.95908141232564,44.78971890182544,389.0967401663539,218.06519667292164,4.063225036063041,28.917025192690726,0,1
2025-07-11 11:00:00,40.56440246119176,44.367798769404125,387.8389938470206,243.22012305958745,4.228258060983734,29.43796221507258,0,1
2025-07-11 12:00:00,40.63377747886721,44.45237086855465,387.41,251.8,4.237401363793499,29.52425165257814,0,1
2025-07-11 13:00:00,40.16247867254507,45.037671750481934,387.8389938470206,243.22012305958745,4.089044109427601,29.170013022641456,0,1
2025-07-11 14:00:00,36.32132034355965,52.86446609406726,440.0,218.06519667292167,2.8500690220127574,26.8942135623731,0,0
2025-07-11 15:00:00,35.7,53.9,440.0,178.04948750277268,2.6940393213002176,26.480000000000004,0,0
2025-07-11 16:00:00,34.97645713530757,55.10590477448739,440.0,125.9,2.520969089395731,25.997638090205047,0,0
2025-07-11 17:00:00,34.2,56.4,440.0,65.1706355568148,2.345148608866856,25.480000000000004,0,0
2025-07-11 18:00:00,33.42354286469244,57.694095225512605,440.0,3.0836606402530353e-14,2.179130376391006,24.96236190979496,0,0
2025-07-11 19:00:00,32.7,58.9,440.0,0.0,2.032854816698424,24.480000000000004,0,0
2025-07-11 20:00:00,32.07867965644036,59.935533905932736,440.0,0.0,1.913461470891009,24.065786437626905,0,0
2025-07-11 21:00:00,31.601923788646687,60.73012701892219,440.0,0.0,1.8256000568775643,23.747949192431125,0,0
2025-07-11 22:00:00,31.3022225211328,61.22962913144534,440.0,0.0,1.7719886963334166,23.548148347421865,0,0
2025-07-11 23:00:00,31.200000000000003,61.4,440.0,0.0,1.7539838404451273,23.480000000000004,0,0
2025-07-12 00:00:00,31.602222521132795,60.42962913144535,440.0,0.0,1.8396009186965137,23.688148347421865,0,0
2025-07-12 01:00:00,30.401923788646684,55.33012701892219,400.0,0.0,1.939507044458087,21.46794919243112,0,1
2025-07-12 02:00:00,30.87867965644036,54.53553390593274,400.0,0.0,2.028467804728153,21.785786437626903,0,1
2025-07-12 03:00:00,31.5,53.5,400.0,0.0,2.1492620399068594,22.2,0,1
2025-07-12 04:00:00,32.22354286469244,52.294095225512606,400.0,0.0,2.2971199736470176,22.682361909794963,0,1
2025-07-12 05:00:00,33.0,51.0,400.0,0.0,2.464772419847357,23.2,0,1
2025-07-12 06:00:00,33.77645713530756,49.705904774487394,400.0,0.0,2.6421549367492183,23.71763809020504,0,1
2025-07-12 07:00:00,35.76200166391989,47.868999168040055,396.9912286006832,63.10008319599456,3.0568869753892147,25.3358014975279,0,1
2025-07-12 08:00:00,37.55932034355965,46.24546609406726,393.905,121.9,3.4771211437516514,26.8084135623731,0,1
2025-07-12 09:00:00,39.04592887641892,44.94594664854501,391.380368337336,172.3926332532803,3.8585874845043193,28.03511820612792,0,1
2025-07-12 10:00:00,40.12051734772013,44.05900093412819,389.44315032786767,211.1369934426461,4.152567003312009,28.932317534545763,0,1
2025-07-12 11:00:00,40.7098543289855,43.64507283550725,388.2253641775363,235.49271644927487,4.316366725278027,29.43886889608695,0,1
2025-07-12 12:00:00,40.7737774788672,43.73237086855465,387.81,243.8,4.324309161754696,29.52025165257813,0,1
2025-07-12 13:00:00,40.307930540338816,44.31494581658506,388.2253641775363,235.49271644927487,4.17499765332506,29.170919703655827,0,1
2025-07-12 14:00:00,36.621320343559645,52.064466094067264,440.0,211.13699344264617,2.9463779090209234,27.034213562373097,0,0
2025-07-12 15:00:00,36.0,53.1,440.0,172.3926332532803,2.786327922063227,26.62,0,0
2025-07-12 16:00:00,35.27645713530757,54.3059047744874,440.0,121.9,2.6087521691746987,26.137638090205044,0,0
2025-07-12 17:00:00,34.5,55.6,440.0,63.10008319599463,2.428300780781057,25.62,0,0
2025-07-12 18:00:00,33.72354286469244,56.89409522551261,440.0,2.985688896321247e-14,2.2578556012834956,25.10236190979496,0,0
2025-07-12 19:00:00,33.0,58.1,440.0,0.0,2.1076319263592707,24.62,0,0
2025-07-12 20:00:00,32.378679656440355,59.13553390593274,440.0,0.0,1.9849801372873699,24.2057864376269,0,0
2025-07-12 21:00:00,31.901923788646684,59.93012701892219,440.0,0.0,1.894698691026595,23.88794919243112,0,0
2025-07-12 22:00:00,31.602222521132795,60.42962913144535,440.0,0.0,1.8396009186965137,23.688148347421865,0,0
2025-07-12 23:00:00,31.5,60.6,440.0,0.0,1.821095147792049,23.62,0,0
2025-07-13 00:00:00,30.8022225211328,59.92962913144535,440.0,0.0,1.7800276437003302,22.788148347421867,0,0
2025-07-13 01:00:00,29.601923788646687,54.83012701892219,400.0,0.0,1.873258144527904,20.56794919243113,0,1
2025-07-13 02:00:00,30.07867965644036,54.03553390593274,400.0,0.0,1.9591209851767344,20.88578643762691,0,1
2025-07-13 03:00:00,30.700000000000003,53.0,400.0,0.0,2.075721645663311,21.300000000000004,0,1
2025-07-13 04:00:00,31.42354286469244,51.794095225512606,400.0,0.0,2.218465890615705,21.78236190979496,0,1
2025-07-13 05:00:00,32.2,50.5,400.0,0.0,2.380344795805164,22.300000000000004,0,1
2025-07-13 06:00:00,32.97645713530756,49.205904774487394,400.0,0.0,2.5516459465338728,22.81763809020504,0,1
2025-07-13 07:00:00,34.90402619781693,47.397986901091535,396.9899345054577,60.201309890846325,2.9419906271450404,24.38362357803524,0,1
2025-07-13 08:00:00,36.64732034355965,45.80146609406727,394.185,116.29999999999998,3.336069521453132,25.807613562373103,0,1
2025-07-13 09:00:00,38.08753695743314,44.525142608037896,391.77634813480046,164.47303730399096,3.692505956835371,26.99256547904072,0,1
2025-07-13 10:00:00,39.12652765727242,43.65599577935205,389.928124553987,201.4375089202604,3.966109034839699,27.85772681314283,0,1
2025-07-13 11:00:00,39.69348694389675,43.25325652805163,388.7662826402581,224.67434719483728,4.117529498489357,28.344138249507075,0,1
2025-07-13 12:00:00,39.74977747886721,43.344370868554655,388.37,224.67434719483728,4.123294536956618,28.41865165257814,0,1
2025-07-13 13:00:00,39.29156315525007,43.92312950912944,388.7662826402581,224.67434719483728,3.982378144045814,28.07618905707596,0,1
2025-07-13 14:00:00,35.82132034355965,51.564466094067264,440.0,201.43750892026043,2.849463101790693,26.134213562373105,0,0
2025-07-13 15:00:00,35.2,52.6,440.0,164.47303730399096,2.694753417937256,25.72,0,0
2025-07-13 16:00:00,34.47645713530757,53.8059047744874,440.0,116.29999999999998,2.5231247713484053,25.23763809020505,0,0
2025-07-13 17:00:00,33.7,55.1,440.0,60.20130989084639,2.3487415852771116,24.72,0,0
2025-07-13 18:00:00,32.92354286469244,56.39409522551261,440.0,2.8485284548167443e-14,2.184052146713565,24.20236190979496,0,0
2025-07-13 19:00:00,32.2,57.6,440.0,0.0,2.038921602871494,23.72,0,0
2025-07-13 20:00:00,31.57867965644036,58.63553390593274,440.0,0.0,1.9204428201553048,23.305786437626907,0,0
2025-07-13 21:00:00,31.101923788646687,59.43012701892219,440.0,0.0,1.8332417594210164,22.987949192431124,0,0
2025-07-13 22:00:00,30.8022225211328,59.92962913144535,440.0,0.0,1.7800276437003302,22.788148347421867,0,0
2025-07-13 23:00:00,30.700000000000003,60.1,440.0,0.0,1.7621551842971517,22.72,0,0
2025-07-14 00:00:00,30.0022225211328,61.829629131445344,440.0,0.0,1.619800144466498,22.36814834742186,0,0
2025-07-14 01:00:00,28.801923788646683,56.73012701892219,400.0,0.0,1.7135101284080907,20.14794919243112,0,1
2025-07-14 02:00:00,29.27867965644036,55.935533905932736,400.0,0.0,1.7937064955363,20.465786437626903,0,1
2025-07-14 03:00:00,29.9,54.9,400.0,0.0,1.9026735668351853,20.88,0,1
2025-07-14 04:00:00,30.623542864692435,53.65,400.0,0.0,2.038101604980751,21.36236190979496,0,1
2025-07-14 05:00:00,31.4,52.4,400.0,0.0,2.1876566427242308,21.88,0,1
2025-07-14 06:00:00,32.17645713530756,51.10590477448739,400.0,0.0,2.3480866189214664,22.397638090205035,0,1
2025-07-14 07:00:00,34.1832248256183,49.258387587190846,396.7919379359543,64.1612412809149,2.7267358891303983,24.034902343056466,0,1
2025-07-14 08:00:00,36.00032034355964,47.62496609406726,393.8025,123.95,3.1116542513203918,25.525313562373096,0,1
2025-07-14 09:00:00,37.50391163247622,46.31695527051635,391.2354114471928,175.29177105614514,3.462073104985187,26.767302686579487,0,1
2025-07-14 10:00:00,38.59153143083045,45.42349389257303,389.2656151200919,214.6876975981624,3.732820787933138,27.676230209345057,0,1
2025-07-14 11:00:00,39.1890602467412,45.0054698766294,388.027349383147,239.45301233706004,3.8841200483937253,28.19015422206708,0,1
2025-07-14 12:00:00,39.2557774788672,45.091370868554655,387.605,247.9,3.891944864289743,28.27405165257813,0,1
2025-07-14 13:00:00,38.78713645809452,45.67534285770721,388.027349383147,239.45301233706004,3.7549051345477262,27.92220502963596,0,1
2025-07-14 14:00:00,35.021320343559644,53.46446609406726,440.0,214.6876975981624,2.6196296196145257,25.714213562373097,0,0
2025-07-14 15:00:00,34.4,54.5,440.0,175.29177105614514,2.4746900077555454,25.3,0,0
2025-07-14 16:00:00,33.67645713530756,55.705904774487394,440.0,123.95,2.314004130078242,24.81763809020504,0,0
2025-07-14 17:00:00,32.9,57.0,440.0,64.16124128091496,2.1508606368779235,24.3,0,0
2025-07-14 18:00:00,32.12354286469244,58.25,440.0,3.0358994150862884e-14,1.9990194860229618,23.78236190979496,0,0
2025-07-14 19:00:00,31.4,59.5,440.0,0.0,1.8613465132422553,23.3,0,0
2025-07-14 20:00:00,30.77867965644036,60.53553390593274,440.0,0.0,1.7507599906371247,22.885786437626905,0,0
2025-07-14 21:00:00,30.301923788646683,61.33012701892219,440.0,0.0,1.6694173389128621,22.56794919243112,0,0
2025-07-14 22:00:00,30.0022225211328,61.829629131445344,440.0,0.0,1.619800144466498,22.36814834742186,0,0
2025-07-14 23:00:00,29.9,62.0,440.0,0.0,1.6031395906815307,22.3,0,0
2025-07-15 00:00:00,30.8022225211328,61.42962913144535,440.0,0.0,1.7133938340380936,23.088148347421868,0,0
2025-07-15 01:00:00,29.601923788646687,56.33012701892219,400.0,0.0,1.811051035422927,20.867949192431126,0,1
2025-07-15 02:00:00,30.07867965644036,55.53553390593274,400.0,0.0,1.8951872179107119,21.18578643762691,0,1
2025-07-15 03:00:00,30.700000000000003,54.5,400.0,0.0,2.0094752101634183,21.6,0,1
2025-07-15 04:00:00,31.42354286469244,53.294095225512606,400.0,0.0,2.1494349523625824,22.08236190979496,0,1
2025-07-15 05:00:00,32.2,52.0,400.0,0.0,2.3082131353262194,22.6,0,1
2025-07-15 06:00:00,32.97645713530756,50.705904774487394,400.0,0.0,2.4762933114921837,23.11763809020504,0,1
2025-07-15 07:00:00,34.90299092163652,48.898504539181744,396.9925226959087,60.14954608182582,2.857904164586125,24.68269182947288,0,1
2025-07-15 08:00:00,36.645320343559646,47.30246609406726,394.19,116.2,3.2433245793249705,26.1058135623731,0,1
2025-07-15 09:00:00,38.08470853030839,46.02655682160027,391.7834192026123,164.33161594775365,3.5920200712949018,27.290019894628443,0,1
2025-07-15 10:00:00,39.12306355565728,45.15772783015962,389.9367848080248,201.26430383950355,3.859683496695416,28.154609121689205,0,1
2025-07-15 11:00:00,39.6896232405916,44.75518837970421,388.775941898521,216.83215191975177,4.0077225132392424,28.64066091653244,0,1
2025-07-15 12:00:00,39.74577747886721,44.84637086855466,388.38,232.4,4.013124509616589,28.715051652578143,0,1
2025-07-15 13:00:00,39.28769945194491,45.42506136078202,388.775941898521,224.48116202957948,3.874914231656437,28.372711724101315,0,1
2025-07-15 14:00:00,35.82132034355965,53.064466094067264,440.0,201.26430383950355,2.761218081905354,26.434213562373102,0,0
2025-07-15 15:00:00,35.2,54.1,440.0,164.33161594775365,2.6094764110405073,26.020000000000003,0,0
2025-07-15 16:00:00,34.47645713530757,55.3059047744874,440.0,116.2,2.441194664512319,25.53763809020505,0,0
2025-07-15 17:00:00,33.7,56.6,440.0,60.14954608182589,2.2702758307578317,25.020000000000003,0,0
2025-07-15 18:00:00,32.92354286469244,57.89409522551261,440.0,2.846079161218449e-14,2.1089229127941467,24.50236190979496,0,0
2025-07-15 19:00:00,32.2,59.1,440.0,1.4230395806092244e-14,1.96678994239255,24.020000000000003,0,0
2025-07-15 20:00:00,31.57867965644036,60.13553390593274,440.0,0.0,1.8508017851741687,23.60578643762691,0,0
2025-07-15 21:00:00,31.101923788646687,60.93012701892219,440.0,0.0,1.765460856078921,23.287949192431125,0,0
2025-07-15 22:00:00,30.8022225211328,61.42962913144535,440.0,0.0,1.7133938340380936,23.088148347421868,0,0
2025-07-15 23:00:00,30.700000000000003,61.6,440.0,0.0,1.6959087487972586,23.020000000000003,0,0
2025-07-16 00:00:00,30.102222521132795,64.22962913144534,440.0,0.0,1.5266818392432566,22.948148347421863,0,0
2025-07-16 01:00:00,28.901923788646684,61.282581518689035,400.0,0.0,1.5421265024710205,20.72794919243112,0,1
2025-07-16 02:00:00,29.37867965644036,58.335533905932735,400.0,0.0,1.7058163190330187,21.045786437626905,0,1
2025-07-16 03:00:00,30.0,57.3,400.0,0.0,1.811788780090099,21.46,0,1
2025-07-16 04:00:00,30.72354286469244,56.0940952255126,400.0,0.0,1.941679444610453,21.94236190979496,0,1
2025-07-16 05:00:00,31.5,54.8,400.0,0.0,2.0891751441675286,22.46,0,1
2025-07-16 06:00:00,32.27645713530756,53.50590477448739,400.0,0.0,2.245461077539045,22.97763809020504,0,1
2025-07-16 07:00:00,33.92501926719641,51.8374903664018,396.9912286006832,46.25096335982045,2.551213075738246,24.29251734047677,0,1
2025-07-16 08:00:00,35.408320343559645,50.370966094067256,394.1775,89.34999999999998,2.8540779402645526,25.482513562373097,0,1
2025-07-16 09:00:00,36.62527584731404,49.20627316309744,393.6820009100982,126.35998179803605,3.1227325108656583,26.466530479933525,0,1
2025-07-16 10:00:00,37.49295227199279,48.42278347199186,392.2620630171861,154.75873965627918,3.324288378873088,27.17750896639117,0,1
2025-07-16 11:00:00,37.95221890315713,48.07389054842143,391.3694527421072,172.6109451578565,3.431101123022375,27.56699701284142,0,1
2025-07-16 12:00:00,37.9717774788672,48.183370868554654,391.065,178.7,3.4274909783860856,27.60845165257813,0,1
2025-07-16 13:00:00,37.55029511451045,48.74376352949924,440.0,172.6109451578565,3.313895469064937,27.29904782041029,0,1
2025-07-16 14:00:00,35.121320343559645,55.86446609406726,440.0,154.75873965627918,2.498289105517539,26.2942135623731,0,0
2025-07-16 15:00:00,34.5,56.9,440.0,126.35998179803605,2.357201884046477,25.88,0,0
2025-07-16 16:00:00,33.77645713530757,58.10590477448739,440.0,89.34999999999998,2.200868511987469,25.39763809020505,0,0
2025-07-16 17:00:00,33.0,59.4,440.0,46.2509633598205,2.0422400050163816,24.88,0,0
2025-07-16 18:00:00,32.22354286469243,60.694095225512605,440.0,2.18844383007632e-14,1.8926457713475535,24.36236190979496,0,0
2025-07-16 19:00:00,31.5,61.9,440.0,0.0,1.7610082520527173,23.88,0,0
2025-07-16 20:00:00,30.87867965644036,62.935533905932736,440.0,0.0,1.6536887514679202,23.465786437626903,0,0
2025-07-16 21:00:00,30.401923788646684,63.73012701892219,440.0,0.0,1.5747901091681844,23.14794919243112,0,0
2025-07-16 22:00:00,30.102222521132795,64.22962913144534,440.0,0.0,1.5266818392432566,22.948148347421863,0,0
2025-07-16 23:00:00,30.0,64.92962913144534,440.0,0.0,1.4880586523008426,22.880000000000003,0,0
2025-07-17 00:00:00,30.0022225211328,65.62962913144534,440.0,0.0,1.458543116858116,23.128148347421863,0,0
2025-07-17 01:00:00,28.801923788646683,60.53012701892219,400.0,0.0,1.5630280946198662,20.90794919243112,0,1
2025-07-17 02:00:00,29.27867965644036,59.73553390593273,400.0,0.0,1.639022114055603,21.2257864376269,0,1
2025-07-17 03:00:00,29.9,58.7,400.0,0.0,1.7423596077670316,21.64,0,1
2025-07-17 04:00:00,30.623542864692435,57.4940952255126,400.0,0.0,1.8690690990731764,22.12236190979496,0,1
2025-07-17 05:00:00,31.4,56.2,400.0,0.0,2.013011784691624,22.64,0,1
2025-07-17 06:00:00,32.17645713530756,54.90590477448739,400.0,0.0,2.165595683957897,23.15763809020504,0,1
2025-07-17 07:00:00,33.989110541791405,53.15544472910429,397.2772236455215,54.45552708957037,2.4902733858311388,24.62019948761226,0,1
2025-07-17 08:00:00,35.62532034355964,51.61246609406726,394.74,105.2,2.816129322731997,25.947813562373096,0,1
2025-07-17 09:00:00,36.97358154658631,50.38212031346131,392.5612366619175,148.77526676164962,3.108952888217533,27.05000560927857,0,1
2025-07-17 10:00:00,37.94201237799212,49.54825341899219,390.8894127521877,182.2117449562459,3.3318401904496278,27.85166306179056,0,1
2025-07-17 11:00:00,38.4646158770244,49.1676920614878,389.838460307439,203.23079385122,3.453044891359633,28.29815428932196,0,1
2025-07-17 12:00:00,38.5057774788672,49.26637086855465,389.48,210.4,3.453993724958294,28.35905165257813,0,1
2025-07-17 13:00:00,38.06269208837772,49.83756504256561,389.838460307439,203.23079385122,3.3344214776481502,28.03020509689084,0,1
2025-07-17 14:00:00,35.021320343559644,57.26446609406726,440.0,182.21174495624592,2.4057158268844914,26.47421356237309,0,0
2025-07-17 15:00:00,34.4,58.3,440.0,148.77526676164962,2.2680126005144237,26.06,0,0
2025-07-17 16:00:00,33.67645713530756,59.50590477448739,440.0,105.2,2.1154852157731003,25.577638090205035,0,0
2025-07-17 17:00:00,32.9,60.8,440.0,54.45552708957042,1.9607845805956883,25.06,0,0
2025-07-17 18:00:00,32.12354286469244,62.0940952255126,440.0,2.5766568654060312e-14,1.8149614917252965,24.54236190979496,0,0
2025-07-17 19:00:00,31.4,63.3,440.0,0.0,1.6867016552096485,24.06,0,0
2025-07-17 20:00:00,30.77867965644036,64.33553390593273,440.0,0.0,1.582180794644373,23.645786437626903,0,0
2025-07-17 21:00:00,30.301923788646683,65.1301270189222,440.0,0.0,1.505367514105497,23.32794919243112,0,0
2025-07-17 22:00:00,30.0022225211328,65.62962913144534,440.0,0.0,1.458543116858116,23.128148347421863,0,0
2025-07-17 23:00:00,29.9,65.8,440.0,0.0,1.4428256316133778,23.06,0,0
2025-07-18 00:00:00,29.802222521132794,65.32962913144534,440.0,0.0,1.4544803626061513,22.868148347421865,0,0
2025-07-18 01:00:00,28.601923788646683,60.23012701892219,400.0,0.0,1.5567701098313205,20.64794919243112,0,1
2025-07-18 02:00:00,29.07867965644036,59.435533905932736,400.0,0.0,1.632284447707161,20.965786437626903,0,1
2025-07-18 03:00:00,29.7,58.4,400.0,0.0,1.7349684338062348,21.38,0,1
2025-07-18 04:00:00,30.42354286469244,57.194095225512605,400.0,0.0,1.860874994735562,21.86236190979496,0,1
2025-07-18 05:00:00,31.2,55.9,400.0,0.0,2.003903817710624,22.38,0,1
2025-07-18 06:00:00,31.97645713530756,54.60590477448739,400.0,0.0,2.155517447997299,22.89763809020504,0,1
2025-07-18 07:00:00,33.464033821142635,53.01798308942868,398.08991544714337,38.20169105713206,2.4254762372049754,24.06763043902837,0,1
2025-07-18 08:00:00,34.79732034355964,51.62646609406726,396.31,73.79999999999998,2.689568335091107,25.122613562373093,0,1
2025-07-18 09:00:00,35.885455429416005,50.52618337204646,394.7815519548433,104.36896090313442,2.9208162733163863,25.990692103825296,0,1
2025-07-18 10:00:00,36.65428447083886,49.792117372568825,393.6087325200708,127.82534959858312,3.091609384150322,26.612707945352625,0,1
2025-07-18 11:00:00,37.05141303920533,49.474293480397336,392.87146740198665,142.57065196026647,3.1792836007354794,26.9462717352848,0,1
2025-07-18 12:00:00,37.0497774788672,49.594370868554655,392.62,147.6,3.171445404670071,26.96865165257813,0,1
2025-07-18 13:00:00,36.649489250558645,50.144166461475145,392.87146740198665,142.57065196026647,3.0691277960694876,26.678322542853675,0,1
2025-07-18 14:00:00,34.82132034355964,56.96446609406726,440.0,127.82534959858314,2.3959561214202627,26.214213562373093,0,0
2025-07-18 15:00:00,34.2,58.0,440.0,104.36896090313442,2.2590881094588977,25.8,0,0
2025-07-18 16:00:00,33.47645713530756,59.205904774487394,440.0,73.79999999999998,2.1074838623096217,25.31763809020504,0,0
2025-07-18 17:00:00,32.7,60.5,440.0,38.2016910571321,1.9537169162916725,24.800000000000004,0,0
2025-07-18 18:00:00,31.92354286469244,61.794095225512606,440.0,1.807578675541493e-14,1.808771004844413,24.28236190979496,0,0
2025-07-18 19:00:00,31.2,63.0,440.0,0.0,1.6812798470588,23.8,0,0
2025-07-18 20:00:00,30.57867965644036,64.03553390593274,440.0,0.0,1.5773830501842347,23.385786437626905,0,0
2025-07-18 21:00:00,30.101923788646683,64.83012701892218,440.0,0.0,1.5010268488170968,23.06794919243112,0,0
2025-07-18 22:00:00,29.802222521132794,65.32962913144534,440.0,0.0,1.4544803626061513,22.868148347421865,0,0
2025-07-18 23:00:00,29.7,65.5,440.0,0.0,1.4388560328441127,22.8,0,0
2025-07-19 00:00:00,28.2022225211328,68.92962913144535,440.0,0.0,1.1883379664220322,21.988148347421863,0,0
2025-07-19 01:00:00,27.001923788646685,63.83012701892219,400.0,0.0,1.289724566352833,19.767949192431125,0,1
2025-07-19 02:00:00,27.47867965644036,63.03553390593274,400.0,0.0,1.3553753274944835,20.085786437626908,0,1
2025-07-19 03:00:00,28.1,62.0,400.0,0.0,1.4447581662805558,20.5,0,1
2025-07-19 04:00:00,28.82354286469244,60.794095225512606,400.0,0.0,1.5545184716315192,20.98236190979496,0,1
2025-07-19 05:00:00,29.6,59.5,400.0,0.0,1.6794060682986223,21.5,0,1
2025-07-19 06:00:00,30.376457135307565,58.205904774487394,400.0,0.0,1.8120035184219785,22.017638090205043,0,1
2025-07-19 07:00:00,31.788458659972708,56.655770670013645,398.2788533500682,34.42293299863526,2.0364120691644176,23.119612793975435,0,1
2025-07-19 08:00:00,33.051320343559645,55.29946609406726,396.675,66.49999999999999,2.2549836469879105,24.1112135623731,0,1
2025-07-19 09:00:00,34.07898024930953,54.2294209620997,395.29773990510944,94.04520189781084,2.445383122553073,24.924864441729472,0,1
2025-07-19 10:00:00,34.801405052933816,53.51855708152135,394.2409310648335,115.18137870333034,2.584952467859311,25.50511646923809,0,1
2025-07-19 11:00:00,35.169362697928925,53.21531865103554,393.57659325517767,128.4681348964461,2.6552777236365848,25.812426428136032,0,1
2025-07-19 12:00:00,35.1577774788672,53.34037086855466,393.35,133.0,2.6464872362058425,25.82585165257813,0,1
2025-07-19 13:00:00,34.76743890928224,53.88519163211335,393.57659325517767,128.4681348964461,2.5597453412626856,25.54447723570491,0,1
2025-07-19 14:00:00,33.22132034355964,60.564466094067264,440.0,115.18137870333037,2.008424384613879,25.33421356237309,0,0
2025-07-19 15:00:00,32.6,61.6,440.0,94.04520189781084,1.8886584085156843,24.92,0,0
2025-07-19 16:00:00,31.876457135307565,62.8059047744874,440.0,66.49999999999999,1.756186695100796,24.43763809020504,0,0
2025-07-19 17:00:00,31.1,64.1,440.0,34.4229329986353,1.6220454256419294,23.92,0,0
2025-07-19 18:00:00,30.32354286469244,65.39409522551261,440.0,1.6287802428659797e-14,1.4958211147612321,23.40236190979496,0,0
2025-07-19 19:00:00,29.6,66.6,440.0,0.0,1.3849916711400987,22.92,0,0
2025-07-19 20:00:00,28.97867965644036,67.63553390593273,440.0,0.0,1.2948197249949776,22.505786437626902,0,0
2025-07-19 21:00:00,28.501923788646685,68.43012701892219,440.0,0.0,1.2286406744298688,22.187949192431123,0,0
2025-07-19 22:00:00,28.2022225211328,68.92962913144535,440.0,0.0,1.1883379664220322,21.988148347421863,0,0
2025-07-19 23:00:00,28.1,69.1,440.0,0.0,1.1748165088965572,21.92,0,0
2025-07-20 00:00:00,28.602222521132795,65.22962913144534,440.0,0.0,1.3610908784104625,21.648148347421863,0,0
2025-07-20 01:00:00,27.401923788646684,60.13012701892219,400.0,0.0,1.4553613505743028,19.42794919243112,0,1
2025-07-20 02:00:00,27.87867965644036,59.335533905932735,400.0,0.0,1.5262638725997324,19.745786437626904,0,1
2025-07-20 03:00:00,28.5,58.3,400.0,0.0,1.6227052645042352,20.16,0,1
2025-07-20 04:00:00,29.22354286469244,57.0940952255126,400.0,0.0,1.7409998687374562,20.64236190979496,0,1
2025-07-20 05:00:00,30.0,55.8,400.0,0.0,1.8754347559714841,21.16,0,1
2025-07-20 06:00:00,31.046865444732592,54.50590477448739,400.0,0.0,2.0493237493909855,21.677638090205043,0,1
2025-07-20 07:00:00,32.093730889465185,53.00313455526741,398.51567277633706,29.68654447325913,2.2464584935654077,22.694357800518667,0,1
2025-07-20 08:00:00,33.268320343559644,51.69096609406726,397.1325,57.35,2.4668286008697313,23.60651356237309,0,1
2025-07-20 09:00:00,34.22017916739526,50.65882150305684,395.9447426098952,81.10514780209701,2.65693295619575,24.351943468006624,0,1
2025-07-20 10:00:00,34.884439755148705,49.9770397304139,395.0333443092962,99.3331138140751,2.7947167322093174,24.879847701231483,0,1
2025-07-20 11:00:00,35.21583384550712,49.90020529948428,388.74696412373237,110.79169227535614,2.8507302744066534,25.15425046095641,0,1
2025-07-20 12:00:00,35.1917774788672,49.823370868554655,394.265,114.7,2.8513142471398636,25.15645165257813,0,1
2025-07-20 13:00:00,34.81391005686044,50.361956058324246,394.46041538623217,110.79169227535614,2.7624104675367627,24.886301268525287,0,1
2025-07-20 14:00:00,33.621320343559645,56.86446609406726,440.0,95.94842003872657,2.2465534226184727,24.994213562373098,0,0
2025-07-20 15:00:00,33.0,57.98518543427733,440.0,81.10514780209701,2.113407268706005,24.58,0,0
2025-07-20 16:00:00,32.27645713530757,59.10590477448739,440.0,57.35,1.9750056148995956,24.097638090205045,0,0
2025-07-20 17:00:00,31.5,60.4,440.0,29.68654447325916,1.8303392855981,23.58,0,0
2025-07-20 18:00:00,30.72354286469244,61.694095225512605,440.0,1.4046698786220142e-14,1.6940269945432633,23.06236190979496,0,0
2025-07-20 19:00:00,30.0,62.9,440.0,0.0,1.5741771367995938,22.58,0,0
2025-07-20 20:00:00,29.37867965644036,63.935533905932736,440.0,0.0,1.4765424969464054,22.165786437626902,0,0
2025-07-20 21:00:00,28.901923788646684,64.73012701892219,440.0,0.0,1.404809721215303,21.847949192431123,0,0
2025-07-20 22:00:00,28.602222521132795,65.22962913144534,440.0,0.0,1.3610908784104625,21.648148347421863,0,0
2025-07-20 23:00:00,28.5,65.4,440.0,0.0,1.3464173177900847,21.58,0,0
2025-07-21 00:00:00,28.9022225211328,65.02962913144535,440.0,0.0,1.3929045253476826,21.908148347421864,0,0
2025-07-21 01:00:00,27.701923788646685,59.93012701892219,400.0,0.0,1.4885238196291237,19.687949192431123,0,1
2025-07-21 02:00:00,28.17867965644036,59.13553390593274,400.0,0.0,1.5607914828570528,20.005786437626902,0,1
2025-07-21 03:00:00,28.8,58.1,400.0,0.0,1.6590776917817593,20.42,0,1
2025-07-21 04:00:00,29.52354286469244,56.89409522551261,400.0,0.0,1.7796173881740855,20.90236190979496,0,1
2025-07-21 05:00:00,30.3,55.6,400.0,0.0,1.916581669994551,21.42,0,1
2025-07-21 06:00:00,31.076457135307564,54.3059047744874,400.0,0.0,2.061801902626756,21.93763809020504,0,1
2025-07-21 07:00:00,32.27570940489844,52.86214529755078,398.8107264877539,23.78547024492165,2.276455846261988,22.848138464408592,0,1
2025-07-21 08:00:00,33.34032034355964,51.60496609406727,397.7025,45.95,2.4811979782647176,23.66131356237309,0,1
2025-07-21 09:00:00,34.19773847517419,50.62004184916737,396.7508443404478,64.98311319104373,2.655705976434695,24.321746845007667,0,1
2025-07-21 10:00:00,34.789532171023005,49.97449352247676,396.0206132696105,79.58773460778991,2.7802191622781294,24.78443087551836,0,1
2025-07-21 11:00:00,35.075371668719306,49.71231416564035,395.56157082820175,88.76858343596538,2.839316561987396,25.01783450184737,0,1
2025-07-21 12:00:00,35.03577747886721,49.85137086855466,395.405,91.9,2.8252781424413653,25.006051652578144,0,1
2025-07-21 13:00:00,34.67344788007262,50.38218714671816,395.56157082820175,88.76858343596538,2.7398904130989257,24.749885309416253,0,1
2025-07-21 14:00:00,33.92132034355964,56.66446609406727,440.0,79.58773460778993,2.295050680728707,25.254213562373096,0,0
2025-07-21 15:00:00,33.3,57.7,440.0,64.98311319104373,2.163819823948272,24.84,0,0
2025-07-21 16:00:00,32.576457135307564,58.9059047744874,440.0,45.95,2.0184888417087357,24.357638090205043,0,0
2025-07-21 17:00:00,31.8,60.2,440.0,23.785470244921683,1.8711177747409138,23.840000000000003,0,0
2025-07-21 18:00:00,31.02354286469244,61.49409522551261,440.0,1.1254504084164175e-14,1.7322332798846078,23.32236190979496,0,0
2025-07-21 19:00:00,30.3,62.7,440.0,0.0,1.6101012678107378,22.840000000000003,0,0
2025-07-21 20:00:00,29.67867965644036,63.73553390593274,440.0,0.0,1.5105920861298465,22.425786437626908,0,0
2025-07-21 21:00:00,29.201923788646685,64.5301270189222,440.0,0.0,1.4374726361510823,22.107949192431125,0,0
2025-07-21 22:00:00,28.9022225211328,65.02962913144535,440.0,0.0,1.3929045253476826,21.908148347421864,0,0
2025-07-21 23:00:00,28.8,65.2,440.0,0.0,1.3779451950836568,21.840000000000003,0,0
2025-07-22 00:00:00,28.5022225211328,69.82962913144534,440.0,0.0,1.1741950046538554,22.468148347421863,0,0
2025-07-22 01:00:00,27.301923788646683,64.7301270189222,400.0,0.0,1.2799375080519175,20.24794919243112,0,1
2025-07-22 02:00:00,27.77867965644036,63.935533905932736,400.0,0.0,1.3457428244680292,20.565786437626905,0,1
2025-07-22 03:00:00,28.4,62.9,400.0,0.0,1.435348438832173,20.98,0,1
2025-07-22 04:00:00,29.123542864692435,61.694095225512605,400.0,0.0,1.545399997407698,21.46236190979496,0,1
2025-07-22 05:00:00,29.9,60.4,400.0,0.0,1.670640205026016,21.98,0,1
2025-07-22 06:00:00,30.67645713530756,59.10590477448739,400.0,0.0,1.8036339938772639,22.49763809020504,0,1
2025-07-22 07:00:00,31.931614318640577,57.63419284067971,398.67096420339857,26.58071593202888,2.006627575474909,23.45845288677652,0,1
2025-07-22 08:00:00,33.048320343559645,56.35096609406726,397.4325,51.35,2.201568832133956,24.3185135623731,0,1
2025-07-22 09:00:00,33.95047353991048,55.34367431679922,396.3690066786071,72.61986642785844,2.368843681573938,25.019208403270326,0,1
2025-07-22 10:00:00,34.57659365824044,54.68096277886804,395.5529595515669,88.94080896866184,2.4891150461453573,25.51278621401405,0,1
2025-07-22 11:00:00,34.884011647197745,54.407994176401125,395.0399708820056,99.20058235988732,2.5471048375051013,25.76561048247797,0,1
2025-07-22 12:00:00,34.851777478867206,54.54337086855465,394.865,102.7,2.5350168836426725,25.760451652578137,0,1
2025-07-22 13:00:00,34.48208785855106,55.07786715747893,395.0399708820056,99.20058235988732,2.4544167540876853,25.49766129004685,0,1
2025-07-22 14:00:00,33.521320343559644,61.46446609406726,440.0,88.94080896866186,1.9958007900188832,25.81421356237309,0,0
2025-07-22 15:00:00,32.9,62.5,440.0,72.61986642785844,1.8757505554167935,25.4,0,0
2025-07-22 16:00:00,32.17645713530756,63.705904774487394,440.0,51.35,1.742985097726474,24.91763809020504,0,0
2025-07-22 17:00:00,31.4,65.0,440.0,26.58071593202891,1.6085710608266401,24.4,0,0
2025-07-22 18:00:00,30.623542864692435,66.2940952255126,440.0,1.2577122627243318e-14,1.4821156120433896,23.88236190979496,0,0
2025-07-22 19:00:00,29.9,67.5,440.0,0.0,1.3711062288723614,23.4,0,0
2025-07-22 20:00:00,29.27867965644036,68.53553390593274,440.0,0.0,1.280805651679252,22.985786437626903,0,0
2025-07-22 21:00:00,28.801923788646683,69.3301270189222,440.0,0.0,1.2145433847945033,22.667949192431124,0,0
2025-07-22 22:00:00,28.5022225211328,69.82962913144534,440.0,0.0,1.1741950046538554,22.468148347421863,0,0
2025-07-22 23:00:00,28.4,70.0,440.0,0.0,1.1606591149586305,22.4,0,0
2025-07-23 00:00:00,28.0022225211328,70.52962913144535,440.0,0.0,1.1141036603492112,22.108148347421864,0,0
2025-07-23 01:00:00,26.801923788646683,65.4301270189222,400.0,0.0,1.2182830865550813,19.88794919243112,0,1
2025-07-23 02:00:00,27.27867965644036,64.63553390593275,400.0,0.0,1.2816252085140871,20.205786437626905,0,1
2025-07-23 03:00:00,27.9,63.6,400.0,0.0,1.3679036683581405,20.62,0,1
2025-07-23 04:00:00,28.623542864692435,62.39409522551261,400.0,0.0,1.4739083895570047,21.10236190979496,0,1
2025-07-23 05:00:00,29.4,61.1,400.0,0.0,1.5945919719609774,21.62,0,1
2025-07-23 06:00:00,30.17645713530756,59.8059047744874,400.0,0.0,1.7227990480004867,22.13763809020504,0,1
2025-07-23 07:00:00,31.33843946240367,58.38078026879817,398.9039013439908,21.92197312018351,1.9061112667454179,23.014595516163304,0,1
2025-07-23 08:00:00,32.36832034355964,57.14096609406727,397.8825,42.35,2.0806507333846516,23.796513562373093,0,1
2025-07-23 09:00:00,33.19591509868333,56.17095353741281,397.00540278167495,59.89194436650058,2.2290091856782177,24.43010580616589,0,1
2025-07-23 10:00:00,33.76482451287804,55.53684735154924,396.3323824149729,73.35235170054194,2.3343166590878295,24.87219398318789,0,1
2025-07-23 11:00:00,34.03627834973368,55.28186082513316,388.74696412373237,81.81391748668409,2.3834831700148653,25.092650514760308,0,1
2025-07-23 12:00:00,33.991777478867206,55.423370868554656,395.765,84.7,2.370061551571255,25.076451652578136,0,1
2025-07-23 13:00:00,33.634354561086994,55.95173380621097,395.9093041256658,81.81391748668409,2.295759755955253,24.824701322329187,0,1
2025-07-23 14:00:00,33.02132034355964,62.16446609406727,440.0,70.85293092659234,1.905460459290031,25.45421356237309,0,0
2025-07-23 15:00:00,32.4,63.2,440.0,59.89194436650058,1.789698520883457,25.04,0,0
2025-07-23 16:00:00,31.67645713530756,64.4059047744874,440.0,42.35,1.661721258843839,24.55763809020504,0,0
2025-07-23 17:00:00,30.9,65.7,440.0,21.92197312018353,1.5322079818441552,24.04,0,0
2025-07-23 18:00:00,30.123542864692435,66.99409522551261,440.0,1.0372758388778084e-14,1.4104165119354772,23.52236190979496,0,0
2025-07-23 19:00:00,29.4,68.2,440.0,0.0,1.3035481930169428,23.04,0,0
2025-07-23 20:00:00,28.77867965644036,69.23553390593274,440.0,0.0,1.2166513613579295,22.625786437626907,0,0
2025-07-23 21:00:00,28.301923788646683,70.0301270189222,440.0,0.0,1.1529084299374242,22.307949192431124,0,0
2025-07-23 22:00:00,28.0022225211328,70.52962913144535,440.0,0.0,1.1141036603492112,22.108148347421864,0,0
2025-07-23 23:00:00,27.9,70.7,440.0,0.0,1.1010872934860854,22.04,0,0
2025-07-24 00:00:00,28.4022225211328,67.12962913144534,440.0,0.0,1.271873935663282,21.828148347421862,0,0
2025-07-24 01:00:00,27.201923788646685,62.03012701892219,400.0,0.0,1.369875121613765,19.60794919243112,0,1
2025-07-24 02:00:00,27.67867965644036,61.23553390593273,400.0,0.0,1.438078115096259,19.925786437626904,0,1
2025-07-24 03:00:00,28.3,60.2,400.0,0.0,1.5308916262106422,20.34,0,1
2025-07-24 04:00:00,29.02354286469244,58.9940952255126,400.0,0.0,1.644800417897392,20.82236190979496,0,1
2025-07-24 05:00:00,29.8,57.7,400.0,0.0,1.7743295944180328,21.34,0,1
2025-07-24 06:00:00,30.576457135307564,56.40590477448739,400.0,0.0,1.9117719974496084,21.857638090205043,0,1
2025-07-24 07:00:00,31.777779957259256,54.96111002137037,398.8055501068519,23.888997862962665,2.1147525672625207,22.77000196153333,0,1
2025-07-24 08:00:00,32.844320343559644,53.70296609406726,397.6925,46.14999999999999,2.3085502280521473,23.584913562373096,0,1
2025-07-24 09:00:00,33.70339532942368,52.71721342204262,396.7367022048241,65.26595590351833,2.473855013177971,24.246838013832203,0,1
2025-07-24 10:00:00,34.296460374253286,52.07102942086161,396.0032927615348,79.93414476930369,2.591852182601034,24.710666258425608,0,1
2025-07-24 11:00:00,34.58309907532962,51.80845046233519,395.542252311676,89.154953766481,2.64784051582322,24.944789167796657,0,1
2025-07-24 12:00:00,36.14377747886721,51.94737086855465,395.385,92.3,2.8774032288933786,24.933251652578143,0,1
2025-07-24 13:00:00,33.44807621135331,53.78346074447541,440.0,79.11428571428571,2.383830465444184,24.622787130781266,0,1
2025-07-24 14:00:00,32.72132034355964,55.619550620396176,440.0,65.92857142857143,2.1977420610454934,24.31232260898439,0,1
2025-07-24 15:00:00,32.1,57.455640496316946,440.0,52.74285714285714,2.0343479652715017,24.00185808718751,0,1
2025-07-24 16:00:00,31.376457135307565,59.29173037223771,440.0,39.55714285714286,1.8684196978153178,23.691393565390634,0,1
2025-07-24 17:00:00,30.6,61.12782024815847,440.0,26.371428571428567,1.706990898955894,23.380929043593756,0,1
2025-07-24 18:00:00,29.82354286469244,62.963910124079234,440.0,13.185714285714283,1.5556301135677035,23.07046452179688,0,1
2025-07-24 19:00:00,29.8,64.8,440.0,0.0,1.4765106790429021,22.76,0,0
2025-07-24 20:00:00,29.17867965644036,65.83553390593273,440.0,0.0,1.3827130197562816,22.345786437626906,0,0
2025-07-24 21:00:00,28.701923788646685,66.6301270189222,440.0,0.0,1.3138360289890156,22.027949192431123,0,0
2025-07-24 22:00:00,28.4022225211328,67.12962913144534,440.0,0.0,1.271873935663282,21.828148347421862,0,0
2025-07-24 23:00:00,28.3,67.3,440.0,0.0,1.2577928687710556,21.76,0,0
2025-07-25 00:00:00,29.4022225211328,61.22962913144534,440.0,0.0,1.589481727298243,21.648148347421863,0,0
2025-07-25 01:00:00,28.201923788646685,56.13012701892219,400.0,0.0,1.6778470546298632,19.42794919243112,0,1
2025-07-25 02:00:00,28.67867965644036,55.335533905932735,400.0,0.0,1.756159792096514,19.745786437626904,0,1
2025-07-25 03:00:00,29.3,54.3,400.0,0.0,1.8625716870327698,20.16,0,1
2025-07-25 04:00:00,30.02354286469244,53.0940952255126,400.0,0.0,1.9929371975071326,20.64236190979496,0,1
2025-07-25 05:00:00,30.8,51.8,400.0,0.0,2.140895109737663,21.16,0,1
2025-07-25 06:00:00,31.576457135307564,50.50590477448739,400.0,0.0,2.2975905258026565,21.677638090205043,0,1
2025-07-25 07:00:00,32.799520757047866,49.05023962147607,398.75119810738033,24.97603785239325,2.534168777607226,22.60956868134308,0,1
2025-07-25 08:00:00,33.886320343559646,47.78196609406726,397.5875,48.24999999999999,2.7600802420807353,23.442713562373097,0,1
2025-07-25 09:00:00,34.76279229904335,46.78751493723279,396.5882097807749,68.23580438450185,2.952964088983597,24.120295286489903,0,1
2025-07-25 10:00:00,35.369206508171175,46.13465635390267,395.82142742674006,83.57145146519832,3.091030133738239,24.596137778951707,0,1
2025-07-25 11:00:00,35.6642368447379,45.867881577631046,395.3394078881552,93.2118422368951,3.1572128592217377,24.83781316026411,0,1
2025-07-25 12:00:00,35.62777747886721,46.00537086855465,395.175,96.5,3.142884191611615,24.828851652578138,0,1
2025-07-25 13:00:00,35.262313056091216,46.537754558708855,395.3394078881552,93.2118422368951,3.049868370269136,24.569863967832987,0,1
2025-07-25 14:00:00,34.42132034355964,52.86446609406726,440.0,83.57145146519834,2.566680608395192,24.99421356237309,0,0
2025-07-25 15:00:00,33.8,53.9,440.0,68.23580438450185,2.425003598269599,24.58,0,0
2025-07-25 16:00:00,33.076457135307564,55.10590477448739,440.0,48.24999999999999,2.2679420831767287,24.09763809020504,0,0
2025-07-25 17:00:00,32.3,56.4,440.0,24.97603785239328,2.108486201225579,23.58,0,0
2025-07-25 18:00:00,31.52354286469244,57.694095225512605,440.0,1.1817841611771959e-14,1.9580207124573898,23.06236190979496,0,0
2025-07-25 19:00:00,30.8,58.9,440.0,0.0,1.8255350417057667,22.58,0,0
2025-07-25 20:00:00,30.17867965644036,59.935533905932736,440.0,0.0,1.7174615204782426,22.165786437626902,0,0
2025-07-25 21:00:00,29.701923788646685,60.73012701892219,440.0,0.0,1.63796935716227,21.847949192431123,0,0
2025-07-25 22:00:00,29.4022225211328,61.22962913144534,440.0,0.0,1.589481727298243,21.648148347421863,0,0
2025-07-25 23:00:00,29.3,61.4,440.0,0.0,1.5732005934237396,21.58,0,0
2025-07-26 00:00:00,27.5022225211328,68.12962913144534,440.0,0.0,1.1701994258473938,21.128148347421863,0,0
2025-07-26 01:00:00,26.301923788646683,63.03012701892219,400.0,0.0,1.265073157321069,20.176967392524382,0,1
2025-07-26 02:00:00,26.77867965644036,62.23553390593273,400.0,0.0,1.3290478133376828,19.2257864376269,0,1
2025-07-26 03:00:00,27.4,61.2,400.0,0.0,1.416148652073481,19.64,0,1
2025-07-26 04:00:00,28.123542864692435,59.9940952255126,400.0,0.0,1.5231072621126762,20.12236190979496,0,1
2025-07-26 05:00:00,28.9,58.7,400.0,0.0,1.6448084994181067,20.64,0,1
2025-07-26 06:00:00,29.67645713530756,57.40590477448739,400.0,0.0,1.7740253342410435,21.15763809020504,0,1
2025-07-26 07:00:00,30.8622508145531,55.968874592723445,398.8443729636172,23.1125407276551,1.9626787348980943,22.05602573309779,0,1
2025-07-26 08:00:00,31.811609868552793,54.71796609406726,397.7675,44.64999999999999,2.1302438158326957,22.85791356237309,0,1
2025-07-26 09:00:00,32.760968922552486,53.73842662547822,396.84276822200206,63.14463555995869,2.296006571916955,23.50865424764813,0,1
2025-07-26 10:00:00,33.34449885002621,53.09701018297515,396.13319657210246,77.33606855795037,2.4052636053903127,23.963900886621243,0,1
2025-07-26 11:00:00,33.62514352575227,52.83742823712386,395.6871411856193,86.2571762876138,2.456811054029926,24.192629173177043,0,1
2025-07-26 12:00:00,33.583777478867205,52.97737086855465,395.535,89.3,2.443869377135152,24.17925165257813,0,1
2025-07-26 13:00:00,33.22321973710559,53.50730121820167,440.0,86.2571762876138,2.368092764978604,23.92467998074592,0,1
2025-07-26 14:00:00,32.52132034355964,59.76446609406726,440.0,77.33606855795037,1.970194291160819,24.474213562373087,0,0
2025-07-26 15:00:00,31.9,60.8,440.0,63.14463555995869,1.8533652201466124,24.06,0,0
2025-07-26 16:00:00,31.17645713530756,62.00590477448739,440.0,44.64999999999999,1.724142324045329,23.57763809020504,0,0
2025-07-26 17:00:00,30.4,63.3,440.0,23.112540727655126,1.5932903640220444,23.06,0,0
2025-07-26 18:00:00,29.623542864692435,64.5940952255126,440.0,1.0936095916385863e-14,1.4701598418424262,22.542361909794955,0,0
2025-07-26 19:00:00,28.9,65.8,440.0,0.0,1.3620448106561567,22.06,0,0
2025-07-26 20:00:00,28.27867965644036,66.83553390593273,440.0,0.0,1.2740792093167574,21.645786437626903,0,0
2025-07-26 21:00:00,27.801923788646683,67.6301270189222,440.0,0.0,1.2095178137564047,21.32794919243112,0,0
2025-07-26 22:00:00,27.5022225211328,68.12962913144534,440.0,0.0,1.1701994258473938,21.19397459621556,0,0
2025-07-26 23:00:00,27.4,68.3,440.0,0.0,1.157008048214674,21.06,0,0
2025-07-27 00:00:00,29.0022225211328,63.829629131445344,440.0,0.0,1.4490545439588092,21.768148347421864,0,0
2025-07-27 01:00:00,27.801923788646683,58.73012701892219,400.0,0.0,1.542071128028742,19.54794919243112,0,1
2025-07-27 02:00:00,28.27867965644036,57.935533905932736,400.0,0.0,1.615990486608437,19.8657864376269,0,1
2025-07-27 03:00:00,28.9,56.9,400.0,0.0,1.7164950684000102,20.28,0,1
2025-07-27 04:00:00,29.623542864692435,55.694095225512605,400.0,0.0,1.8397146569428129,20.762361909794954,0,1
2025-07-27 05:00:00,30.4,54.4,400.0,0.0,1.979674130773984,21.28,0,1
2025-07-27 06:00:00,31.17645713530756,53.10590477448739,400.0,0.0,2.128017362861874,21.79763809020504,0,1
2025-07-27 07:00:00,33.02638048428617,51.33680975785691,397.1840487892846,56.31902421430851,2.4514548320599436,23.29374243585756,0,1
2025-07-27 08:00:00,34.697320343559646,49.77646609406726,394.56,108.79999999999998,2.7770084364422982,24.65261356237309,0,1
2025-07-27 09:00:00,36.07540492307717,48.53120862521588,392.3066782206904,153.86643558619275,3.0704330942349096,25.78164664812035,0,1
2025-07-27 10:00:00,37.06672003613708,47.685899589919714,390.5776436068253,188.44712786349385,3.2945611082787347,26.60389995412102,0,1
2025-07-27 11:00:00,37.60370919601002,47.29814540199499,389.4907270099749,210.1854598005013,3.4172456530259137,27.06333827640902,0,1
2025-07-27 12:00:00,37.64977747886721,47.39437086855465,389.12,217.6,3.4195369591695814,27.12865165257814,0,1
2025-07-27 13:00:00,37.20178540736334,47.9680183830728,389.4907270099749,210.1854598005013,3.3009657400484085,26.7953890839779,0,1
2025-07-27 14:00:00,34.021320343559644,55.46446609406726,440.0,188.44712786349385,2.371774559455216,25.11421356237309,0,0
2025-07-27 15:00:00,33.4,56.5,440.0,153.86643558619275,2.2376889469098886,24.7,0,0
2025-07-27 16:00:00,32.67645713530756,57.705904774487394,440.0,108.79999999999998,2.089149137320946,24.217638090205035,0,0
2025-07-27 17:00:00,31.9,59.0,440.0,56.31902421430857,1.9384687251533446,23.7,0,0
2025-07-27 18:00:00,31.123542864692435,60.294095225512606,440.0,2.6648314349446404e-14,1.7964091932333905,23.18236190979496,0,0
2025-07-27 19:00:00,30.4,61.5,440.0,0.0,1.6714353954999648,22.7,0,0
2025-07-27 20:00:00,29.77867965644036,62.53553390593274,440.0,0.0,1.569573094855033,22.285786437626903,0,0
2025-07-27 21:00:00,29.301923788646683,63.33012701892219,440.0,0.0,1.4947011753673305,21.96794919243112,0,0
2025-07-27 22:00:00,29.0022225211328,63.829629131445344,440.0,0.0,1.4490545439588092,21.768148347421864,0,0
2025-07-27 23:00:00,28.9,64.0,440.0,0.0,1.4337313796380593,21.7,0,0
2025-07-28 00:00:00,28.85096189432334,59.829629131445344,440.0,0.0,1.5952885239967278,21.968148347421863,0,0
2025-07-28 01:00:00,28.801923788646683,54.73012701892219,400.0,0.0,1.7927111988229458,19.74794919243112,0,1
2025-07-28 02:00:00,29.27867965644036,53.935533905932736,400.0,0.0,1.8751193278945617,20.065786437626905,0,1
2025-07-28 03:00:00,29.9,52.9,400.0,0.0,1.9870493347657918,20.48,0,1
2025-07-28 04:00:00,30.623542864692435,51.694095225512605,400.0,0.0,2.1241066246155356,20.96236190979496,0,1
2025-07-28 05:00:00,31.4,50.4,400.0,0.0,2.2795749890571817,21.48,0,1
2025-07-28 06:00:00,32.17645713530756,49.10590477448739,400.0,0.0,2.4441344794286075,21.99763809020504,0,1
2025-07-28 07:00:00,34.30228158636545,47.19885920681727,396.4942960340864,70.11407931827286,2.85624782464288,23.742053427728905,0,1
2025-07-28 08:00:00,36.23032034355964,45.50996609406726,393.2275,135.44999999999996,3.2783854201524765,25.33231356237309,0,1
2025-07-28 09:00:00,37.82918075182203,44.15432071084345,390.4222386488282,191.5552270234357,3.6656049218855404,26.66004489399072,0,1
2025-07-28 10:00:00,38.98990311657129,43.22430804970261,388.2696859057398,234.6062818852044,3.9673040455983735,27.63476472651181,0,1
2025-07-28 11:00:00,39.63338612683417,42.78330693658291,386.9165346829146,261.6693063417086,4.13831987314436,28.19004751415075,0,1
2025-07-28 12:00:00,39.7157774788672,42.86137086855465,386.455,270.9,4.150903414740516,28.288051652578133,0,1
2025-07-28 13:00:00,39.23146233818749,43.45317991766072,386.9165346829146,261.6693063417086,4.002841428631435,27.922098321719627,0,1
2025-07-28 14:00:00,35.021320343559644,51.46446609406726,440.0,234.6062818852044,2.732215826314544,25.31421356237309,0,0
2025-07-28 15:00:00,34.4,52.5,440.0,191.5552270234357,2.583467590514031,24.9,0,0
2025-07-28 16:00:00,33.67645713530756,53.705904774487394,440.0,135.44999999999996,2.4184877691862114,24.41763809020504,0,0
2025-07-28 17:00:00,32.9,55.0,440.0,70.11407931827294,2.250900666500152,23.9,0,0
2025-07-28 18:00:00,32.12354286469244,56.294095225512606,440.0,3.31756817889018e-14,2.0926695879871686,23.38236190979496,0,0
2025-07-28 19:00:00,31.4,57.5,440.0,0.0,1.9532648595752062,22.9,0,0
2025-07-28 20:00:00,30.77867965644036,58.53553390593274,440.0,0.0,1.839485883264889,22.485786437626903,0,0
2025-07-28 21:00:00,30.301923788646683,59.33012701892219,440.0,0.0,1.7557593519693697,22.16794919243112,0,0
2025-07-28 22:00:00,30.0022225211328,59.829629131445344,440.0,0.0,1.704672264260383,21.968148347421863,0,0
2025-07-28 23:00:00,29.9,60.0,440.0,0.0,1.6875153586121376,21.9,0,0
2025-07-29 00:00:00,31.3022225211328,56.42962913144535,440.0,0.0,1.991371321566412,22.588148347421868,0,0
2025-07-29 01:00:00,30.101923788646687,51.33012701892219,400.0,0.0,2.0771978935613644,20.367949192431126,0,1
2025-07-29 02:00:00,30.57867965644036,50.53553390593274,400.0,0.0,2.1694861310916407,20.68578643762691,0,1
2025-07-29 03:00:00,31.200000000000003,49.5,400.0,0.0,2.2947197912559307,21.1,0,1
2025-07-29 04:00:00,31.92354286469244,48.294095225512606,400.0,0.0,2.447897566812535,21.58236190979496,0,1
2025-07-29 05:00:00,32.7,47.0,400.0,0.0,2.6214429509736363,22.1,0,1
2025-07-29 06:00:00,33.47645713530756,45.705904774487394,400.0,0.0,2.8049140169410847,22.61763809020504,0,1
2025-07-29 07:00:00,35.641622081221044,43.77918895938948,396.3959447969474,72.08110406105203,3.274957745850279,24.39745987309894,0,1
2025-07-29 08:00:00,37.606320343559645,42.071966094067264,393.0375,139.24999999999997,3.7566487066273018,26.020713562373096,0,1
2025-07-29 09:00:00,39.23666098256239,40.70058059547328,390.1535380719773,196.9292385604535,4.198862324078189,27.196975282061313,0,1
2025-07-29 10:00:00,40.42153897794653,39.75849011901499,387.9405962523017,241.1880749539661,4.543976816126648,28.37323700174953,0,1
2025-07-29 11:00:00,41.08020685243012,39.30989657378495,386.5494828689247,269.0103426215055,4.740470071468309,28.942186167187103,0,1
2025-07-29 12:00:00,41.16777747886721,39.38537086855465,386.075,278.5,4.756544403214976,29.04485165257814,0,1
2025-07-29 13:00:00,40.67828306378343,39.97976955486276,386.5494828689247,269.0103426215055,4.5894115014625925,28.674236974755985,0,1
2025-07-29 14:00:00,36.32132034355965,48.064466094067264,440.0,241.18807495396612,3.140302953232519,25.934213562373102,0,0
2025-07-29 15:00:00,35.7,49.1,440.0,196.9292385604535,2.974546669288093,25.485925826289076,0,0
2025-07-29 16:00:00,34.97645713530757,50.3059047744874,440.0,139.24999999999997,2.7905067996071815,25.03763809020505,0,0
2025-07-29 17:00:00,34.2,51.6,440.0,72.0811040610521,2.6033301070907298,24.520000000000003,0,0
2025-07-29 18:00:00,33.42354286469244,52.89409522551261,440.0,3.41064133562538e-14,2.4263730689284473,24.00236190979496,0,0
2025-07-29 19:00:00,32.7,54.1,440.0,0.0,2.2702685179186775,23.520000000000003,0,0
2025-07-29 20:00:00,32.07867965644036,55.13553390593274,440.0,0.0,2.1427073826850735,23.105786437626904,0,0
2025-07-29 21:00:00,31.601923788646687,55.93012701892219,440.0,0.0,2.0487451706199664,22.787949192431125,0,0
2025-07-29 22:00:00,31.3022225211328,56.42962913144535,440.0,0.0,1.991371321566412,22.588148347421868,0,0
2025-07-29 23:00:00,31.200000000000003,56.6,440.0,0.0,1.9720958206041064,22.520000000000003,0,0
2025-07-30 00:00:00,31.102222521132795,58.92962913144535,440.0,0.0,1.855889431137075,22.888148347421865,0,0
2025-07-30 01:00:00,29.901923788646684,53.83012701892219,400.0,0.0,1.9480243447069032,20.667949192431124,0,1
2025-07-30 02:00:00,30.37867965644036,53.03553390593274,400.0,0.0,2.036426338909758,20.985786437626903,0,1
2025-07-30 03:00:00,31.0,52.0,400.0,0.0,2.15644428053692,21.4,0,1
2025-07-30 04:00:00,31.72354286469244,50.794095225512606,400.0,0.0,2.3033268734308003,21.88236190979496,0,1
2025-07-30 05:00:00,32.5,49.5,400.0,0.0,2.469843359777315,22.4,0,1
2025-07-30 06:00:00,33.27645713530756,48.205904774487394,400.0,0.0,2.645992989364209,22.91763809020504,0,1
2025-07-30 07:00:00,35.40849324344792,46.29575337827604,396.4787668913802,70.4246621723959,3.0884656398245602,24.667643919103128,0,1
2025-07-30 08:00:00,37.34232034355964,44.60396609406726,393.1975,136.04999999999998,3.541335650680021,26.263113562373093,0,1
2025-07-30 09:00:00,38.94615131457051,43.24583542946921,390.379812241957,192.4037551608596,3.956494156481425,27.59531840046435,0,1
2025-07-30 10:00:00,40.11068772626212,42.3139157448572,388.2177243815127,235.64551236974577,4.279865925707458,28.57347087523356,0,1
2025-07-30 11:00:00,40.75656834666511,41.87171582666745,386.8585791333372,262.8284173332555,4.463232295876437,29.1309115119986,0,1
2025-07-30 12:00:00,40.839777478867205,41.94937086855466,386.395,272.1,4.476966363376973,29.22965165257813,0,1
2025-07-30 13:00:00,40.35464455801843,42.541588807745256,440.0,262.8284173332555,4.318668436924378,28.86296231956748,0,1
2025-07-30 14:00:00,36.121320343559645,50.564466094067264,440.0,235.6455123697458,2.9565702450787588,26.2342135623731,0,0
2025-07-30 15:00:00,35.5,51.6,440.0,192.4037551608596,2.7974910288541848,25.82,0,0
2025-07-30 16:00:00,34.77645713530757,52.8059047744874,440.0,136.04999999999998,2.6209627689736377,25.337638090205047,0,0
2025-07-30 17:00:00,34.0,54.1,440.0,70.42466217239597,2.4415404363256834,24.82,0,0
2025-07-30 18:00:00,33.22354286469243,55.39409522551261,440.0,3.332263940479948e-14,2.2720305452336067,24.30236190979496,0,0
2025-07-30 19:00:00,32.5,56.6,440.0,0.0,2.1225980557294153,23.82,0,0
2025-07-30 20:00:00,31.87867965644036,57.63553390593274,440.0,0.0,2.000566606059994,23.405786437626908,0,0
2025-07-30 21:00:00,31.401923788646684,58.43012701892219,440.0,0.0,1.9107256241360453,23.08794919243112,0,0
2025-07-30 22:00:00,31.102222521132795,58.92962913144535,440.0,0.0,1.855889431137075,22.888148347421865,0,0
2025-07-30 23:00:00,31.0,59.1,440.0,0.0,1.8374702307075006,22.82,0,0
2025-07-31 00:00:00,30.302222521132794,65.02962913144535,440.0,0.0,1.509731919162978,23.308148347421863,0,0
2025-07-31 01:00:00,29.101923788646683,59.93012701892219,400.0,0.0,1.6145482215213034,21.08794919243112,0,1
2025-07-31 02:00:00,29.57867965644036,59.13553390593274,400.0,0.0,1.6924420036157752,21.405786437626904,0,1
2025-07-31 03:00:00,30.2,58.1,400.0,0.0,1.7983408948006865,21.82,0,1
2025-07-31 04:00:00,30.92354286469244,56.89409522551261,400.0,0.0,1.9281589896378628,22.30236190979496,0,1
2025-07-31 05:00:00,31.7,55.6,400.0,0.0,2.0755935201409543,22.82,0,1
2025-07-31 06:00:00,32.47645713530756,54.3059047744874,400.0,0.0,2.2318367591843224,23.33763809020504,0,1
2025-07-31 07:00:00,34.54637667262331,52.42681166368835,396.6340583184417,67.31883363116565,2.6085483505608944,25.03173900536098,0,1
2025-07-31 08:00:00,36.42232034355964,50.763966094067264,393.4975,130.04999999999998,2.993575003529788,26.57511356237309,0,1
2025-07-31 09:00:00,37.97644568708574,49.4306882432116,390.80407631066896,183.91847378662104,3.345829858430802,27.86258333572806,0,1
2025-07-31 10:00:00,39.102841629353854,48.51783879331133,388.7373396237834,225.2532075243325,3.619278135030916,28.80640938801612,0,1
2025-07-31 11:00:00,39.72474614835573,48.087626925822136,387.43813462911066,251.2373074177867,3.7730425372567358,29.34227153352016,0,1
2025-07-31 12:00:00,39.7997774788672,48.16937086855466,386.995,260.1,3.782221432307269,29.43365165257813,0,1
2025-07-31 13:00:00,39.32282235970905,48.757499906899945,387.43813462911066,251.2373074177867,3.6451565921584015,29.07432234108904,0,1
2025-07-31 14:00:00,35.32132034355964,56.66446609406727,440.0,225.2532075243325,2.480226922608623,26.65421356237309,0,0
2025-07-31 15:00:00,34.7,57.7,440.0,183.91847378662104,2.339239899593588,26.239999999999995,0,0
2025-07-31 16:00:00,33.97645713530756,58.9059047744874,440.0,130.04999999999998,2.183038116474115,25.75763809020504,0,0
2025-07-31 17:00:00,33.2,60.2,440.0,67.31883363116572,2.024567550266261,25.24,0,0
2025-07-31 18:00:00,32.42354286469244,61.49409522551261,440.0,3.185306324582266e-14,1.875147382922474,24.72236190979496,0,0
2025-07-31 19:00:00,31.7,62.7,440.0,0.0,1.7436855473256216,24.24,0,0
2025-07-31 20:00:00,31.07867965644036,63.73553390593274,440.0,0.0,1.6365265718075899,23.825786437626903,0,0
2025-07-31 21:00:00,30.601923788646683,64.5301270189222,440.0,0.0,1.5577567854507266,23.507949192431123,0,0
2025-07-31 22:00:00,30.302222521132794,65.02962913144535,440.0,0.0,1.509731919162978,23.308148347421863,0,0
2025-07-31 23:00:00,30.2,65.2,440.0,0.0,1.4936100987843408,23.24,0,0
2025-08-01 00:00:00,29.0022225211328,71.92962913144534,440.0,0.0,1.1245529830342456,23.38814834742186,0,0
2025-08-01 01:00:00,27.801923788646683,66.8301270189222,400.0,0.0,1.239410246499985,21.167949192431124,0,1
2025-08-01 02:00:00,28.27867965644036,66.03553390593274,400.0,0.0,1.3048128072755596,21.485786437626903,0,1
2025-08-01 03:00:00,28.9,65.0,400.0,0.0,1.3939055079814464,21.9,0,1
2025-08-01 04:00:00,29.623542864692435,63.75,400.0,0.0,1.5052092188077557,22.38236190979496,0,1
2025-08-01 05:00:00,30.4,62.5,400.0,0.0,1.6280214891233422,22.9,0,1
2025-08-01 06:00:00,31.17645713530756,61.205904774487394,400.0,0.0,1.760445698320973,23.41763809020504,0,1
2025-08-01 07:00:00,33.15371945447661,59.373140272761695,396.86570136380845,62.68597272383052,2.0612777768238835,25.028347509028947,0,1
2025-08-01 08:00:00,34.94332034355964,57.753466094067264,393.945,121.09999999999998,2.367956602699647,26.49401356237309,0,1
2025-08-01 09:00:00,36.42330145942095,56.45726035704399,391.4369368798309,171.2612624033818,2.6475619974358926,27.714753530829743,0,1
2025-08-01 10:00:00,37.49280453479902,55.57285734058875,389.51243236017046,209.75135279659105,2.86342419813075,28.60737600291677,0,1
2025-08-01 11:00:00,38.07894470254425,55.16052764872788,388.30263824363936,233.9472351272124,2.9832101614902387,29.111050232289823,0,1
2025-08-01 12:00:00,38.141777478867205,55.24837086855466,387.89,242.2,2.9874906483532193,29.19145165257813,0,1
2025-08-01 13:00:00,37.677020913897564,55.83040062980569,388.30263824363936,233.9472351272124,2.875410673911399,28.843101039858706,0,1
2025-08-01 14:00:00,34.021320343559644,63.564466094067264,440.0,209.75135279659105,1.9404027480794905,26.734213562373096,0,0
2025-08-01 15:00:00,33.4,64.6,440.0,171.2612624033818,1.8210158326577028,26.32,0,0
2025-08-01 16:00:00,32.67645713530756,65.8059047744874,440.0,121.09999999999998,1.6890434506507193,25.83763809020504,0,0
2025-08-01 17:00:00,31.9,67.1,440.0,62.68597272383059,1.55550295262305,25.32,0,0
2025-08-01 18:00:00,31.123542864692435,68.39409522551261,440.0,2.966094547534889e-14,1.4299419247544711,24.80236190979496,0,0
2025-08-01 19:00:00,30.4,69.6,440.0,0.0,1.319782753849323,24.32,0,0
2025-08-01 20:00:00,29.77867965644036,70.63553390593273,440.0,0.0,1.23022374882661,23.9057864376269,0,0
2025-08-01 21:00:00,29.301923788646683,71.43012701892219,440.0,0.0,1.1645369687249236,23.58794919243112,0,0
2025-08-01 22:00:00,29.0022225211328,71.92962913144534,440.0,0.0,1.1245529830342456,23.38814834742186,0,0
2025-08-01 23:00:00,28.9,72.1,440.0,0.0,1.1111418192194962,23.32,0,0
2025-08-02 00:00:00,27.9022225211328,81.42962913144534,440.0,0.0,0.6979606699304493,24.188148347421865,0,0
2025-08-02 01:00:00,26.701923788646685,76.3301270189222,400.0,0.0,0.8292656613826033,21.967949192431124,0,1
2025-08-02 02:00:00,27.17867965644036,75.53553390593274,400.0,0.0,0.8814266844858977,22.285786437626907,0,1
2025-08-02 03:00:00,27.8,74.5,400.0,0.0,0.9527144098930875,22.700000000000003,0,1
2025-08-02 04:00:00,28.52354286469244,73.2940952255126,400.0,0.0,1.04064817760451,23.18236190979496,0,1
2025-08-02 05:00:00,29.3,72.0,400.0,0.0,1.1411817776130755,23.700000000000003,0,1
2025-08-02 06:00:00,30.076457135307564,70.7059047744874,400.0,0.0,1.2484288448944474,24.217638090205043,0,1
2025-08-02 07:00:00,31.779888904758145,69.01005554762092,397.5502777381046,48.99444523790718,1.4552731685089744,25.58190001428233,0,1
2025-08-02 08:00:00,33.31432034355964,67.51796609406726,395.2675,94.65,1.6629224610959512,26.817913562373096,0,1
2025-08-02 09:00:00,34.575182484925584,66.33131984429167,393.3072343160693,133.85531367861347,1.8490830086190895,27.84144645378392,0,1
2025-08-02 10:00:00,35.47654965759509,65.53098477919072,391.8030695531803,163.93860893639425,1.9897171064064703,28.58274661343324,0,1
2025-08-02 11:00:00,35.95699517833041,65.17150241083479,390.857512054174,182.84975891652064,2.064282956850314,28.991295660497368,0,1
2025-08-02 12:00:00,35.98377747886721,65.27737086855466,390.535,189.3,2.0610351862878677,29.03925165257814,0,1
2025-08-02 13:00:00,34.45254891121343,65.84137539191259,390.857512054174,182.84975891652064,1.8632729827313619,28.72334646806625,0,1
2025-08-02 14:00:00,32.92132034355964,73.06446609406726,440.0,163.93860893639425,1.348929080667059,27.534213562373093,0,0
2025-08-02 15:00:00,32.3,74.1,440.0,133.85531367861347,1.2525181791684057,27.12,0,0
2025-08-02 16:00:00,31.576457135307564,75.30590477448739,440.0,94.65,1.1463371332457521,26.63763809020504,0,0
2025-08-02 17:00:00,30.8,76.6,440.0,48.99444523790723,1.0393557171755463,26.12,0,0
2025-08-02 18:00:00,30.02354286469244,77.8940952255126,440.0,2.31825639078594e-14,0.9392352651853928,25.60236190979496,0,0
2025-08-02 19:00:00,29.3,79.1,440.0,0.0,0.8518106840040459,25.12,0,0
2025-08-02 20:00:00,28.67867965644036,80.13553390593273,440.0,0.0,0.7810498970791275,24.705786437626905,0,0
2025-08-02 21:00:00,28.201923788646685,80.93012701892219,440.0,0.0,0.7293463153464756,24.38794919243112,0,0
2025-08-02 22:00:00,27.9022225211328,81.42962913144534,440.0,0.0,0.6979606699304493,24.188148347421865,0,0
2025-08-02 23:00:00,27.8,81.6,440.0,0.0,0.687448829099326,24.12,0,0
2025-08-03 00:00:00,27.0022225211328,78.62962913144534,440.0,0.0,0.762025770920536,22.72814834742186,0,0
2025-08-03 01:00:00,25.801923788646683,73.5301270189222,400.0,0.0,0.8794035332871388,20.507949192431123,0,1
2025-08-03 02:00:00,26.27867965644036,72.73553390593274,400.0,0.0,0.9316853196486516,20.825786437626903,0,1
2025-08-03 03:00:00,26.9,71.7,400.0,0.0,1.0030868978389564,21.24,0,1
2025-08-03 04:00:00,27.623542864692435,70.49409522551261,400.0,0.0,1.0910877508658439,21.722361909794955,0,1
2025-08-03 05:00:00,28.4,69.2,400.0,0.0,1.1916100246908603,22.24,0,1
2025-08-03 06:00:00,29.17645713530756,67.9059047744874,400.0,0.0,1.2987538419969278,22.75763809020504,0,1
2025-08-03 07:00:00,30.52841264150892,66.38579367924554,398.4289683962277,31.42063207544602,1.4700747715980662,23.805571377358028,0,1
2025-08-03 08:00:00,31.73532034355964,65.05746609406727,396.965,60.7,1.6367500660796181,24.74681356237309,0,1
2025-08-03 09:00:00,32.714931476074256,64.01144534871733,391.695030854964,85.84276323604688,1.7815313533098294,25.51722054581772,0,1
2025-08-03 10:00:00,33.40048715925582,63.319016028360345,394.7432257990285,105.13548401943083,1.886962498772319,26.064290364927885,0,1
2025-08-03 11:00:00,33.745267906229856,63.02736604688506,394.13683023442536,117.2633953114929,1.938947961954329,26.35074111560687,0,1
2025-08-03 12:00:00,33.7257774788672,63.15637086855465,393.93,121.4,1.9300828226862294,26.35705165257813,0,1
2025-08-03 13:00:00,33.34334411758317,63.69723902796287,394.13683023442536,117.2633953114929,1.861545905488606,26.082791923175744,0,1
2025-08-03 14:00:00,32.02132034355964,70.26446609406726,440.0,105.13548401943086,1.4155621442676665,26.07421356237309,0,0
2025-08-03 15:00:00,31.4,71.3,440.0,85.84276323604688,1.3190282698778453,25.66,0,0
2025-08-03 16:00:00,30.67645713530756,72.50590477448739,440.0,60.7,1.2126270187950223,25.17763809020504,0,0
2025-08-03 17:00:00,29.9,73.8,440.0,31.42063207544605,1.1053225598909502,24.66,0,0
2025-08-03 18:00:00,29.123542864692435,75.0940952255126,440.0,1.4867212141648872e-14,1.0047950936160666,24.14236190979496,0,0
2025-08-03 19:00:00,28.4,76.3,440.0,0.0,0.916920700817318,23.66,0,0
2025-08-03 20:00:00,27.77867965644036,77.33553390593273,440.0,0.0,0.8457228380127725,23.245786437626904,0,0
2025-08-03 21:00:00,27.301923788646683,78.1301270189222,440.0,0.0,0.7936538569285568,22.92794919243112,0,0
2025-08-03 22:00:00,27.0022225211328,78.62962913144534,440.0,0.0,0.762025770920536,22.72814834742186,0,0
2025-08-03 23:00:00,26.9,78.8,440.0,0.0,0.7514290542115156,22.66,0,0
2025-08-04 00:00:00,28.2022225211328,73.22962913144534,440.0,0.0,1.0238773207080718,22.848148347421866,0,0
2025-08-04 01:00:00,27.001923788646685,68.1301270189222,400.0,0.0,1.1363976348975173,20.627949192431124,0,1
2025-08-04 02:00:00,27.47867965644036,67.33553390593275,400.0,0.0,1.1977073148307837,20.945786437626907,0,1
2025-08-04 03:00:00,28.1,66.3,400.0,0.0,1.2812723737803877,21.36,0,1
2025-08-04 04:00:00,28.82354286469244,65.0940952255126,400.0,0.0,1.3840229948286136,21.84236190979496,0,1
2025-08-04 05:00:00,29.6,63.8,400.0,0.0,1.5010987573434598,22.36,0,1
2025-08-04 06:00:00,30.376457135307565,62.50590477448739,400.0,0.0,1.6255749072228967,22.877638090205043,0,1
2025-08-04 07:00:00,32.277109017126264,60.71144549143686,397.0572274571844,58.85545085631322,1.8975347882860099,24.419398115413635,0,1
2025-08-04 08:00:00,33.99532034355964,59.12746609406726,394.315,113.7,2.1735500133551673,25.820813562373093,0,1
2025-08-04 09:00:00,35.41399785218974,57.8619121606596,391.9601958979089,160.7960820418209,2.424045138558018,26.828740198860846,0,1
2025-08-04 10:00:00,36.43646101527883,57.00102910034884,390.1532911589709,196.9341768205813,2.616381302450806,27.8366668353486,0,1
2025-08-04 11:00:00,36.99303065796269,56.603484671018656,389.0174233550933,219.6515328981341,2.7220175539357494,28.313727592166416,0,1
2025-08-04 12:00:00,37.04577747886721,56.69637086855465,388.63,227.4,2.724005044487228,28.38505165257813,0,1
2025-08-04 13:00:00,36.591106869316,57.27335765209647,389.0174233550933,219.6515328981341,2.6218804796877593,28.04577839973529,0,1
2025-08-04 14:00:00,33.22132034355964,64.86446609406727,440.0,196.93417682058137,1.7894283676095184,26.194213562373093,0,0
2025-08-04 15:00:00,32.6,65.9,440.0,160.7960820418209,1.677168013812105,25.78,0,0
2025-08-04 16:00:00,31.876457135307565,67.10590477448739,440.0,113.7,1.553154392711208,25.29763809020504,0,0
2025-08-04 17:00:00,31.1,68.4,440.0,58.85545085631328,1.4277614331555695,24.78,0,0
2025-08-04 18:00:00,30.32354286469244,69.6940952255126,440.0,2.7848468212610813e-14,1.3099559904309133,24.26236190979496,0,0
2025-08-04 19:00:00,29.6,70.89999999999999,440.0,0.0,1.2066843601849362,23.78,0,0
2025-08-04 20:00:00,28.97867965644036,71.93553390593273,440.0,0.0,1.1227876945176074,23.365786437626905,0,0
2025-08-04 21:00:00,28.501923788646685,72.73012701892219,440.0,0.0,1.0612926808787064,23.047949192431123,0,0
2025-08-04 22:00:00,28.2022225211328,73.22962913144534,440.0,0.0,1.0238773207080718,22.848148347421866,0,0
2025-08-04 23:00:00,28.1,73.4,440.0,0.0,1.0113307163963885,22.78,0,0
2025-08-05 00:00:00,27.302222521132794,82.22962913144535,440.0,0.0,0.6448949202829082,23.748148347421864,0,0
2025-08-05 01:00:00,26.101923788646683,77.13012701892221,400.0,0.0,0.7734010319550543,21.527949192431123,0,1
2025-08-05 02:00:00,26.57867965644036,76.33553390593275,400.0,0.0,0.8230870717369556,21.845786437626906,0,1
2025-08-05 03:00:00,27.2,75.30000000000001,400.0,0.0,0.8910249107238014,22.26,0,1
2025-08-05 04:00:00,27.92354286469244,74.09409522551262,400.0,0.0,0.9748743044542444,22.74236190979496,0,1
2025-08-05 05:00:00,28.7,72.80000000000001,400.0,0.0,1.0707969528023245,23.26,0,1
2025-08-05 06:00:00,29.47645713530756,71.5059047744874,400.0,0.0,1.173187517094175,23.777638090205045,0,1
2025-08-05 07:00:00,31.33673324609027,69.73163337695487,397.1581668847744,56.83666230451355,1.3861212459803036,25.283059921481243,0,1
2025-08-05 08:00:00,33.01732034355964,68.16646609406727,394.51,109.79999999999998,1.6028301395386653,26.650613562373096,0,1
2025-08-05 09:00:00,34.403689194324635,66.91706648959216,392.2359675425717,155.28064914856586,1.7997093171387972,27.787102492243065,0,1
2025-08-05 10:00:00,35.40136105228846,66.06857908184404,390.4910410664469,190.17917867106272,1.950587787469766,28.615076868657265,0,1
2025-08-05 11:00:00,35.942346229061584,65.67882688546922,389.3941344273461,212.1173114530794,2.03257893530471,29.078111606155428,0,1
2025-08-05 12:00:00,35.989777478867204,65.77437086855467,389.02,219.6,2.032203658261297,29.144651652578137,0,1
2025-08-05 13:00:00,35.5404224404149,66.34869986654702,389.3941344273461,212.1173114530794,1.9493587971826896,28.810162413724303,0,1
2025-08-05 14:00:00,32.32132034355964,73.86446609406727,440.0,190.1791786710628,1.2654286973338962,27.094213562373096,0,0
2025-08-05 15:00:00,31.7,74.9,440.0,155.28064914856586,1.1733648053049084,26.68,0,0
2025-08-05 16:00:00,30.97645713530756,76.1059047744874,440.0,109.79999999999998,1.0720263241636385,26.197638090205043,0,0
2025-08-05 17:00:00,30.2,77.4,440.0,56.83666230451362,0.9699881676013248,25.68,0,0
2025-08-05 18:00:00,29.42354286469244,78.69409522551261,440.0,2.6893243709275883e-14,0.8745587710972258,25.16236190979496,0,0
2025-08-05 19:00:00,28.7,79.9,440.0,0.0,0.7912874540928942,24.68,0,0
2025-08-05 20:00:00,28.07867965644036,80.93553390593274,440.0,0.0,0.723931444167084,24.265786437626907,0,0
2025-08-05 21:00:00,27.601923788646683,81.7301270189222,440.0,0.0,0.6747423779330387,23.947949192431125,0,0
2025-08-05 22:00:00,27.302222521132794,82.22962913144535,440.0,0.0,0.6448949202829082,23.748148347421864,0,0
2025-08-05 23:00:00,27.2,82.4,440.0,0.0,0.6349003412444901,23.68,0,0
2025-08-06 00:00:00,28.102222521132795,79.22962913144535,440.0,0.0,0.7897906189755368,23.948148347421863,0,0
2025-08-06 01:00:00,26.901923788646684,74.13012701892221,400.0,0.0,0.9170551863057257,21.72794919243113,0,1
2025-08-06 02:00:00,27.37867965644036,73.33553390593275,400.0,0.0,0.9720047531625186,22.04578643762691,0,1
2025-08-06 03:00:00,28.0,72.30000000000001,400.0,0.0,1.0470407108266875,22.46,0,1
2025-08-06 04:00:00,28.72354286469244,71.09409522551262,400.0,0.0,1.139506850908291,22.94236190979496,0,1
2025-08-06 05:00:00,29.5,69.80000000000001,400.0,0.0,1.2451114117531163,23.46,0,1
2025-08-06 06:00:00,30.276457135307563,68.5059047744874,400.0,0.0,1.357651496602829,23.977638090205044,0,1
2025-08-06 07:00:00,32.41004615771853,66.59497692114074,396.47488460570366,70.50230788592664,1.6255099970566482,25.72904154194668,0,1
2025-08-06 08:00:00,34.34532034355964,64.90246609406728,393.19,136.19999999999996,1.9031254843303587,27.3258135623731,0,1
2025-08-06 09:00:00,35.950393955257624,63.54371410912565,390.3692056402392,192.61588719521555,2.159979143989623,28.65913677708276,0,1
2025-08-06 10:00:00,37.115883878684826,62.611317668645846,388.204734000456,235.90531999088105,2.3609194060769383,29.638147412414,0,1
2025-08-06 11:00:00,37.76236390162284,62.16881804918858,386.8440902459429,263.1181950811422,2.474198652830591,30.19612751146056,0,1
2025-08-06 12:00:00,37.845777478867205,62.24637086855466,386.38,272.4,2.4803044437629027,30.29505165257813,0,1
2025-08-06 13:00:00,37.36044011297616,62.83869103026638,386.8440902459429,263.1181950811422,2.377973164026872,29.928178319029435,0,1
2025-08-06 14:00:00,33.121320343559645,70.86446609406727,440.0,235.90531999088108,1.4755631415819042,27.2942135623731,0,0
2025-08-06 15:00:00,32.5,71.9,440.0,192.61588719521555,1.3743088794008422,26.880000000000003,0,0
2025-08-06 16:00:00,31.776457135307563,73.1059047744874,440.0,136.19999999999996,1.2626887259106923,26.39763809020504,0,0
2025-08-06 17:00:00,31.0,74.4,440.0,70.50230788592673,1.1501036162863567,25.880000000000003,0,0
2025-08-06 18:00:00,30.22354286469244,75.69409522551261,440.0,3.33593788087739e-14,1.0446127392060724,25.36236190979496,0,0
2025-08-06 19:00:00,29.5,76.9,440.0,0.0,0.9523865434270528,24.880000000000003,0,0
2025-08-06 20:00:00,28.87867965644036,77.93553390593274,440.0,0.0,0.8776536809292255,24.465786437626907,0,0
2025-08-06 21:00:00,28.401923788646684,78.7301270189222,440.0,0.0,0.8229943021779582,24.147949192431124,0,0
2025-08-06 22:00:00,28.102222521132795,79.22962913144535,440.0,0.0,0.7897906189755368,23.948148347421863,0,0
2025-08-06 23:00:00,28.0,79.4,440.0,0.0,0.7786656549830241,23.880000000000003,0,0
2025-08-07 00:00:00,29.0022225211328,73.52962913144535,440.0,0.0,1.0604539092713683,23.70814834742186,0,0
2025-08-07 01:00:00,27.801923788646683,68.4301270189222,400.0,0.0,1.1796253810128232,21.487949192431124,0,1
2025-08-07 02:00:00,28.27867965644036,67.63553390593275,400.0,0.0,1.2433456113579542,21.805786437626907,0,1
2025-08-07 03:00:00,28.9,66.60000000000001,400.0,0.0,1.330184113330866,22.22,0,1
2025-08-07 04:00:00,29.623542864692435,65.39409522551261,400.0,0.0,1.4369414314963236,22.70236190979496,0,1
2025-08-07 05:00:00,30.4,64.10000000000001,400.0,0.0,1.5585592389207459,23.22,0,1
2025-08-07 06:00:00,31.17645713530756,62.8059047744874,400.0,0.0,1.687838949769684,23.73763809020504,0,1
2025-08-07 07:00:00,33.09056760747159,61.004716196264205,397.023580981321,59.52838037357977,1.9715070957287981,25.29151084672443,0,1
2025-08-07 08:00:00,34.82132034355964,59.41446609406727,394.25,115.0,2.2595550601412153,26.70421356237309,0,1
2025-08-07 09:00:00,36.25076740481144,58.14352738434875,391.8682720163547,162.63455967290594,2.521110737623054,27.879472881681185,0,1
2025-08-07 10:00:00,37.28149433627562,57.278512439850445,390.04070785647895,199.18584287042088,2.722069525485807,28.73719682424571,0,1
2025-08-07 11:00:00,37.84325880092971,56.878370599535145,388.8918529976757,222.1629400464857,2.832580328600552,29.21893292083674,0,1
2025-08-07 12:00:00,37.897777478867205,56.97037086855466,388.5,230.0,2.8348897060914378,29.29185165257814,0,1
2025-08-07 13:00:00,37.44133501228303,57.54824358061296,388.8918529976757,222.1629400464857,2.7284725989111416,28.950983728405618,0,1
2025-08-07 14:00:00,34.021320343559644,65.16446609406727,440.0,199.1858428704209,1.855193501387989,27.054213562373096,0,0
2025-08-07 15:00:00,33.4,66.2,440.0,162.63455967290594,1.7387100323115914,26.64,0,0
2025-08-07 16:00:00,32.67645713530756,67.4059047744874,440.0,115.0,1.610010228592403,26.15763809020504,0,0
2025-08-07 17:00:00,31.9,68.7,440.0,59.52838037357984,1.4798553926170652,25.64,0,0
2025-08-07 18:00:00,31.123542864692435,69.99409522551261,440.0,2.816687638038912e-14,1.3575533285117223,25.12236190979496,0,0
2025-08-07 19:00:00,30.4,71.2,440.0,0.0,1.2503205036467266,24.64,0,0
2025-08-07 20:00:00,29.77867965644036,72.23553390593274,440.0,0.0,1.1631917792407485,24.225786437626905,0,0
2025-08-07 21:00:00,29.301923788646683,73.0301270189222,440.0,0.0,1.099319347659757,23.90794919243112,0,0
2025-08-07 22:00:00,29.0022225211328,73.52962913144535,440.0,0.0,1.0604539092713683,23.70814834742186,0,0
2025-08-07 23:00:00,28.9,73.7,440.0,0.0,1.0474204245689156,23.64,0,0
2025-08-08 00:00:00,28.7022225211328,73.12962913144534,440.0,0.0,1.0579564450372647,23.328148347421862,0,0
2025-08-08 01:00:00,27.501923788646685,68.0301270189222,400.0,0.0,1.1738323971929006,21.107949192431125,0,1
2025-08-08 02:00:00,27.97867965644036,67.23553390593274,400.0,0.0,1.2369373983024408,21.425786437626908,0,1
2025-08-08 03:00:00,28.6,66.2,400.0,0.0,1.322935142953787,21.840000000000003,0,1
2025-08-08 04:00:00,29.32354286469244,64.99409522551261,400.0,0.0,1.4286557453781372,22.32236190979496,0,1
2025-08-08 05:00:00,30.1,63.7,400.0,0.0,1.5490891069482944,22.84,0,1
2025-08-08 06:00:00,30.876457135307565,62.40590477448739,400.0,0.0,1.6771065660967368,23.357638090205043,0,1
2025-08-08 07:00:00,32.711368979670226,60.64431551016489,397.22157755082446,55.5684489835112,1.9478233471554458,24.840232081703203,0,1
2025-08-08 08:00:00,34.368320343559645,59.090966094067255,394.6325,107.34999999999998,2.2210828035693964,26.186513562373097,0,1
2025-08-08 09:00:00,35.73439272976835,57.85171472187029,392.4092087039624,151.81582592075176,2.4677669218211142,27.30473567414241,0,1
2025-08-08 10:00:00,36.71649056271759,57.01101432662946,390.703217290374,185.93565419251897,2.656102154270074,28.11869342804348,0,1
2025-08-08 11:00:00,37.24768549808526,56.62615725095737,389.63078625478687,207.38427490426287,2.7585606739886765,28.57291694827673,0,1
2025-08-08 12:00:00,37.2917774788672,56.72337086855465,389.265,214.7,2.7589829260632186,28.63645165257813,0,1
2025-08-08 13:00:00,36.84576170943858,57.29603023203517,389.63078625478687,207.38427490426287,2.6571655840791992,28.30496775584561,0,1
2025-08-08 14:00:00,33.72132034355965,64.76446609406726,440.0,185.93565419251897,1.845382517734909,26.674213562373097,0,0
2025-08-08 15:00:00,33.1,65.8,440.0,151.81582592075176,1.7299835714728375,26.26,0,0
2025-08-08 16:00:00,32.37645713530756,67.00590477448739,440.0,107.34999999999998,1.6024783408489942,25.77763809020504,0,0
2025-08-08 17:00:00,31.6,68.3,440.0,55.56844898351126,1.4735268484340314,25.26,0,0
2025-08-08 18:00:00,30.82354286469244,69.5940952255126,440.0,2.6293166777693672e-14,1.3523502745096865,24.74236190979496,0,0
2025-08-08 19:00:00,30.1,70.8,440.0,0.0,1.2460992265259008,24.26,0,0
2025-08-08 20:00:00,29.47867965644036,71.83553390593273,440.0,0.0,1.1597641108008692,23.845786437626906,0,0
2025-08-08 21:00:00,29.001923788646685,72.6301270189222,440.0,0.0,1.0964707630837802,23.527949192431123,0,0
2025-08-08 22:00:00,28.7022225211328,73.12962913144534,440.0,0.0,1.0579564450372647,23.328148347421862,0,0
2025-08-08 23:00:00,28.6,73.3,440.0,0.0,1.0450404827475184,23.26,0,0
2025-08-09 00:00:00,27.102222521132795,83.02962913144535,440.0,0.0,0.6086895042939287,23.708148347421865,0,0
2025-08-09 01:00:00,25.901923788646684,77.9301270189222,400.0,0.0,0.7375752741250671,21.487949192431124,0,1
2025-08-09 02:00:00,26.37867965644036,77.13553390593275,400.0,0.0,0.7859486979267328,21.805786437626907,0,1
2025-08-09 03:00:00,27.0,76.10000000000001,400.0,0.0,0.8521163020187917,22.22,0,1
2025-08-09 04:00:00,27.72354286469244,74.89409522551261,400.0,0.0,0.933816558988697,22.70236190979496,0,1
2025-08-09 05:00:00,28.5,73.60000000000001,400.0,0.0,1.0273241962328967,23.22,0,1
2025-08-09 06:00:00,29.276457135307563,72.3059047744874,400.0,0.0,1.1271828848711218,23.73763809020505,0,1
2025-08-09 07:00:00,30.98661819993081,70.60669090003461,397.533454500173,49.33090999654045,1.3195158349956913,25.107956379937733,0,1
2025-08-09 08:00:00,32.527320343559644,69.11146609406727,395.235,95.29999999999998,1.513015094157508,26.349613562373097,0,1
2025-08-09 09:00:00,33.79356726123643,67.92212745613625,393.2612723752922,134.77455249415596,1.6867908475258688,27.377992752463683,0,1
2025-08-09 10:00:00,34.699066318093486,67.11972644894152,391.7467779019343,165.064441961314,1.8182238751865103,28.12301160788179,0,1
2025-08-09 11:00:00,35.18210924981393,66.75894537509305,390.7947268754652,184.1054624906964,1.887933273469287,28.53389832483253,0,1
2025-08-09 12:00:00,35.2097774788672,66.86437086855466,390.47,190.6,1.884821616339591,28.582651652578136,0,1
2025-08-09 13:00:00,34.78018546116724,67.42881835617085,390.7947268754652,184.1054624906964,1.8092406692825949,28.265949132401413,0,1
2025-08-09 14:00:00,32.121320343559645,74.66446609406727,440.0,165.064441961314,1.2129310506674196,27.0542135623731,0,0
2025-08-09 15:00:00,31.414213562373096,75.7,440.0,134.77455249415596,1.1177092474044148,26.64,0,0
2025-08-09 16:00:00,30.70710678118655,76.9059047744874,440.0,95.29999999999998,1.0203479852382011,26.15763809020504,0,0
2025-08-09 17:00:00,30.0,78.2,440.0,49.330909996540505,0.9249881828094648,25.64,0,0
2025-08-09 18:00:00,29.22354286469244,79.49409522551261,440.0,2.334176799174855e-14,0.8320714295239298,25.12236190979496,0,0
2025-08-09 19:00:00,28.5,80.7,440.0,0.0,0.7510362495187465,24.64,0,0
2025-08-09 20:00:00,27.87867965644036,81.73553390593274,440.0,0.0,0.6855222121252594,24.225786437626905,0,0
2025-08-09 21:00:00,27.401923788646684,82.5301270189222,440.0,0.0,0.6376989951327299,23.90794919243113,0,0
2025-08-09 22:00:00,27.102222521132795,83.02962913144535,440.0,0.0,0.6086895042939287,23.708148347421865,0,0
2025-08-09 23:00:00,27.0,83.2,440.0,0.0,0.5989771495362218,23.64,0,0
2025-08-10 00:00:00,26.5022225211328,88.82962913144534,440.0,0.0,0.38677805855334135,24.268148347421864,0,0
2025-08-10 01:00:00,25.301923788646683,83.7301270189222,400.0,0.0,0.5247353416844682,22.047949192431123,0,1
2025-08-10 02:00:00,25.77867965644036,82.93553390593274,400.0,0.0,0.5661498034604068,22.365786437626905,0,1
2025-08-10 03:00:00,26.4,81.9,400.0,0.0,0.622956104649637,22.78,0,1
2025-08-10 04:00:00,27.123542864692435,80.69409522551261,400.0,0.0,0.6933258518478459,23.26236190979496,0,1
2025-08-10 05:00:00,27.9,79.4,400.0,0.0,0.7741432848400465,23.78,0,1
2025-08-10 06:00:00,28.67645713530756,78.1059047744874,400.0,0.0,0.8607419507663086,24.29763809020504,0,1
2025-08-10 07:00:00,30.352454085977275,76.42377295701137,397.6188647850568,47.622704298863816,1.0207564229783608,25.637208677379547,0,1
2025-08-10 08:00:00,31.86132034355964,74.94446609406727,395.4,92.0,1.1820300117982152,26.745598572119135,0,1
2025-08-10 09:00:00,33.10022916611981,73.76879650369456,393.4946176130838,130.10764773832474,1.3269045030047695,27.853988466858723,0,1
2025-08-10 10:00:00,33.98475096479394,72.9768841255913,392.0325662851832,159.3486742963367,1.4362098509324703,28.5801277899122,0,1
2025-08-10 11:00:00,34.45460704074377,72.62269647962812,391.11348239814055,177.73035203718857,1.4935383677534526,28.97914633666939,0,1
2025-08-10 12:00:00,34.4777774788672,72.95763297016703,390.8,184.0,1.4771642224211348,29.02385165257813,0,1
2025-08-10 13:00:00,34.05268325209708,73.29256946070592,391.11348239814055,177.73035203718857,1.4248102520298984,28.711197144238263,0,1
2025-08-10 14:00:00,31.52132034355964,80.46446609406726,440.0,159.34867429633672,0.9040383229945591,27.61421356237309,0,0
2025-08-10 15:00:00,30.9,81.5,440.0,130.10764773832474,0.8264095528897051,27.2,0,0
2025-08-10 16:00:00,30.17645713530756,82.7059047744874,440.0,92.0,0.7412593970178841,26.71763809020504,0,0
2025-08-10 17:00:00,29.4,84.0,440.0,47.622704298863866,0.655873304662613,26.2,0,0
2025-08-10 18:00:00,28.623542864692435,85.2940952255126,440.0,2.2533501104311305e-14,0.5763764109153474,25.68236190979496,0,0
2025-08-10 19:00:00,27.9,86.5,440.0,0.0,0.5073269099679917,25.2,0,0
2025-08-10 20:00:00,27.27867965644036,87.53553390593274,440.0,0.0,0.45171822796175776,24.785786437626903,1,0
2025-08-10 21:00:00,26.801923788646683,88.3301270189222,440.0,0.0,0.4112600842610893,24.46794919243112,1,0
2025-08-10 22:00:00,26.5022225211328,88.82962913144534,440.0,0.0,0.38677805855334135,24.268148347421864,1,0
2025-08-10 23:00:00,26.4,89.0,440.0,0.0,0.3785921077981221,24.2,1,0
2025-08-11 00:00:00,26.4022225211328,90.22962913144536,440.0,0.0,0.33631543943710446,24.448148347421867,1,0
2025-08-11 01:00:00,25.201923788646685,85.13012701892221,400.0,0.0,0.4767398820689996,22.22794919243113,1,1
2025-08-11 02:00:00,25.67867965644036,84.33553390593275,400.0,0.0,0.516632445520914,22.54578643762691,0,1
2025-08-11 03:00:00,26.3,83.30000000000001,400.0,0.0,0.5713929495323222,22.960000000000004,0,1
2025-08-11 04:00:00,27.02354286469244,82.09409522551262,400.0,0.0,0.6392887112157167,23.44236190979496,0,1
2025-08-11 05:00:00,27.8,80.80000000000001,400.0,0.0,0.7173379086253829,23.960000000000004,0,1
2025-08-11 06:00:00,28.576457135307564,79.5059047744874,400.0,0.0,0.8010468227167745,24.477638090205044,0,1
2025-08-11 07:00:00,30.33372326613947,77.78313836693027,397.41569183465134,51.68616330697339,0.9608711062657566,25.89035093952553,0,1
2025-08-11 08:00:00,31.918320343559643,76.26596609406728,395.0075,99.84999999999998,1.1233016921346912,27.1715135623731,0,1
2025-08-11 09:00:00,33.22226069541239,75.05778073904828,392.9395387898524,141.20922420295355,1.2703568185198384,28.233816843222044,0,1
2025-08-11 10:00:00,34.156682941582254,74.24091813719714,391.3527363432124,172.9452731357524,1.3821913897680809,29.004866569021683,0,1
2025-08-11 11:00:00,34.65790775019854,73.87104612490074,390.3552306245036,192.89538750992693,1.4415963008178947,29.432116975178687,0,1
2025-08-11 12:00:00,34.69177747886721,73.97337086855467,390.015,199.7,1.4386478673068501,29.486451652578143,0,1
2025-08-11 13:00:00,34.255983961551856,74.54091910597855,390.3552306245036,192.89538750992693,1.3736562856314845,29.164167782747565,0,1
2025-08-11 14:00:00,31.421320343559643,81.86446609406727,440.0,172.9452731357524,0.8345033492591573,27.79421356237309,0,0
2025-08-11 15:00:00,30.8,82.9,440.0,141.20922420295355,0.7595291779359756,27.380000000000003,0,0
2025-08-11 16:00:00,30.076457135307564,84.1059047744874,440.0,99.84999999999998,0.6773599522455241,26.89763809020504,0,0
2025-08-11 17:00:00,29.3,85.4,440.0,51.68616330697344,0.5950447840411033,26.380000000000003,0,0
2025-08-11 18:00:00,28.52354286469244,86.69409522551261,440.0,2.4456196578972642e-14,0.5184907859095452,25.86236190979496,0,0
2025-08-11 19:00:00,27.8,87.81481456572268,440.0,0.0,0.4552549706060923,25.380000000000003,1,0
2025-08-11 20:00:00,27.17867965644036,88.93553390593274,440.0,0.0,0.39864003683552135,24.965786437626907,1,0
2025-08-11 21:00:00,26.701923788646685,89.7301270189222,440.0,0.0,0.3598013819836313,24.647949192431124,1,0
2025-08-11 22:00:00,26.4022225211328,90.22962913144536,440.0,0.0,0.33631543943710446,24.448148347421867,1,0
2025-08-11 23:00:00,26.3,90.4,440.0,0.0,0.3284654081143889,24.380000000000003,1,0
2025-08-12 00:00:00,28.4022225211328,72.62962913144534,440.0,0.0,1.0590589761326585,22.928148347421864,0,0
2025-08-12 01:00:00,28.04045108878658,67.5301270189222,400.0,0.0,1.2302323008326537,20.707949192431123,0,1
2025-08-12 02:00:00,27.67867965644036,66.73553390593274,400.0,0.0,1.234039973210437,21.025786437626905,0,1
2025-08-12 03:00:00,28.3,65.7,400.0,0.0,1.3193362507292719,21.44,0,1
2025-08-12 04:00:00,29.02354286469244,64.49409522551261,400.0,0.0,1.4241882317211207,21.92236190979496,0,1
2025-08-12 05:00:00,29.8,63.2,400.0,0.0,1.5436248008175795,22.44,0,1
2025-08-12 06:00:00,30.576457135307564,61.90590477448739,400.0,0.0,1.6705754332915506,22.95763809020504,0,1
2025-08-12 07:00:00,32.35028768502603,60.17485615748698,397.3742807874349,52.51438425130146,1.931402499591355,24.385258916523423,0,1
2025-08-12 08:00:00,33.95032034355964,58.64996609406726,394.9275,101.45,2.1934390982967127,25.68031356237309,0,1
2025-08-12 09:00:00,35.26751552940832,57.4351533220503,392.82640170486246,143.4719659027505,2.4288998619147053,26.75454619381838,0,1
2025-08-12 10:00:00,36.21210856742446,56.61320532427602,391.2141722786069,175.7165544278626,2.6077577333609647,27.534749632279663,0,1
2025-08-12 11:00:00,36.71972700308103,56.24013649845948,390.2006824922974,195.986350154052,2.7042089775358598,27.967754302772928,0,1
2025-08-12 12:00:00,36.75577747886721,56.341370868554655,388.375,202.9,2.7032660678797478,28.02405165257814,0,1
2025-08-12 13:00:00,36.31780321443435,56.91000947953729,390.2006824922974,195.986350154052,2.604952050361553,27.699805110341806,0,1
2025-08-12 14:00:00,33.42132034355964,64.26446609406726,440.0,175.71655442786263,1.8404690974823992,26.27421356237309,0,0
2025-08-12 15:00:00,32.8,65.3,440.0,143.4719659027505,1.725975221693995,25.86,0,0
2025-08-12 16:00:00,32.076457135307564,66.50590477448739,440.0,101.45,1.5994626393642748,25.377638090205043,0,0
2025-08-12 17:00:00,31.3,67.8,440.0,52.51438425130152,1.4715059929607979,24.86,0,0
2025-08-12 18:00:00,30.52354286469244,69.0940952255126,440.0,2.48480835546998e-14,1.3512546280425817,24.34236190979496,0,0
2025-08-12 19:00:00,29.8,70.3,440.0,0.0,1.245805885442449,23.86,0,0
2025-08-12 20:00:00,29.17867965644036,71.33553390593273,440.0,0.0,1.1601156114513949,23.445786437626907,0,0
2025-08-12 21:00:00,28.701923788646685,72.1301270189222,440.0,0.0,1.097290459171081,23.127949192431124,0,0
2025-08-12 22:00:00,28.4022225211328,72.62962913144534,440.0,0.0,1.0590589761326585,22.928148347421864,0,0
2025-08-12 23:00:00,28.3,72.8,440.0,0.0,1.0462374932896852,22.86,0,0
2025-08-13 00:00:00,27.7022225211328,71.02962913144535,440.0,0.0,1.0762160113719432,21.908148347421864,0,0
2025-08-13 01:00:00,26.501923788646685,65.9301270189222,400.0,0.0,1.1796606992893302,19.687949192431127,0,1
2025-08-13 02:00:00,26.97867965644036,65.13553390593275,400.0,0.0,1.241482865547839,20.00578643762691,0,1
2025-08-13 03:00:00,27.6,64.10000000000001,400.0,0.0,1.3257087237449368,20.42,0,1
2025-08-13 04:00:00,28.32354286469244,62.89409522551261,400.0,0.0,1.4292175364535924,20.90236190979496,0,1
2025-08-13 05:00:00,29.1,61.6,400.0,0.0,1.5470916185315153,21.42,0,1
2025-08-13 06:00:00,29.876457135307565,60.3059047744874,400.0,0.0,1.6723481837241336,21.93763809020504,0,1
2025-08-13 07:00:00,31.39250391610392,58.70374804194804,398.0187402097402,39.62519580519592,1.8971341892838327,23.13325352449353,0,1
2025-08-13 08:00:00,32.752320343559646,57.29896609406726,396.1725,76.54999999999998,2.1182638589226923,24.21211356237309,0,1
2025-08-13 09:00:00,33.863237175346526,56.18729249908121,394.587097590017,108.25804819966044,2.312824046640326,25.10069567516277,0,1
2025-08-13 10:00:00,34.64954726525516,55.444485975360685,393.3705755340301,132.58848931939755,2.457094733097054,25.73844446032729,0,1
2025-08-13 11:00:00,35.05766488009713,55.12116755995144,392.6058377997572,147.88324400485635,2.5314473159016457,26.081898392087417,0,1
2025-08-13 12:00:00,35.059777478867204,55.23937086855466,392.345,153.1,2.525074604178054,26.10765165257813,0,1
2025-08-13 13:00:00,34.655741091450444,55.79104054102925,392.6058377997572,147.88324400485635,2.438820241089504,25.81394919965629,0,1
2025-08-13 14:00:00,32.72132034355964,62.66446609406727,440.0,132.58848931939755,1.8488743215468306,25.25421356237309,0,0
2025-08-13 15:00:00,32.1,63.7,440.0,108.25804819966044,1.735760791814544,24.840000000000003,0,0
2025-08-13 16:00:00,31.376457135307565,64.9059047744874,440.0,76.54999999999998,1.610741488054711,24.357638090205043,0,0
2025-08-13 17:00:00,30.6,66.2,440.0,39.625195805195965,1.4842566779902768,23.840000000000003,0,0
2025-08-13 18:00:00,29.82354286469244,67.49409522551261,440.0,1.8749342494945977e-14,1.365348353602342,23.32236190979496,0,0
2025-08-13 19:00:00,29.1,68.7,440.0,0.0,1.2610408244801152,22.840000000000003,0,0
2025-08-13 20:00:00,28.47867965644036,69.73553390593274,440.0,0.0,1.1762495209172457,22.425786437626908,0,0
2025-08-13 21:00:00,28.001923788646685,70.38258151868905,440.0,0.0,1.1196432021681242,22.107949192431125,0,0
2025-08-13 22:00:00,27.7022225211328,71.02962913144535,440.0,0.0,1.0762160113719432,21.908148347421864,0,0
2025-08-13 23:00:00,27.6,71.2,440.0,0.0,1.0635212045641833,21.840000000000003,0,0
2025-08-14 00:00:00,28.7022225211328,68.52962913144535,440.0,0.0,1.2390704189000745,22.408148347421864,0,0
2025-08-14 01:00:00,27.501923788646685,63.43012701892219,400.0,0.0,1.3427298160310446,20.187949192431123,0,1
2025-08-14 02:00:00,27.97867965644036,62.63553390593274,400.0,0.0,1.4105984619637686,20.50578643762691,0,1
2025-08-14 03:00:00,28.6,61.6,400.0,0.0,1.50297957069306,20.92,0,1
2025-08-14 04:00:00,29.32354286469244,60.39409522551261,400.0,0.0,1.616390256772027,21.40236190979496,0,1
2025-08-14 05:00:00,30.1,59.1,400.0,0.0,1.7453924097571694,21.92,0,1
2025-08-14 06:00:00,30.876457135307565,57.8059047744874,400.0,0.0,1.8823167236432208,22.43763809020504,0,1
2025-08-14 07:00:00,32.762615150600524,56.018692424699736,397.0934621234987,58.13075753002616,2.183036704887823,23.96635363554047,0,1
2025-08-14 08:00:00,34.46732034355965,54.44146609406727,394.385,112.29999999999998,2.4871491589756536,25.3556135623731,0,1
2025-08-14 09:00:00,35.87439987244329,53.38337195286104,392.0591908472751,158.8161830544986,2.7504643026479525,26.51074210254985,0,1
2025-08-14 10:00:00,36.65666934206689,52.32527781165481,390.2745347155008,194.5093056899849,2.9360093703023797,27.353019154997867,0,1
2025-08-14 11:00:00,37.4389388116905,51.93053059415475,389.1526529707738,209.55465284499243,3.089134094518589,27.82504493052145,0,1
2025-08-14 12:00:00,37.4897774788672,52.024370868554655,388.77,224.6,3.09162377046603,27.894651652578133,0,1
2025-08-14 13:00:00,37.03701502304381,52.60040357523256,389.1526529707738,216.94694058452475,2.9802386561225753,27.557095738090325,0,1
2025-08-14 14:00:00,33.72132034355965,60.16446609406727,440.0,194.50930568998493,2.0862972603422656,25.7542135623731,0,0
2025-08-14 15:00:00,33.1,61.2,440.0,158.8161830544986,1.9626714202674291,25.340000000000003,0,0
2025-08-14 16:00:00,32.37645713530756,62.4059047744874,440.0,112.29999999999998,1.8258940859246597,24.85763809020504,0,0
2025-08-14 17:00:00,31.6,63.7,440.0,58.130757530026216,1.6873509336957517,24.340000000000003,0,0
2025-08-14 18:00:00,30.82354286469244,64.99409522551261,440.0,2.750556710884956e-14,1.5569424847689335,23.82236190979496,0,0
2025-08-14 19:00:00,30.1,66.2,440.0,0.0,1.4424025293347753,23.340000000000003,0,0
2025-08-14 20:00:00,29.47867965644036,67.23553390593274,440.0,0.0,1.3491841726570308,22.925786437626908,0,0
2025-08-14 21:00:00,29.001923788646685,68.0301270189222,440.0,0.0,1.2807524188178931,22.607949192431125,0,0
2025-08-14 22:00:00,28.7022225211328,68.52962913144535,440.0,0.0,1.2390704189000745,22.408148347421864,0,0
2025-08-14 23:00:00,28.6,68.7,440.0,0.0,1.225084910486791,22.340000000000003,0,0
2025-08-15 00:00:00,28.5022225211328,69.22962913144534,440.0,0.0,1.1975462921094107,22.348148347421866,0,0
2025-08-15 01:00:00,27.301923788646683,64.1301270189222,400.0,0.0,1.3017114028783365,20.12794919243112,0,1
2025-08-15 02:00:00,27.77867965644036,63.335533905932735,400.0,0.0,1.3681317790854288,20.445786437626904,0,1
2025-08-15 03:00:00,28.4,62.3,400.0,0.0,1.4585616211313455,20.86,0,1
2025-08-15 04:00:00,29.123542864692435,61.0940952255126,400.0,0.0,1.5696061871297113,21.34236190979496,0,1
2025-08-15 05:00:00,29.9,59.8,400.0,0.0,1.6959529354051983,21.86,0,1
2025-08-15 06:00:00,30.67645713530756,58.50590477448739,400.0,0.0,1.8300969927615434,22.37763809020504,0,1
2025-08-15 07:00:00,32.34883061934584,56.82558469032708,397.6279234516354,47.44153096729205,2.0936603813708374,23.713947557411256,0,1
2025-08-15 08:00:00,33.85432034355964,55.34796609406726,395.4175,88.52710197939311,2.3559599582130373,24.92391356237309,0,1
2025-08-15 09:00:00,35.0903296711832,54.17374625116287,391.695030854964,129.61267299149418,2.5895562584326357,25.92507892141577,0,1
2025-08-15 10:00:00,35.97262660914095,53.382946303417775,392.0628771743157,158.7424565136876,2.7653612708374635,26.64921586982451,0,1
2025-08-15 11:00:00,36.44108407917573,53.02945796041214,391.1472898020607,177.05420395878625,2.8587643298014522,27.04697567125816,0,1
2025-08-15 12:00:00,36.4637774788672,53.137370868554655,390.835,183.3,2.8557382235415893,27.09125165257813,0,1
2025-08-15 13:00:00,36.03916029052904,53.69933094148994,391.1472898020607,177.05420395878625,2.7566374061695487,26.779026478827028,0,1
2025-08-15 14:00:00,33.521320343559644,60.86446609406726,440.0,158.7424565136876,2.0268754982851407,25.694213562373097,0,0
2025-08-15 15:00:00,32.9,61.9,440.0,129.61267299149418,1.9057625643034621,25.28,0,0
2025-08-15 16:00:00,32.17645713530756,63.10590477448739,440.0,91.65,1.771799455878617,24.79763809020504,0,0
2025-08-15 17:00:00,31.4,64.4,440.0,47.4415309672921,1.6361465647265254,24.28,0,0
2025-08-15 18:00:00,30.623542864692435,65.6940952255126,440.0,2.2447775828370983e-14,1.5084988043408756,23.762361909794954,0,0
2025-08-15 19:00:00,29.9,66.9,440.0,0.0,1.3964189592515437,23.28,0,0
2025-08-15 20:00:00,29.27867965644036,67.93553390593274,440.0,0.0,1.30522950138673,22.865786437626905,0,0
2025-08-15 21:00:00,28.801923788646683,68.73012701892219,440.0,0.0,1.2383037059189599,22.54794919243112,0,0
2025-08-15 22:00:00,28.5022225211328,69.22962913144534,440.0,0.0,1.1975462921094107,22.348148347421866,0,0
2025-08-15 23:00:00,28.6522225211328,69.4,440.0,0.0,1.2013170120900936,22.28,0,0
2025-08-16 00:00:00,28.802222521132794,65.42962913144535,440.0,0.0,1.3690288579838918,21.888148347421865,0,0
2025-08-16 01:00:00,27.601923788646683,60.33012701892219,400.0,0.0,1.4650865091003487,19.667949192431124,0,1
2025-08-16 02:00:00,28.07867965644036,59.53553390593274,400.0,0.0,1.5365496852830343,19.985786437626903,0,1
2025-08-16 03:00:00,28.7,58.5,400.0,0.0,1.6337527037241355,20.4,0,1
2025-08-16 04:00:00,29.42354286469244,57.294095225512606,400.0,0.0,1.7529799364772316,20.88236190979496,0,1
2025-08-16 05:00:00,30.2,56.0,400.0,0.0,1.8884725386928447,21.4,0,1
2025-08-16 06:00:00,30.97645713530756,54.705904774487394,400.0,0.0,2.0321532141162044,21.91763809020504,0,1
2025-08-16 07:00:00,32.706806085448804,52.9965969572756,397.482984786378,50.340304272440285,2.3257338067931816,23.30612547690392,0,1
2025-08-16 08:00:00,34.26632034355964,51.49196609406727,395.1375,97.25,2.6187768498605624,24.564713562373093,0,1
2025-08-16 09:00:00,35.54872159016899,50.29455029166997,393.1233865529608,137.5322689407835,2.8806623600614825,25.60763164850298,0,1
2025-08-16 10:00:00,36.466616299588665,49.48595145819392,391.5779029481963,168.4419410360733,3.078728106723989,26.36380659122745,0,1
2025-08-16 11:00:00,36.95745146426448,49.12127426786776,390.6063713393388,187.87257321322377,3.1851545658852163,26.598329121902793,0,1
2025-08-16 12:00:00,36.9877774788672,49.225370868554656,390.275,194.5,3.183893637940831,26.83285165257813,0,1
2025-08-16 13:00:00,36.5555276756178,49.79114724894557,390.6063713393388,187.87257321322377,3.075035776524197,26.51375712540691,0,1
2025-08-16 14:00:00,33.82132034355964,57.064466094067264,440.0,168.44194103607333,2.261229267292477,25.234213562373093,0,0
2025-08-16 15:00:00,33.2,58.1,440.0,137.5322689407835,2.1313914662350837,24.820000000000004,0,0
2025-08-16 16:00:00,32.47645713530756,59.3059047744874,440.0,97.25,1.9876217519531243,24.33763809020504,0,0
2025-08-16 17:00:00,31.7,60.6,440.0,50.340304272440335,1.8418555111160724,23.82,0,0
2025-08-16 18:00:00,30.92354286469244,61.89409522551261,440.0,2.381938024341602e-14,1.7045052930358298,23.30236190979496,0,0
2025-08-16 19:00:00,30.2,63.1,440.0,0.0,1.5837417426764995,22.82,0,0
2025-08-16 20:00:00,29.57867965644036,64.13553390593273,440.0,0.0,1.4853620922179505,22.405786437626904,0,0
2025-08-16 21:00:00,29.101923788646683,64.93012701892219,440.0,0.0,1.4130816206309365,22.08794919243112,0,0
2025-08-16 22:00:00,28.802222521132794,65.42962913144535,440.0,0.0,1.3690288579838918,21.888148347421865,0,0
2025-08-16 23:00:00,28.7,65.6,440.0,0.0,1.3542432050147053,21.82,0,0
2025-08-17 00:00:00,28.102222521132795,69.02962913144535,440.0,0.0,1.1776442766946036,21.908148347421864,0,0
2025-08-17 01:00:00,26.901923788646684,63.93012701892219,400.0,0.0,1.2786326438819675,19.687949192431123,0,1
2025-08-17 02:00:00,27.37867965644036,63.13553390593274,400.0,0.0,1.3438272545875003,20.005786437626902,0,1
2025-08-17 03:00:00,28.0,62.1,400.0,0.0,1.4325936079542048,20.42,0,1
2025-08-17 04:00:00,28.72354286469244,60.89409522551261,400.0,0.0,1.541603584082446,20.90236190979496,0,1
2025-08-17 05:00:00,29.5,59.6,400.0,0.0,1.6656457296299974,21.42,0,1
2025-08-17 06:00:00,30.276457135307563,58.3059047744874,400.0,0.0,1.7973544049159687,21.93763809020504,0,1
2025-08-17 07:00:00,31.6977761455964,56.751111927201805,398.255559636009,34.8888072798198,2.0215271723450194,23.04799853103676,0,1
2025-08-17 08:00:00,32.969320343559644,55.390466094067264,396.63,67.39999999999999,2.2400668617666097,24.04741356237309,0,1
2025-08-17 09:00:00,34.00443609343225,54.316693040038345,395.23410029480266,95.31799410394662,2.4306142394453265,24.86777470143992,0,1
2025-08-17 10:00:00,34.732581967470054,53.60296862425324,394.1629887784929,116.74022443014232,2.5704449736186574,25.453175692320706,0,1
2025-08-17 11:00:00,35.10413602767533,53.29793198616234,393.4896599308117,130.20680138376642,2.641060043130153,25.7637224249078,0,1
2025-08-17 12:00:00,35.0937774788672,53.42237086855466,393.26,134.8,2.632516354640639,25.77825165257813,0,1
2025-08-17 13:00:00,34.70221223902865,53.96780496724015,440.0,130.20680138376642,2.5459466509023905,25.49577323247668,0,1
2025-08-17 14:00:00,33.121320343559645,60.66446609406727,440.0,116.74022443014236,1.9921400504770148,25.2542135623731,0,0
2025-08-17 15:00:00,32.5,61.7,440.0,95.31799410394662,1.8731683302865578,24.84,0,0
2025-08-17 16:00:00,31.776457135307563,62.9059047744874,440.0,67.39999999999999,1.7415828807908764,24.357638090205043,0,0
2025-08-17 17:00:00,31.0,64.2,440.0,34.88880727981984,1.6083480259004526,23.84,0,0
2025-08-17 18:00:00,30.22354286469244,65.49409522551261,440.0,1.6508238852506322e-14,1.4829856382509985,23.32236190979496,0,0
2025-08-17 19:00:00,29.5,66.7,440.0,0.0,1.3729208613039332,22.84,0,0
2025-08-17 20:00:00,28.87867965644036,67.73553390593274,440.0,0.0,1.2833769604916143,22.425786437626904,0,0
2025-08-17 21:00:00,28.401923788646684,68.5301270189222,440.0,0.0,1.2176624739006179,22.107949192431125,0,0
2025-08-17 22:00:00,28.102222521132795,69.02962913144535,440.0,0.0,1.1776442766946036,21.908148347421864,0,0
2025-08-17 23:00:00,28.0,69.2,440.0,0.0,1.1642185521105408,21.84,0,0
2025-08-18 00:00:00,28.000961894323343,62.329629131445344,440.0,0.0,1.4239935378888773,21.668148347421862,0,0
2025-08-18 01:00:00,28.001923788646685,57.23012701892219,400.0,0.0,1.6168525143768124,19.447949192431125,0,1
2025-08-18 02:00:00,28.47867965644036,56.435533905932736,400.0,0.0,1.6931632698522088,19.765786437626907,0,1
2025-08-18 03:00:00,29.1,55.4,400.0,0.0,1.7968824527735832,20.18,0,1
2025-08-18 04:00:00,29.82354286469244,54.194095225512605,400.0,0.0,1.9239894137079367,20.66236190979496,0,1
2025-08-18 05:00:00,30.6,52.9,400.0,0.0,2.0682985069036106,21.18,0,1
2025-08-18 06:00:00,31.376457135307565,51.60590477448739,400.0,0.0,2.2211821235367095,21.697638090205043,0,1
2025-08-18 07:00:00,33.05970101924015,49.92014949037993,397.6007474518996,47.98505096200735,2.5275385137963173,23.043730917316136,0,1
2025-08-18 08:00:00,34.575320343559646,48.43746609406726,395.365,92.7,2.8318346199868416,24.262813562373097,0,1
2025-08-18 09:00:00,35.82002815599304,47.25889700875795,393.4451201384007,131.09759723198593,3.1025395263392705,25.271807557744623,0,1
2025-08-18 10:00:00,36.70899967609991,46.464759769938304,391.9719445069183,160.56110986163492,3.3063571454402623,26.001951630087568,0,1
2025-08-18 11:00:00,37.18165296387987,46.10917351806007,391.0458675903004,179.08264819399326,3.415151129481831,26.403487667491884,0,1
2025-08-18 12:00:00,37.205777478867205,46.216370868554655,390.73,185.4,3.4128330714685875,26.44905165257813,0,1
2025-08-18 13:00:00,36.77972917523319,46.77904649913788,391.0458675903004,179.08264819399326,3.2996576824475152,26.135538475060763,0,1
2025-08-18 14:00:00,34.22132034355965,53.96446609406726,440.0,160.56110986163495,2.4790872502010997,25.0142135623731,0,0
2025-08-18 15:00:00,33.6,55.0,440.0,131.09759723198593,2.3408687052130053,24.6,0,0
2025-08-18 16:00:00,32.87645713530756,56.205904774487394,440.0,92.7,2.1876880219217507,24.11763809020504,0,0
2025-08-18 17:00:00,32.1,57.5,440.0,47.9850509620074,2.0322268223724,23.6,0,0
2025-08-18 18:00:00,31.32354286469244,58.794095225512606,440.0,2.270495165619193e-14,1.8855860674825922,23.08236190979496,0,0
2025-08-18 19:00:00,30.6,60.0,440.0,0.0,1.7565167786867182,22.6,0,0
2025-08-18 20:00:00,29.97867965644036,61.03553390593274,440.0,0.0,1.6512669366917938,22.18578643762691,0,0
2025-08-18 21:00:00,29.501923788646685,61.83012701892219,440.0,0.0,1.573874455366991,21.867949192431123,0,0
2025-08-18 22:00:00,29.2022225211328,62.329629131445344,440.0,0.0,1.5266776049820412,21.668148347421862,0,0
2025-08-18 23:00:00,29.1,62.5,440.0,0.0,1.510831658722183,21.6,0,0
2025-08-19 00:00:00,30.102222521132795,55.42962913144535,440.0,0.0,1.902266432277236,21.188148347421865,0,0
2025-08-19 01:00:00,28.901923788646684,50.33012701892219,400.0,0.0,1.9783660818053541,18.96794919243112,0,1
2025-08-19 02:00:00,29.450961894323342,49.53553390593274,400.0,0.0,2.0747252779433163,19.285786437626903,0,1
2025-08-19 03:00:00,30.0,48.5,400.0,0.0,2.185178505260892,19.7,0,1
2025-08-19 04:00:00,30.72354286469244,47.294095225512606,400.0,0.0,2.3308475804303233,20.18236190979496,0,1
2025-08-19 05:00:00,31.5,46.0,400.0,0.0,2.495917207633773,20.7,0,1
2025-08-19 06:00:00,32.27645713530756,44.705904774487394,400.0,0.0,2.670462518829609,21.21763809020504,0,1
2025-08-19 07:00:00,34.43592806222878,42.78203596888561,396.41017984442806,71.79640311143925,3.1182283473302004,22.992335256005905,0,1
2025-08-19 08:00:00,36.395320343559646,41.07746609406726,393.065,138.69999999999996,3.577231529991645,24.6108135623731,0,1
2025-08-19 09:00:00,38.02110463337628,39.708358770066326,390.1924289449426,196.1514211011483,3.99873543625693,25.962776387389543,0,1
2025-08-19 10:00:00,39.20248641906327,38.76801639845662,387.9882276495098,240.23544700980324,4.327768772409743,26.9560896987546,0,1
2025-08-19 11:00:00,39.85895648425175,38.320521757874126,386.6026087893706,267.94782421258753,4.5151543641728615,27.523060835826573,0,1
2025-08-19 12:00:00,39.94577747886721,38.396370868554655,386.13,277.4,4.530531741877098,27.625051652578136,0,1
2025-08-19 13:00:00,39.457032695605065,38.990394738951935,386.6026087893706,267.94782421258753,4.3712357695315065,27.25511164339545,0,1
2025-08-19 14:00:00,35.121320343559645,47.064466094067264,440.0,240.23544700980327,2.996412548986273,24.534213562373097,0,0
2025-08-19 15:00:00,34.5,48.1,440.0,196.1514211011483,2.8384867234805595,24.12,0,0
2025-08-19 16:00:00,33.77645713530757,49.3059047744874,440.0,138.69999999999996,2.6631685760235877,23.637638090205044,0,0
2025-08-19 17:00:00,33.0,50.6,440.0,71.79640311143932,2.484893011029784,23.12,0,0
2025-08-19 18:00:00,32.22354286469243,51.89409522551261,440.0,3.3971702208347577e-14,2.316380649946991,22.60236190979496,0,0
2025-08-19 19:00:00,31.5,53.1,440.0,0.0,2.1677503155189615,22.12,0,0
2025-08-19 20:00:00,30.87867965644036,54.13553390593274,440.0,0.0,2.0463144263119735,21.705786437626905,0,0
2025-08-19 21:00:00,30.401923788646684,54.93012701892219,440.0,0.0,1.95687451756713,21.38794919243112,0,0
2025-08-19 22:00:00,30.102222521132795,55.42962913144535,440.0,0.0,1.902266432277236,21.188148347421865,0,0
2025-08-19 23:00:00,30.0,55.6,440.0,0.0,1.8839208860890018,21.12,0,0
2025-08-20 00:00:00,29.5022225211328,61.22962913144534,440.0,0.0,1.59866253236535,21.74814834742186,0,0
2025-08-20 01:00:00,28.301923788646683,56.13012701892219,400.0,0.0,1.6876263176724922,19.52794919243112,0,1
2025-08-20 02:00:00,28.77867965644036,55.335533905932735,400.0,0.0,1.7663587371064884,19.845786437626906,0,1
2025-08-20 03:00:00,29.4,54.3,400.0,0.0,1.8733381264425881,20.26,0,1
2025-08-20 04:00:00,30.123542864692435,53.0940952255126,400.0,0.0,2.004394760671657,20.74236190979496,0,1
2025-08-20 05:00:00,30.9,51.8,400.0,0.0,2.153131916177501,21.26,0,1
2025-08-20 06:00:00,31.67645713530756,50.50590477448739,400.0,0.0,2.3106470245245916,21.77763809020504,0,1
2025-08-20 07:00:00,33.77795259612582,48.611023701937086,396.5551185096854,68.89762980629102,2.699898695452338,23.50015733651324,0,1
2025-08-20 08:00:00,35.68332034355964,46.933466094067256,393.345,133.09999999999997,3.098313639977719,25.07001356237309,0,1
2025-08-20 09:00:00,37.262712714390496,45.587554729559216,390.5884087424071,188.2318251518589,3.463440184187665,26.38022366030233,0,1
2025-08-20 10:00:00,38.40849672861555,44.66501124368048,388.4732018756291,230.53596248741755,3.7475593573508257,27.341498977351648,0,1
2025-08-20 11:00:00,39.042589099163,44.228705450418495,387.1435272520925,257.12945495814995,3.908156436194794,27.88833018924669,0,1
2025-08-20 12:00:00,39.1217774788672,44.308370868554654,386.69,266.2,3.919189101982003,27.98345165257813,0,1
2025-08-20 13:00:00,38.64066531051631,44.898578431496304,387.1435272520925,257.12945495814995,3.778704232797214,27.620380996815573,0,1
2025-08-20 14:00:00,34.521320343559644,52.86446609406726,440.0,230.5359624874176,2.5809616567620774,25.094213562373096,0,0
2025-08-20 15:00:00,33.9,53.9,440.0,188.2318251518589,2.4385584325464413,24.68,0,0
2025-08-20 16:00:00,33.17645713530756,55.10590477448739,440.0,133.09999999999997,2.2806871212407565,24.19763809020504,0,0
2025-08-20 17:00:00,32.4,56.4,440.0,68.89762980629109,2.1204036823510526,23.68,0,0
2025-08-20 18:00:00,31.623542864692435,57.694095225512605,440.0,3.260009779330254e-14,1.9691519329765215,23.16236190979496,0,0
2025-08-20 19:00:00,30.9,58.9,440.0,0.0,1.8359693310144254,22.68,0,0
2025-08-20 20:00:00,30.27867965644036,59.935533905932736,440.0,0.0,1.72732386993432,22.31397459621556,0,0
2025-08-20 21:00:00,29.801923788646683,60.58258151868904,440.0,0.0,1.6535986169605503,21.94794919243112,0,0
2025-08-20 22:00:00,29.5022225211328,61.22962913144534,440.0,0.0,1.59866253236535,21.74814834742186,0,0
2025-08-20 23:00:00,29.4,61.4,440.0,0.0,1.5822943474985534,21.68,0,0
2025-08-21 00:00:00,30.0022225211328,62.329629131445344,440.0,0.0,1.5985821145180266,22.468148347421863,0,0
2025-08-21 01:00:00,28.801923788646683,57.23012701892219,400.0,0.0,1.6937098608043768,21.516967392524386,0,1
2025-08-21 02:00:00,29.27867965644036,56.435533905932736,400.0,0.0,1.7733532874467346,20.565786437626905,0,1
2025-08-21 03:00:00,29.9,55.4,400.0,0.0,1.8815796248525336,20.98,0,1
2025-08-21 04:00:00,30.623542864692435,54.194095225512605,400.0,0.0,2.014176656709346,21.46236190979496,0,1
2025-08-21 05:00:00,31.4,52.9,400.0,0.0,2.164677056140993,21.98,0,1
2025-08-21 06:00:00,32.17645713530756,51.60590477448739,400.0,0.0,2.324074653794681,22.49763809020504,0,1
2025-08-21 07:00:00,34.39286825215134,49.65356587392433,396.26782936962167,74.64341260756697,2.7371977496739155,24.323581426936205,0,1
2025-08-21 08:00:00,36.23476818869433,47.92246609406726,392.79,144.19999999999996,3.134001116167875,25.989813562373097,0,1
2025-08-21 09:00:00,38.07666812523732,46.5305770241358,389.80352021529,203.92959569420032,3.556930848036652,27.38278353006448,0,1
2025-08-21 10:00:00,39.29301200789585,45.57275360404034,387.5119136774284,249.76172645143208,3.8655277628623956,28.407562728703915,0,1
2025-08-21 11:00:00,39.97146016603534,45.11426991698232,386.0713495849116,278.5730083017673,4.042005987773217,28.99431414943181,0,1
2025-08-21 12:00:00,40.0657774788672,45.186370868554654,385.58,288.4,4.057035734342741,29.10305165257813,0,1
2025-08-21 13:00:00,39.56953637738866,45.78414289806013,386.0713495849116,278.5730083017673,3.9079186276837126,28.726364957000683,0,1
2025-08-21 14:00:00,35.021320343559644,53.96446609406726,440.0,249.7617264514321,2.5914830679395213,25.81421356237309,0,0
2025-08-21 15:00:00,34.4,55.0,440.0,203.92959569420032,2.447495612065924,25.4,0,0
2025-08-21 16:00:00,33.67645713530756,56.205904774487394,440.0,144.19999999999996,2.2878832203012496,24.91763809020504,0,0
2025-08-21 17:00:00,32.9,57.5,440.0,74.64341260756706,2.125850629472366,24.4,0,0
2025-08-21 18:00:00,32.12354286469244,58.794095225512606,440.0,3.5318813687409663e-14,1.9729678223570513,23.88236190979496,0,0
2025-08-21 19:00:00,31.4,60.0,440.0,0.0,1.8383669266590177,23.4,0,0
2025-08-21 20:00:00,30.77867965644036,61.03553390593274,440.0,0.0,1.7285785174801838,22.985786437626903,0,0
2025-08-21 21:00:00,30.301923788646683,61.83012701892219,440.0,0.0,1.6478318356487351,22.66794919243112,0,0
2025-08-21 22:00:00,30.0022225211328,62.329629131445344,440.0,0.0,1.5985821145180266,22.468148347421863,0,0
2025-08-21 23:00:00,29.9,62.5,440.0,0.0,1.582045648698879,22.4,0,0
2025-08-22 00:00:00,28.802222521132794,72.82962913144534,440.0,0.0,1.0759798308964847,23.368148347421865,0,0
2025-08-22 01:00:00,27.601923788646683,67.7301270189222,400.0,0.0,1.191789940378942,21.147949192431124,0,1
2025-08-22 02:00:00,28.07867965644036,66.93553390593274,400.0,0.0,1.2555508542429392,21.465786437626907,0,1
2025-08-22 03:00:00,28.7,65.9,400.0,0.0,1.3424329445058556,21.880000000000003,0,1
2025-08-22 04:00:00,29.42354286469244,64.69409522551261,400.0,0.0,1.4492268232149865,22.36236190979496,0,1
2025-08-22 05:00:00,30.2,63.4,400.0,0.0,1.5708657935490482,22.88,0,1
2025-08-22 06:00:00,30.97645713530756,62.10590477448739,400.0,0.0,1.7001467194597095,23.39763809020504,0,1
2025-08-22 07:00:00,32.62605454337682,60.43697272831159,397.684863641558,46.30272716884096,1.9487145364374407,24.71344908903913,0,1
2025-08-22 08:00:00,34.11032034355964,58.96996609406726,395.5275,89.44999999999999,2.1959360423416503,25.90431356237309,0,1
2025-08-22 09:00:00,35.328104274438786,57.804858949535074,391.695030854964,126.50140315427336,2.4158622128452345,26.8890760643458,0,1
2025-08-22 10:00:00,36.19641637360792,57.021051421184296,392.2534027631482,154.93194473703608,2.581024342363195,27.600626657844785,0,1
2025-08-22 11:00:00,36.65608260646229,56.67195869676885,391.3597934838442,172.80413032311432,2.668237041474166,27.99047434581606,0,1
2025-08-22 12:00:00,36.6757774788672,56.78137086855465,391.055,178.9,2.664362781355529,28.032051652578133,0,1
2025-08-22 13:00:00,36.25415881781561,57.34183167784666,391.3597934838442,172.80413032311432,2.569875964025935,27.72252515338494,0,1
2025-08-22 14:00:00,33.82132034355964,64.46446609406726,440.0,154.93194473703608,1.8715032046184976,26.714213562373093,0,0
2025-08-22 15:00:00,33.2,65.5,440.0,126.50140315427336,1.7549643337735172,26.300000000000004,0,0
2025-08-22 16:00:00,32.47645713530756,66.7059047744874,440.0,89.44999999999999,1.6261835412509518,25.81763809020504,0,0
2025-08-22 17:00:00,31.7,68.0,440.0,46.30272716884101,1.4959232577592463,25.3,0,0
2025-08-22 18:00:00,30.92354286469244,69.2940952255126,440.0,2.1908931236746152e-14,1.3734978220648217,24.78236190979496,0,0
2025-08-22 19:00:00,30.2,70.5,440.0,0.0,1.266134997532703,24.3,0,0
2025-08-22 20:00:00,29.57867965644036,71.53553390593274,440.0,0.0,1.1788838233491692,23.885786437626905,0,0
2025-08-22 21:00:00,29.101923788646683,72.3301270189222,440.0,0.0,1.1149110513131923,23.56794919243112,0,0
2025-08-22 22:00:00,28.802222521132794,72.82962913144534,440.0,0.0,1.0759798308964847,23.368148347421865,0,0
2025-08-22 23:00:00,28.7,73.0,440.0,0.0,1.0629234457964254,23.3,0,0
2025-08-23 00:00:00,28.4022225211328,71.82962913144534,440.0,0.0,1.0900138793371126,22.768148347421864,0,0
2025-08-23 01:00:00,27.201923788646685,66.7301270189222,400.0,0.0,1.2003087637069771,20.54794919243113,0,1
2025-08-23 02:00:00,27.67867965644036,65.93553390593274,400.0,0.0,1.2637182483938294,20.86578643762691,0,1
2025-08-23 03:00:00,28.3,64.9,400.0,0.0,1.3501079417083803,21.28,0,1
2025-08-23 04:00:00,29.02354286469244,63.694095225512605,400.0,0.0,1.4562772769831238,21.76236190979496,0,1
2025-08-23 05:00:00,29.8,62.4,400.0,0.0,1.5771818617049183,22.28,0,1
2025-08-23 06:00:00,30.576457135307564,61.10590477448739,400.0,0.0,1.7056585698963587,22.79763809020504,0,1
2025-08-23 07:00:00,32.60807145394814,59.245964273025926,396.7298213651296,65.40357269740699,2.0053492236668014,24.457264308553327,0,1
2025-08-23 08:00:00,34.448320343559644,57.60096609406726,393.6825,126.34999999999998,2.312225358053095,25.968513562373097,0,1
2025-08-23 09:00:00,35.97179388347013,56.2830141450194,391.065705819708,178.68588360584056,2.5932083963183277,27.22839671247401,0,1
2025-08-23 10:00:00,37.07466986959376,55.38192467319138,389.0577690231836,218.84461953632763,2.8111084099154096,28.15105480423204,0,1
2025-08-23 11:00:00,37.68178912606495,54.959105436967526,387.7955271848376,235.7723097681638,2.9328892471447348,28.673610213458453,0,1
2025-08-23 12:00:00,37.75177747886721,55.04337086855465,387.365,252.7,2.9385247375873575,28.76045165257814,0,1
2025-08-23 13:00:00,37.279865337418265,55.628978418045335,387.7955271848376,244.0894563032476,2.826921961536151,28.40566102102733,0,1
2025-08-23 14:00:00,33.42132034355964,63.46446609406726,440.0,218.84461953632768,1.8816710921653856,26.11421356237309,0,0
2025-08-23 15:00:00,32.8,64.5,440.0,178.68588360584056,1.7657671576408307,25.7,0,0
2025-08-23 16:00:00,32.076457135307564,65.7059047744874,440.0,126.34999999999998,1.6376654958043786,25.217638090205043,0,0
2025-08-23 17:00:00,31.3,67.0,440.0,65.40357269740706,1.5080651480654135,24.700000000000003,0,0
2025-08-23 18:00:00,30.52354286469244,68.2940952255126,440.0,3.094682461445361e-14,1.386231882723261,24.18236190979496,0,0
2025-08-23 19:00:00,29.8,69.5,440.0,0.0,1.2793629463297875,23.700000000000003,0,0
2025-08-23 20:00:00,29.17867965644036,70.53553390593274,440.0,0.0,1.192493416295742,23.285786437626907,0,0
2025-08-23 21:00:00,28.701923788646685,71.3301270189222,440.0,0.0,1.1287879965991443,22.967949192431124,0,0
2025-08-23 22:00:00,28.4022225211328,71.82962913144534,440.0,0.0,1.0900138793371126,22.768148347421864,0,0
2025-08-23 23:00:00,28.3,72.0,440.0,0.0,1.0770091842687937,22.700000000000003,0,0
2025-08-24 00:00:00,28.5022225211328,73.02962913144535,440.0,0.0,1.049654804890897,23.108148347421864,0,0
2025-08-24 01:00:00,27.301923788646683,67.9301270189222,400.0,0.0,1.1638100689776818,20.88794919243112,0,1
2025-08-24 02:00:00,27.77867965644036,67.13553390593275,400.0,0.0,1.2263350665085648,21.205786437626905,0,1
2025-08-24 03:00:00,28.4,66.10000000000001,400.0,0.0,1.3115447999032523,21.62,0,1
2025-08-24 04:00:00,29.123542864692435,64.89409522551261,400.0,0.0,1.4163003188902927,22.10236190979496,0,1
2025-08-24 05:00:00,29.9,63.6,400.0,0.0,1.535638976337045,22.62,0,1
2025-08-24 06:00:00,30.67645713530756,62.3059047744874,400.0,0.0,1.6624979998277731,23.13763809020504,0,1
2025-08-24 07:00:00,32.75465888206659,60.42267055896671,396.61335279483353,67.73294410332967,1.9635647336024071,24.83919299385993,0,1
2025-08-24 08:00:00,34.63832034355964,58.75596609406726,393.4575,130.84999999999997,2.273062532542692,26.389513562373093,0,1
2025-08-24 09:00:00,36.1990731040837,57.41937453471262,390.7475077681741,185.04984463651948,2.557475984831186,27.682948011026227,0,1
2025-08-24 10:00:00,37.33055444227496,56.50398238685078,388.6680575914807,226.6388481703876,2.778819092611422,28.631350919645115,0,1
2025-08-24 11:00:00,37.95565577479698,56.07217211260151,387.3608605630075,252.7827887398492,2.9031414685186303,29.170090197317283,0,1
2025-08-24 12:00:00,38.031777478867205,56.15337086855466,386.915,261.7,2.9097277996168938,29.262451652578136,0,1
2025-08-24 13:00:00,37.5537319861503,56.74204509367932,387.3608605630075,252.7827887398492,2.7973000117174154,28.90214100488616,0,1
2025-08-24 14:00:00,33.521320343559644,64.66446609406727,440.0,226.6388481703876,1.8300690125988437,26.4542135623731,0,0
2025-08-24 15:00:00,32.9,65.7,440.0,185.04984463651948,1.715686508021227,26.04,0,0
2025-08-24 16:00:00,32.17645713530756,66.9059047744874,440.0,130.84999999999997,1.5893085209150473,25.55763809020504,0,0
2025-08-24 17:00:00,31.4,68.2,440.0,67.73294410332974,1.4615017066939187,25.04,0,0
2025-08-24 18:00:00,30.623542864692435,69.49409522551261,440.0,3.2049006733686234e-14,1.341405253123467,24.52236190979496,0,0
2025-08-24 19:00:00,29.9,70.7,440.0,0.0,1.2361050001833904,24.04,0,0
2025-08-24 20:00:00,29.27867965644036,71.73553390593274,440.0,0.0,1.1505451199060333,23.625786437626907,0,0
2025-08-24 21:00:00,28.801923788646683,72.5301270189222,440.0,0.0,1.087821672130735,23.307949192431124,0,0
2025-08-24 22:00:00,28.5022225211328,73.02962913144535,440.0,0.0,1.049654804890897,23.108148347421864,0,0
2025-08-24 23:00:00,28.4,73.2,440.0,0.0,1.03685547602971,23.04,0,0
2025-08-25 00:00:00,28.802222521132794,70.12962913144534,440.0,0.0,1.182903124563512,22.828148347421862,0,0
2025-08-25 01:00:00,27.601923788646683,65.0301270189222,400.0,0.0,1.291506255993509,20.60794919243112,0,1
2025-08-25 02:00:00,28.07867965644036,64.23553390593274,400.0,0.0,1.3580774547575685,20.925786437626904,0,1
2025-08-25 03:00:00,28.7,63.2,400.0,0.0,1.4487252890854982,21.34,0,1
2025-08-25 04:00:00,29.42354286469244,61.9940952255126,400.0,0.0,1.560055661837698,21.82236190979496,0,1
2025-08-25 05:00:00,30.2,60.7,400.0,0.0,1.6867493356961092,22.34,0,1
2025-08-25 06:00:00,30.97645713530756,59.40590477448739,400.0,0.0,1.821284224266809,22.85763809020504,0,1
2025-08-25 07:00:00,33.25446718488574,57.42276640755713,396.1138320377856,77.72335924428698,2.172457293357484,24.739020466397164,0,1
2025-08-25 08:00:00,35.32432034355964,55.66296609406726,392.4925,150.14999999999998,2.537965666223819,26.45691356237309,0,1
2025-08-25 09:00:00,37.04495953915973,54.24643131717461,389.382791680484,212.34416639032025,2.8779897621264703,27.894245802594646,0,1
2025-08-25 10:00:00,38.29912605399654,53.26969658098998,386.9966285621766,260.06742875646694,3.146193887660599,28.953065370194533,0,1
2025-08-25 11:00:00,39.00135051269215,52.799324743653926,385.4966237182696,290.06752563460725,3.300259968159786,29.561215461422933,0,1
2025-08-25 12:00:00,38.80038861836881,52.86737086855465,384.985,300.3,3.2601160579308837,29.67725165257813,0,1
2025-08-25 13:00:00,38.599426724045465,53.469197724731735,385.4966237182696,290.06752563460725,3.1838790438879543,29.29326626899181,0,1
2025-08-25 14:00:00,33.82132034355964,61.76446609406726,440.0,260.06742875646694,2.0137005518103552,26.17421356237309,0,0
2025-08-25 15:00:00,33.2,62.8,440.0,212.34416639032025,1.8923093685905752,25.76,0,0
2025-08-25 16:00:00,32.47645713530756,64.00590477448739,440.0,150.14999999999998,1.7580596451557988,25.27763809020504,0,0
2025-08-25 17:00:00,31.7,65.3,440.0,77.72335924428707,1.6221417826326827,24.76,0,0
2025-08-25 18:00:00,30.92354286469244,66.5940952255126,440.0,3.677614337839502e-14,1.4942708182299196,24.24236190979496,0,0
2025-08-25 19:00:00,30.2,67.8,440.0,0.0,1.382018539679764,23.76,0,0
2025-08-25 20:00:00,29.57867965644036,68.83553390593273,440.0,0.0,1.2907069755039948,23.345786437626906,0,0
2025-08-25 21:00:00,29.101923788646683,69.6301270189222,440.0,0.0,1.2237030157939908,23.027949192431123,0,0
2025-08-25 22:00:00,28.802222521132794,70.12962913144534,440.0,0.0,1.182903124563512,22.828148347421862,0,0
2025-08-25 23:00:00,28.7,70.3,440.0,0.0,1.169215790376068,22.76,0,0
2025-08-26 00:00:00,30.2022225211328,62.42962913144535,440.0,0.0,1.6127192121540939,22.688148347421865,0,0
2025-08-26 01:00:00,29.001923788646685,57.33012701892219,400.0,0.0,1.7094075745472441,20.467949192431124,0,1
2025-08-26 02:00:00,29.47867965644036,56.53553390593274,400.0,0.0,1.7897917078441907,20.785786437626907,0,1
2025-08-26 03:00:00,30.1,55.5,400.0,0.0,1.899021081520636,21.200000000000003,0,1
2025-08-26 04:00:00,30.82354286469244,54.294095225512606,400.0,0.0,2.0328417564589203,21.68236190979496,0,1
2025-08-26 05:00:00,31.6,53.0,400.0,0.0,2.1847243494132322,22.200000000000003,0,1
2025-08-26 06:00:00,32.37645713530756,51.705904774487394,400.0,0.0,2.3455785364267525,22.71763809020504,0,1
2025-08-26 07:00:00,34.50952851962833,49.79523574018584,396.4761787009292,70.4764259814164,2.747223519910827,24.4685756676655,0,1
2025-08-26 08:00:00,36.444320343559646,48.10296609406726,393.1925,136.14999999999998,3.1591641000953903,26.0649135623731,0,1
2025-08-26 09:00:00,38.048979741695256,46.74442121590684,390.3727411741452,192.5451765170969,3.5374076553947607,27.397863984876626,0,1
2025-08-26 10:00:00,39.21415182787726,45.81218369404963,388.2090641274749,235.81871745050265,3.832294936013088,28.376588566687182,0,1
2025-08-26 11:00:00,39.86043204997027,45.36978397501487,386.84891987507433,263.0216024985133,3.999438445762951,28.934388844973245,0,1
2025-08-26 12:00:00,39.9437774788672,45.70472046555378,386.385,272.3,3.9926261139425936,29.033251652578137,0,1
2025-08-26 13:00:00,39.45850826132359,46.03965695609268,386.84891987507433,263.0216024985133,3.866473212602893,28.666439652542124,0,1
2025-08-26 14:00:00,35.22132034355965,54.064466094067264,440.0,235.81871745050267,2.6145709744717505,26.0342135623731,0,0
2025-08-26 15:00:00,34.6,55.1,440.0,185.98435872525133,2.4693018335962362,25.62,0,0
2025-08-26 16:00:00,33.87645713530756,56.3059047744874,440.0,136.14999999999998,2.3082626905273806,25.13763809020504,0,0
2025-08-26 17:00:00,33.1,57.6,440.0,70.47642598141647,2.144774954106675,24.62,0,0
2025-08-26 18:00:00,32.32354286469244,58.89409522551261,440.0,3.334713234078243e-14,1.9905125871430753,24.102361909794965,0,0
2025-08-26 19:00:00,31.6,60.1,440.0,0.0,1.8546915221614462,23.62,0,0
2025-08-26 20:00:00,30.97867965644036,61.13553390593274,440.0,0.0,1.7439038086543557,23.205786437626905,0,0
2025-08-26 21:00:00,30.501923788646685,61.93012701892219,440.0,0.0,1.6624197339909101,22.88794919243112,0,0
2025-08-26 22:00:00,30.2022225211328,62.42962913144535,440.0,0.0,1.6127192121540939,22.688148347421865,0,0
2025-08-26 23:00:00,30.1,62.6,440.0,0.0,1.5960312010982427,22.62,0,0
2025-08-27 00:00:00,29.2022225211328,62.92962913144535,440.0,0.0,1.5023612379840756,21.788148347421867,0,0
2025-08-27 01:00:00,28.001923788646685,57.83012701892219,400.0,0.0,1.5941703916345895,19.56794919243112,0,1
2025-08-27 02:00:00,28.47867965644036,57.03553390593274,400.0,0.0,1.6698438526070225,19.885786437626905,0,1
2025-08-27 03:00:00,29.1,56.0,400.0,0.0,1.7727091462340279,20.3,0,1
2025-08-27 04:00:00,29.82354286469244,54.794095225512606,400.0,0.0,1.898787561372346,20.78236190979496,0,1
2025-08-27 05:00:00,30.6,53.5,400.0,0.0,2.0419507552233096,21.3,0,1
2025-08-27 06:00:00,31.376457135307565,52.205904774487394,400.0,0.0,2.1936434482518075,21.817638090205044,0,1
2025-08-27 07:00:00,32.59175618569479,50.75412190715261,398.770609535763,24.58780928473947,2.42097694875974,22.742580567125312,0,1
2025-08-27 08:00:00,33.67132034355965,49.48946609406726,397.625,47.49999999999999,2.6380057741560954,23.5692135623731,0,1
2025-08-27 09:00:00,34.54157909560776,48.49812153895059,396.6412427893639,67.17514421272202,2.823216317193991,24.24120340339788,0,1
2025-08-27 10:00:00,35.14322574605764,47.84764673495944,395.8863793320239,82.27241335952166,2.955653510963515,24.712755093049527,0,1
2025-08-27 11:00:00,35.43525906994923,47.58237046502538,395.4118523251269,91.7629534974615,3.018922864289566,24.95173316295431,0,1
2025-08-27 12:00:00,35.397777478867205,47.72037086855465,395.25,95.0,3.004762737877579,24.941851652578137,0,1
2025-08-27 13:00:00,35.03333528130255,49.796296694843726,395.4118523251269,91.7629534974615,2.827999258733595,24.683783970523187,0,1
2025-08-27 14:00:00,34.22132034355965,51.87222252113279,440.0,82.27241335952168,2.5917579183978816,25.1342135623731,0,0
2025-08-27 15:00:00,33.54888873943361,53.94814834742186,440.0,67.17514421272202,2.388756212180891,24.72,0,0
2025-08-27 16:00:00,32.87645713530756,56.02407417371093,440.0,47.49999999999999,2.1967711785731017,24.23763809020504,0,0
2025-08-27 17:00:00,32.1,58.1,440.0,24.587809284739496,2.003536561350672,23.72,0,0
2025-08-27 18:00:00,31.32354286469244,59.39409522551261,440.0,1.1634144591899856e-14,1.8581300112042203,23.20236190979496,0,0
2025-08-27 19:00:00,30.6,60.6,440.0,0.0,1.7301690270064174,22.72,0,0
2025-08-27 20:00:00,29.97867965644036,61.51506350946109,440.0,0.0,1.63094505219427,22.305786437626907,0,0
2025-08-27 21:00:00,29.501923788646685,62.43012701892219,440.0,0.0,1.5491344025591567,21.987949192431124,0,0
2025-08-27 22:00:00,29.2022225211328,62.92962913144535,440.0,0.0,1.5023612379840756,21.788148347421867,0,0
2025-08-27 23:00:00,29.1,63.1,440.0,0.0,1.486658352182628,21.72,0,0
2025-08-28 00:00:00,28.7022225211328,66.62962913144534,440.0,0.0,1.3138783646260177,22.028148347421865,0,0
2025-08-28 01:00:00,27.501923788646685,61.53012701892219,400.0,0.0,1.4124917933772345,19.807949192431124,0,1
2025-08-28 02:00:00,27.97867965644036,60.73553390593273,400.0,0.0,1.4823280317369258,20.125786437626907,0,1
2025-08-28 03:00:00,28.6,59.7,400.0,0.0,1.577345747367977,20.54,0,1
2025-08-28 04:00:00,29.35,58.4940952255126,400.0,0.0,1.6965181273796737,21.02236190979496,0,1
2025-08-28 05:00:00,30.1,57.2,400.0,0.0,1.8264742087434431,21.54,0,1
2025-08-28 06:00:00,30.876457135307565,55.90590477448739,400.0,0.0,1.9670774408906824,22.05763809020504,0,1
2025-08-28 07:00:00,32.31641111684378,54.34179444157811,398.20897220789055,35.820555842188874,2.210064489601703,23.184770005159404,0,1
2025-08-28 08:00:00,33.60532034355965,52.97246609406726,396.54,69.19999999999999,2.4470665253891295,24.19981356237309,0,1
2025-08-28 09:00:00,34.65534778167768,51.89123719591562,395.1068210741891,97.86357851621818,2.6538979643706733,25.033595220860807,0,1
2025-08-28 10:00:00,35.39493579654253,51.17179170971699,394.0071042058117,119.85791588376632,2.805953453589857,25.62929413848593,0,1
2025-08-28 11:00:00,35.77368268716814,50.863158656415926,393.31579328207965,133.68413435840705,2.8831641409350044,25.94631441845133,0,1
2025-08-28 12:00:00,35.76577747886721,50.98637086855465,393.08,138.4,2.874685288256498,25.963051652578137,0,1
2025-08-28 13:00:00,34.19807621135332,57.469872981077806,440.0,133.68413435840705,2.287357819025432,25.69205080756888,0,0
2025-08-28 14:00:00,33.72132034355965,58.26446609406726,440.0,119.85791588376632,2.185805523593131,25.3742135623731,0,0
2025-08-28 15:00:00,33.1,59.3,440.0,97.86357851621818,2.058781618682587,24.96,0,0
2025-08-28 16:00:00,32.37645713530756,60.50590477448739,440.0,69.19999999999999,1.9181745023689567,24.47763809020504,0,0
2025-08-28 17:00:00,31.6,61.8,440.0,35.82055584218891,1.7756695776082017,23.96,0,0
2025-08-28 18:00:00,30.82354286469244,63.0940952255126,440.0,1.6949111700199372e-14,1.6414479629194918,23.44236190979496,0,0
2025-08-28 19:00:00,30.1,64.3,440.0,0.0,1.5234843283210497,22.96,0,0
2025-08-28 20:00:00,29.47867965644036,65.33553390593273,440.0,0.0,1.4274228938584896,22.54578643762691,0,0
2025-08-28 21:00:00,29.001923788646685,66.1301270189222,440.0,0.0,1.356868754881984,22.22794919243113,0,0
2025-08-28 22:00:00,28.7022225211328,66.62962913144534,440.0,0.0,1.3138783646260177,22.028148347421865,0,0
2025-08-28 23:00:00,28.6,66.8,440.0,0.0,1.2994510871617084,21.96,0,0
2025-08-29 00:00:00,29.802222521132794,64.02962913144535,440.0,0.0,1.509017548797688,22.608148347421864,0,0
2025-08-29 01:00:00,28.601923788646683,58.93012701892219,400.0,0.0,1.6076579048148147,20.38794919243112,0,1
2025-08-29 02:00:00,29.07867965644036,58.13553390593274,400.0,0.0,1.684595496917042,20.705786437626905,0,1
2025-08-29 03:00:00,29.7,57.1,400.0,0.0,1.789186197362679,21.12,0,1
2025-08-29 04:00:00,30.42354286469244,55.89409522551261,400.0,0.0,1.917389101980833,21.60236190979496,0,1
2025-08-29 05:00:00,31.2,54.6,400.0,0.0,2.062975812337014,22.12,0,1
2025-08-29 06:00:00,31.97645713530756,53.3059047744874,400.0,0.0,2.2172473419069716,22.63763809020504,0,1
2025-08-29 07:00:00,33.77927541807751,51.56036229096125,397.3018114548062,53.96377090387558,2.5451326861050347,24.09134787626976,0,1
2025-08-29 08:00:00,35.40632034355964,50.02196609406727,394.7875,104.25,2.8738315664164538,25.410713562373097,0,1
2025-08-29 09:00:00,36.74671148890122,48.79555534230386,392.6284118061303,147.43176387739516,3.168921733980381,26.50582255736199,0,1
2025-08-29 10:00:00,37.70910341264831,47.964707901664106,390.9716851655472,180.56629668905543,3.3933566536979827,27.30204499298113,0,1
2025-08-29 11:00:00,38.22791069562542,47.58604465218729,389.9302232609365,201.39553478127075,3.51531810500744,27.74511962606288,0,1
2025-08-29 12:00:00,38.2677774788672,47.68537086855466,389.575,208.5,3.5162146071290206,27.804851652578133,0,1
2025-08-29 13:00:00,35.29807621135332,54.86987298107781,440.0,201.39553478127075,2.579628356906781,26.27205080756888,0,0
2025-08-29 14:00:00,34.82132034355964,55.66446609406727,440.0,180.56629668905543,2.4683321947520014,25.95421356237309,0,0
2025-08-29 15:00:00,34.2,56.7,440.0,147.43176387739516,2.3290122652278633,25.54,0,0
2025-08-29 16:00:00,33.47645713530756,57.9059047744874,440.0,104.25,2.174643803125985,25.05763809020504,0,0
2025-08-29 17:00:00,32.7,59.2,440.0,52.125000000000014,2.0180164603721575,24.540000000000003,0,0
2025-08-29 18:00:00,31.92354286469244,60.49409522551261,440.0,2.553388576222232e-14,1.870316525626528,24.02236190979496,0,0
2025-08-29 19:00:00,31.2,61.7,440.0,1.276694288111116e-14,1.7403518416851904,23.54,0,0
2025-08-29 20:00:00,30.57867965644036,62.73553390593274,440.0,0.0,1.6344003839012442,23.125786437626907,0,0
2025-08-29 21:00:00,30.101923788646683,63.530127018922194,440.0,0.0,1.556509986459137,22.807949192431124,0,0
2025-08-29 22:00:00,29.802222521132794,64.02962913144535,440.0,0.0,1.509017548797688,22.608148347421864,0,0
2025-08-29 23:00:00,29.7,64.2,440.0,0.0,1.4930737964005576,22.54,0,0
2025-08-30 00:00:00,29.602222521132795,69.92962913144534,440.0,0.0,1.2470819928272068,23.588148347421864,0,0
2025-08-30 01:00:00,28.401923788646684,64.8301270189222,400.0,0.0,1.3608264185451124,21.367949192431123,0,1
2025-08-30 02:00:00,28.87867965644036,64.03553390593274,400.0,0.0,1.4305510913132653,21.685786437626906,0,1
2025-08-30 03:00:00,29.5,63.0,400.0,0.0,1.525467623671037,22.1,0,1
2025-08-30 04:00:00,30.22354286469244,61.794095225512606,400.0,0.0,1.6420032584927855,22.58236190979496,0,1
2025-08-30 05:00:00,31.0,60.5,400.0,0.0,1.7745739391918403,23.1,0,1
2025-08-30 06:00:00,32.359777670261536,59.205904774487394,400.0,0.0,1.9794522385247972,23.61763809020504,0,1
2025-08-30 07:00:00,33.71955534052308,57.390222329738464,396.9511116486923,60.97776702615389,2.2313723433288066,25.197599806470773,0,1
2025-08-30 08:00:00,35.47732034355965,55.78646609406727,394.11,117.79999999999998,2.552325863489586,26.6346135623731,0,1
2025-08-30 09:00:00,36.92996336430433,54.5039294046023,391.6702821176225,166.5943576475506,2.8439219800684548,27.830749245224787,0,1
2025-08-30 10:00:00,37.97848918149948,53.63001501723852,389.79822074341934,204.0355851316137,3.068327842616864,28.70449218494718,0,1
2025-08-30 11:00:00,38.55144249347409,53.22427875326296,388.6213937663148,227.57212467370448,3.1923784687917265,29.196298244126684,0,1
2025-08-30 12:00:00,38.6097774788672,53.314370868554654,388.22,235.6,3.1962536932746923,29.272651652578134,0,1
2025-08-30 13:00:00,35.09807621135332,60.76987298107781,440.0,227.57212467370448,2.217770113826452,27.25205080756888,0,0
2025-08-30 14:00:00,34.621320343559645,61.564466094067264,440.0,204.0355851316137,2.116284206728853,26.9342135623731,0,0
2025-08-30 15:00:00,34.0,62.6,440.0,166.5943576475506,1.9894033184875939,26.52,0,0
2025-08-30 16:00:00,33.27645713530757,63.8059047744874,440.0,117.79999999999998,1.8490393896467403,26.037638090205046,0,0
2025-08-30 17:00:00,32.5,65.1,440.0,60.97776702615395,1.7068818466579865,25.52,0,0
2025-08-30 18:00:00,31.72354286469244,66.39409522551261,440.0,2.885267858791164e-14,1.5730913581974595,25.00236190979496,0,0
2025-08-30 19:00:00,31.0,67.6,440.0,0.0,1.4555998893624211,24.52,0,0
2025-08-30 20:00:00,30.37867965644036,68.63553390593273,440.0,0.0,1.3599946975202415,24.105786437626904,0,0
2025-08-30 21:00:00,29.901923788646684,69.43012701892219,440.0,0.0,1.2898206760530528,23.78794919243112,0,0
2025-08-30 22:00:00,29.602222521132795,69.92962913144534,440.0,0.0,1.2470819928272068,23.588148347421864,0,0
2025-08-30 23:00:00,29.5,70.1,440.0,0.0,1.2327427553449732,23.52,0,0
2025-08-31 00:00:00,29.602222521132795,69.52962913144535,440.0,0.0,1.2636708403446317,23.508148347421866,0,0
2025-08-31 01:00:00,28.401923788646684,64.4301270189222,400.0,0.0,1.3763036017499222,21.287949192431125,0,1
2025-08-31 02:00:00,28.87867965644036,63.63553390593274,400.0,0.0,1.4464618081588492,21.605786437626904,0,1
2025-08-31 03:00:00,29.5,62.6,400.0,0.0,1.5419591655485618,22.02,0,1
2025-08-31 04:00:00,30.22354286469244,61.39409522551261,400.0,0.0,1.6591943525729782,22.50236190979496,0,1
2025-08-31 05:00:00,31.0,60.1,400.0,0.0,1.7925443081963146,23.02,0,1
2025-08-31 06:00:00,31.776457135307563,58.8059047744874,400.0,0.0,1.9340795508897737,23.537638090205043,0,1
2025-08-31 07:00:00,33.611886617760426,57.044056691119785,397.2202834555989,55.59433088802146,2.2360219879388206,25.02069795598438,0,1
2025-08-31 08:00:00,35.26932034355964,55.49046609406727,394.63,107.4,2.5401234293638133,26.36741356237309,0,1
2025-08-31 09:00:00,36.63580694333073,54.25100761508911,392.4056731700565,151.88653659887044,2.8142069051129694,27.48600846634855,0,1
2025-08-31 10:00:00,37.61822261352516,53.41014830122568,390.6988871633552,186.02225673289743,3.0233151460220515,28.30025227377029,0,1
2025-08-31 11:00:00,38.14961734973784,53.02519132513108,389.6259566256554,207.4808674868919,3.1372320059638517,28.75465561476405,0,1
2025-08-31 12:00:00,38.1937774788672,53.122370868554654,389.26,214.8,3.1382171824234555,28.81825165257813,0,1
2025-08-31 13:00:00,35.09807621135332,60.36987298107781,440.0,207.4808674868919,2.24038304202581,27.17205080756888,0,0
2025-08-31 14:00:00,34.621320343559645,61.16446609406727,440.0,186.02225673289743,2.1383084534783134,26.854213562373097,0,0
2025-08-31 15:00:00,34.0,62.2,440.0,151.88653659887044,2.0106803593270337,26.44,0,0
2025-08-31 16:00:00,33.27645713530757,63.4059047744874,440.0,107.4,1.8694740973318036,25.957638090205045,0,0
2025-08-31 17:00:00,32.5,64.7,440.0,55.59433088802152,1.7264449623789944,25.44,0,0
2025-08-31 18:00:00,31.72354286469244,65.99409522551261,440.0,2.6305413245685156e-14,1.5918153457675457,24.92236190979496,0,0
2025-08-31 19:00:00,31.0,67.2,440.0,0.0,1.473570258366895,24.44,0,0
2025-08-31 20:00:00,30.37867965644036,68.23553390593274,440.0,0.0,1.3773390985815106,24.025786437626905,0,0
2025-08-31 21:00:00,29.901923788646684,69.0301270189222,440.0,0.0,1.306697693198023,23.707949192431123,0,0
2025-08-31 22:00:00,29.602222521132795,69.52962913144535,440.0,0.0,1.2636708403446317,23.508148347421866,0,0
2025-08-31 23:00:00,29.5,69.7,440.0,0.0,1.2492342972224977,23.44,0,0
2025-09-01 00:00:00,29.4022225211328,69.12962913144534,440.0,0.0,1.2656028124374983,23.228148347421865,0,0
2025-09-01 01:00:00,28.201923788646685,64.03012701892219,400.0,0.0,1.3757036739710424,21.00794919243112,0,1
2025-09-01 02:00:00,28.67867965644036,63.23553390593273,400.0,0.0,1.4455401077966208,21.325786437626903,0,1
2025-09-01 03:00:00,29.3,62.2,400.0,0.0,1.5405953997776518,21.74,0,1
2025-09-01 04:00:00,30.02354286469244,60.9940952255126,400.0,0.0,1.6572821464852883,22.22236190979496,0,1
2025-09-01 05:00:00,30.8,59.7,400.0,0.0,1.7900015129134403,22.74,0,1
2025-09-01 06:00:00,31.576457135307564,58.40590477448739,400.0,0.0,1.9308606144639648,23.25763809020504,0,1
2025-09-01 07:00:00,33.41654536057227,56.64172731971386,397.2086365985693,55.82726802861372,2.2324629849717095,24.744890824515043,0,1
2025-09-01 08:00:00,35.07832034355964,55.08596609406726,394.6075,107.84999999999998,2.5363253772885552,26.09551356237309,0,1
2025-09-01 09:00:00,36.44853486539208,53.84464365405842,391.695030854964,152.52293270193832,2.810294638379735,27.21746359620376,0,1
2025-09-01 10:00:00,37.43381107079328,53.002354072591615,390.6599160201848,186.8016795963034,3.0194137314486507,28.0342818853116,0,1
2025-09-01 11:00:00,37.96700401461104,52.61649799269448,389.5824899634724,208.350200730552,3.1334458664959164,28.49030361314993,0,1
2025-09-01 12:00:00,36.43254011298218,56.293185486886145,389.215,215.7,2.658881593663981,28.55445165257814,0,1
2025-09-01 13:00:00,34.89807621135331,59.969872981077806,440.0,208.350200730552,2.2381179070433252,26.892050807568875,0,0
2025-09-01 14:00:00,34.42132034355964,60.76446609406726,440.0,186.80167959630344,2.1365003361872246,26.574213562373096,0,0
2025-09-01 15:00:00,33.8,61.8,440.0,152.52293270193832,2.009438990323182,26.16,0,0
2025-09-01 16:00:00,33.076457135307564,63.00590477448739,440.0,107.84999999999998,1.8688530188555406,25.677638090205043,0,0
2025-09-01 17:00:00,32.3,64.3,440.0,55.82726802861378,1.7264439766915862,25.16,0,0
2025-09-01 18:00:00,31.52354286469244,65.5940952255126,440.0,2.6415631457608407e-14,1.5923893966666547,24.64236190979496,0,0
2025-09-01 19:00:00,30.8,66.8,440.0,0.0,1.4746414448815441,24.16,0,0
2025-09-01 20:00:00,30.17867965644036,67.83553390593273,440.0,0.0,1.378808660861395,23.745786437626904,0,0
2025-09-01 21:00:00,29.701923788646685,68.6301270189222,440.0,0.0,1.308455739233914,23.42794919243112,0,0
2025-09-01 22:00:00,29.4022225211328,69.12962913144534,440.0,0.0,1.2656028124374983,23.228148347421865,0,0
2025-09-01 23:00:00,29.3,69.3,440.0,0.0,1.2512243061686221,23.16,0,0
2025-09-02 00:00:00,30.102222521132795,62.62962913144534,440.0,0.0,1.5949699470676162,22.628148347421863,0,0
2025-09-02 01:00:00,28.901923788646684,57.53012701892219,400.0,0.0,1.6915879015103288,20.40794919243112,0,1
2025-09-02 02:00:00,29.37867965644036,56.73553390593273,400.0,0.0,1.7713231253434796,20.725786437626905,0,1
2025-09-02 03:00:00,30.0,55.7,400.0,0.0,1.8796778210302427,21.14,0,1
2025-09-02 04:00:00,30.72354286469244,54.4940952255126,400.0,0.0,2.012437287486793,21.62236190979496,0,1
2025-09-02 05:00:00,31.5,53.2,400.0,0.0,2.163128246615936,22.14,0,1
2025-09-02 06:00:00,32.27645713530756,51.90590477448739,400.0,0.0,2.3227340668646024,22.65763809020504,0,1
2025-09-02 07:00:00,34.315836025301216,50.04208198734939,396.7104099367469,65.79180126506077,2.7044809497174307,24.324252422771096,0,1
2025-09-02 08:00:00,36.16332034355965,48.39346609406726,393.645,127.09999999999998,3.093523474709789,25.842013562373097,0,1
2025-09-02 09:00:00,37.69300708690572,47.0724075433016,391.012672811119,179.7465437776204,3.4485365317799683,27.107488595566043,0,1
2025-09-02 10:00:00,38.80065063170729,46.16893429213461,388.9928171178998,220.14365764200429,3.72349255625802,28.034437490134213,0,1
2025-09-02 11:00:00,39.41076690085362,45.74461654957319,387.72308274786593,245.5383450426812,3.877694610410328,28.55969021076826,0,1
2025-09-02 12:00:00,39.4817774788672,45.82837086855465,387.29,254.2,3.8864479178021494,28.64745165257813,0,1
2025-09-02 13:00:00,35.59807621135332,53.469872981077806,440.0,245.5383450426812,2.7039727527351363,26.29205080756888,0,0
2025-09-02 14:00:00,35.121320343559645,54.26446609406726,440.0,220.1436576420043,2.5888570043300363,25.97421356237309,0,0
2025-09-02 15:00:00,34.5,55.3,440.0,179.7465437776204,2.4447082184890374,25.56,0,0
2025-09-02 16:00:00,33.77645713530757,56.50590477448739,440.0,127.09999999999998,2.2849230690849454,25.07763809020505,0,0
2025-09-02 17:00:00,33.0,57.8,440.0,65.79180126506084,2.1227223697460915,24.56,0,0
2025-09-02 18:00:00,32.22354286469243,59.0940952255126,440.0,3.113052163432572e-14,1.9696884765474514,24.042361909794955,0,0
2025-09-02 19:00:00,31.5,60.3,440.0,0.0,1.8349613545011254,23.56,0,0
2025-09-02 20:00:00,30.87867965644036,61.335533905932735,440.0,0.0,1.7250752378032028,23.145786437626903,0,0
2025-09-02 21:00:00,30.401923788646684,62.13012701892219,440.0,0.0,1.6442600016043565,22.82794919243112,0,0
2025-09-02 22:00:00,30.102222521132795,62.62962913144534,440.0,0.0,1.5949699470676162,22.628148347421863,0,0
2025-09-02 23:00:00,30.0,62.8,440.0,0.0,1.5784202018583529,22.56,0,0
2025-09-03 00:00:00,29.802222521132794,62.329629131445344,440.0,0.0,1.5803354076635439,22.268148347421864,0,0
2025-09-03 01:00:00,28.601923788646683,57.23012701892219,400.0,0.0,1.6742034828701542,20.04794919243112,0,1
2025-09-03 02:00:00,29.07867965644036,56.435533905932736,400.0,0.0,1.7530022535761176,20.365786437626905,0,1
2025-09-03 03:00:00,29.7,55.4,400.0,0.0,1.860086349705723,20.78,0,1
2025-09-03 04:00:00,30.42354286469244,54.194095225512605,400.0,0.0,1.9912921653015718,21.26236190979496,0,1
2025-09-03 05:00:00,31.2,52.9,400.0,0.0,2.140223805309986,21.78,0,1
2025-09-03 06:00:00,31.97645713530756,51.60590477448739,400.0,0.0,2.2979710493273138,22.29763809020504,0,1
2025-09-03 07:00:00,33.90557911208754,49.797210443956224,396.98605221978113,60.27895560437708,2.6564099379605675,23.865021200878783,0,1
2025-09-03 08:00:00,35.65032034355964,48.199966094067264,394.1775,116.45,3.0188841162877527,25.290313562373093,0,1
2025-09-03 09:00:00,37.091779598120254,46.92302128769434,391.7657415330826,164.68516933834692,3.3471674591691203,26.47638385565912,0,1
2025-09-03 10:00:00,38.13172380969512,46.053397703140696,389.9151341729302,201.69731654139576,3.5993654278544462,27.342403350323256,0,1
2025-09-03 11:00:00,38.69928249885449,45.65035875057276,388.7517937528638,224.96412494272403,3.7389239953656728,27.82935424896904,0,1
2025-09-03 12:00:00,38.7557774788672,45.741370868554654,388.355,232.9,3.7440228015236885,27.904051652578133,0,1
2025-09-03 13:00:00,35.29807621135332,53.16987298107781,440.0,224.96412494272403,2.6767999913872877,25.93205080756888,0,0
2025-09-03 14:00:00,34.82132034355964,53.96446609406726,440.0,201.6973165413958,2.5629778291088923,25.61421356237309,0,0
2025-09-03 15:00:00,34.2,55.0,440.0,164.68516933834692,2.4204515458488185,25.2,0,0
2025-09-03 16:00:00,33.47645713530756,56.205904774487394,440.0,116.45,2.2624683411166138,24.717638090205043,0,0
2025-09-03 17:00:00,32.7,57.5,440.0,60.278955604377146,2.1021004795543314,24.200000000000003,0,0
2025-09-03 18:00:00,31.92354286469244,58.794095225512606,440.0,2.8522023952141856e-14,1.9507991297262175,23.68236190979496,0,0
2025-09-03 19:00:00,31.2,60.0,440.0,0.0,1.8175998346581623,23.2,0,0
2025-09-03 20:00:00,30.57867965644036,61.03553390593274,440.0,0.0,1.7089615126081028,22.785786437626903,0,0
2025-09-03 21:00:00,30.101923788646683,61.83012701892219,440.0,0.0,1.6290648587602672,22.46794919243112,0,0
2025-09-03 22:00:00,29.802222521132794,62.329629131445344,440.0,0.0,1.5803354076635439,22.268148347421864,0,0
2025-09-03 23:00:00,29.7,62.5,440.0,0.0,1.5639739487436009,22.2,0,0
2025-09-04 00:00:00,30.0022225211328,61.22962913144534,440.0,0.0,1.6452617804046634,22.24814834742186,0,0
2025-09-04 01:00:00,28.801923788646683,56.13012701892219,400.0,0.0,1.7372704495325473,20.02794919243112,0,1
2025-09-04 02:00:00,29.27867965644036,55.335533905932735,400.0,0.0,1.8181303452437785,20.345786437626906,0,1
2025-09-04 03:00:00,29.9,54.3,400.0,0.0,1.9279862972143673,20.76,0,1
2025-09-04 04:00:00,30.623542864692435,53.0940952255126,400.0,0.0,2.0625458425880696,21.24236190979496,0,1
2025-09-04 05:00:00,31.4,51.8,400.0,0.0,2.215232146624116,21.76,0,1
2025-09-04 06:00:00,32.17645713530756,50.50590477448739,400.0,0.0,2.376900977073609,22.27763809020504,0,1
2025-09-04 07:00:00,34.207036177767726,48.64648191111613,396.7324095555807,65.35180888838649,2.7632741076434364,23.93633255999095,0,1
2025-09-04 08:00:00,36.04632034355964,47.00196609406726,393.6875,126.25,3.1566228524643978,25.44671356237309,0,1
2025-09-04 09:00:00,37.56896545634538,45.684428358581776,391.0727768875198,178.54446224960327,3.5152506353052204,26.70585112806173,0,1
2025-09-04 10:00:00,38.67120576797862,44.78365672399895,389.0664292772215,218.67141445557075,3.7928138534295566,27.627937112778408,0,1
2025-09-04 11:00:00,39.27792542275979,44.3610372886201,387.8051864431005,243.8962711379897,3.948393779896218,27.932394382678268,0,1
2025-09-04 12:00:00,39.3477774788672,44.445370868554654,387.375,243.8962711379897,3.9571865161502724,28.23685165257813,0,1
2025-09-04 13:00:00,35.498076211353315,52.06987298107781,440.0,243.8962711379897,2.7700391770945734,25.912050807568875,0,0
2025-09-04 14:00:00,35.021320343559644,52.86446609406726,440.0,218.6714144555708,2.653405481624531,25.594213562373096,0,0
2025-09-04 15:00:00,34.4,53.9,440.0,178.54446224960327,2.507323282583091,25.18,0,0
2025-09-04 16:00:00,33.67645713530756,55.10590477448739,440.0,126.25,2.3453492218106327,24.69763809020504,0,0
2025-09-04 17:00:00,32.9,56.4,440.0,65.35180888838656,2.180872645764592,24.18,0,0
2025-09-04 18:00:00,32.12354286469244,57.694095225512605,440.0,3.0922331678470675e-14,2.025636599234303,23.66236190979496,0,0
2025-09-04 19:00:00,31.4,58.9,440.0,0.0,1.8889220171421406,23.18,0,0
2025-09-04 20:00:00,30.77867965644036,59.935533905932736,440.0,0.0,1.777377758425454,22.765786437626904,0,0
2025-09-04 21:00:00,30.301923788646683,60.73012701892219,440.0,0.0,1.6953199428298145,22.44794919243112,0,0
2025-09-04 22:00:00,30.0022225211328,61.22962913144534,440.0,0.0,1.6452617804046634,22.24814834742186,0,0
2025-09-04 23:00:00,29.9,61.4,440.0,0.0,1.6284523210607127,22.18,0,0
2025-09-05 00:00:00,29.9022225211328,65.52962913144535,440.0,0.0,1.4544175393108174,23.008148347421866,0,0
2025-09-05 01:00:00,28.701923788646685,60.43012701892219,400.0,0.0,1.557941944056505,20.78794919243112,0,1
2025-09-05 02:00:00,29.17867965644036,59.63553390593274,400.0,0.0,1.6336410072999719,21.105786437626907,0,1
2025-09-05 03:00:00,29.8,58.6,400.0,0.0,1.736577900919777,21.520000000000003,0,1
2025-09-05 04:00:00,30.52354286469244,57.39409522551261,400.0,0.0,1.862796977747515,22.00236190979496,0,1
2025-09-05 05:00:00,31.3,56.1,400.0,0.0,2.0061836363658077,22.520000000000003,0,1
2025-09-05 06:00:00,32.076457135307564,54.8059047744874,400.0,0.0,2.1581794148007902,23.037638090205043,0,1
2025-09-05 07:00:00,34.11376547294039,52.94311726352981,396.715586317649,65.68827364701977,2.5189770064917316,24.70238892564636,0,1
2025-09-05 08:00:00,35.95932034355964,51.29546609406727,393.655,126.9,2.88708320270794,26.21841356237309,0,1
2025-09-05 09:00:00,37.48735023265623,49.975235970426354,391.0268149467427,179.46370106514578,3.223248545860475,27.482397426741496,0,1
2025-09-05 10:00:00,38.59372242847702,49.07239839374975,389.01013762597546,219.7972474804905,3.4836608339367334,28.408202107226973,0,1
2025-09-05 11:00:00,39.203039494243306,48.64848025287834,387.7424012643917,245.15197471216555,3.6295425886201644,28.93273554481897,0,1
2025-09-05 12:00:00,39.27377747886721,48.73237086855466,387.31,253.8,3.637375664507444,29.020251652578143,0,1
2025-09-05 13:00:00,35.39807621135331,56.36987298107781,440.0,245.15197471216555,2.5076753676311943,26.67205080756888,0,0
2025-09-05 14:00:00,34.92132034355964,57.16446609406727,440.0,219.7972474804905,2.3980514399721633,26.354213562373097,0,0
2025-09-05 15:00:00,34.3,58.2,440.0,179.46370106514578,2.2608607475987843,25.94,0,0
2025-09-05 16:00:00,33.576457135307564,59.4059047744874,440.0,126.9,2.1089019347625304,25.457638090205045,0,0
2025-09-05 17:00:00,32.8,60.7,440.0,65.68827364701984,1.9547788533883,24.94,0,0
2025-09-05 18:00:00,32.02354286469244,61.99409522551261,440.0,3.1081535762359824e-14,1.8095009277736385,24.42236190979496,0,0
2025-09-05 19:00:00,31.3,63.2,440.0,0.0,1.68172113481234,23.94,0,0
2025-09-05 20:00:00,30.67867965644036,63.97654304381512,440.0,0.0,1.5890160321229143,23.525786437626905,0,0
2025-09-05 21:00:00,30.201923788646685,64.75308608763024,440.0,0.0,1.5129582543605773,23.207949192431123,0,0
2025-09-05 22:00:00,29.9022225211328,65.52962913144535,440.0,0.0,1.4544175393108174,23.008148347421866,0,0
2025-09-05 23:00:00,29.8,65.7,440.0,0.0,1.438758985544646,22.94,0,0
2025-09-06 00:00:00,28.0022225211328,76.42962913144534,440.0,0.0,0.8910589071841243,23.28814834742186,0,0
2025-09-06 01:00:00,26.801923788646683,71.3301270189222,400.0,0.0,1.0103601296321751,21.06794919243112,0,1
2025-09-06 02:00:00,27.27867965644036,70.53553390593274,400.0,0.0,1.0678063794634873,21.385786437626905,0,1
2025-09-06 03:00:00,27.9,69.5,400.0,0.0,1.146183018816574,21.8,0,1
2025-09-06 04:00:00,28.623542864692435,68.2940952255126,400.0,0.0,1.2426665260641758,22.28236190979496,0,1
2025-09-06 05:00:00,29.4,67.0,400.0,0.0,1.3527386908666388,22.8,0,1
2025-09-06 06:00:00,30.17645713530756,65.43838186969656,400.0,0.0,1.481379851397906,23.31763809020504,0,1
2025-09-06 07:00:00,32.14647252121374,63.87676373939312,396.8838186969657,62.323626060687,1.7318463731049243,24.921825269092363,0,1
2025-09-06 08:00:00,33.92932034355964,62.260466094067255,393.98,120.4,1.999577382587656,26.38141356237309,0,1
2025-09-06 09:00:00,35.40350246954773,60.9671598519806,391.486434354514,170.27131290972068,2.244113703021094,27.43348286255725,0,1
2025-09-06 10:00:00,36.46855582349306,60.08498169624172,389.57305413843534,208.53891723129283,2.432996869265301,28.485552162741406,0,1
2025-09-06 11:00:00,37.05189877940815,59.67405061029592,388.3702530514796,232.59493897040767,2.5375403766174145,28.98670890146733,0,1
2025-09-06 12:00:00,37.113777478867206,59.76237086855465,387.96,240.8,2.5405257456896413,29.06625165257813,0,1
2025-09-06 13:00:00,33.498076211353315,67.26987298107781,440.0,232.59493897040767,1.6929315405809413,26.95205080756888,0,0
2025-09-06 14:00:00,33.02132034355964,68.06446609406726,440.0,208.53891723129288,1.6083266395912865,26.634213562373088,0,0
2025-09-06 15:00:00,32.4,69.1,440.0,170.27131290972068,1.5027631601983378,26.22,0,0
2025-09-06 16:00:00,31.67645713530756,70.30590477448739,440.0,120.4,1.386277948231146,25.73763809020504,0,0
2025-09-06 17:00:00,30.9,71.6,440.0,62.32362606068706,1.2686503406523038,25.22,0,0
2025-09-06 18:00:00,30.123542864692435,72.8940952255126,440.0,2.9489494923468267e-14,1.15829624808343,24.70236190979496,0,0
2025-09-06 19:00:00,29.4,74.1,440.0,0.0,1.0616949119226045,24.22,0,0
2025-09-06 20:00:00,28.77867965644036,75.0150635094611,440.0,0.0,0.9880866094574489,23.805786437626903,0,0
2025-09-06 21:00:00,28.301923788646683,75.93012701892219,440.0,0.0,0.9259418444959212,23.48794919243112,0,0
2025-09-06 22:00:00,28.0022225211328,76.42962913144534,440.0,0.0,0.8910589071841243,23.28814834742186,0,0
2025-09-06 23:00:00,27.9,76.6,440.0,0.0,0.8793666439445192,23.22,0,0
2025-09-07 00:00:00,27.102222521132795,84.22962913144535,440.0,0.0,0.5656481700290327,22.473974596215562,0,0
2025-09-07 01:00:00,25.901923788646684,79.13012701892221,400.0,0.0,0.6974712676494093,21.72794919243113,0,1
2025-09-07 02:00:00,26.37867965644036,78.33553390593275,400.0,0.0,0.7446996071484093,22.04578643762691,0,1
2025-09-07 03:00:00,27.0,77.30000000000001,400.0,0.0,0.8093322199090616,22.46,0,1
2025-09-07 04:00:00,27.72354286469244,76.09409522551262,400.0,0.0,0.8891824427976258,22.94236190979496,0,1
2025-09-07 05:00:00,28.5,74.80000000000001,400.0,0.0,0.980627641858674,23.46,0,1
2025-09-07 06:00:00,29.276457135307563,73.5059047744874,400.0,0.0,1.0783414458989875,23.977638090205044,0,1
2025-09-07 07:00:00,31.228355188056565,71.68582240597173,396.9291120298586,61.417759402828175,1.2886714106427273,25.56551966925091,0,1
2025-09-07 08:00:00,32.99432034355964,70.07796609406728,394.0675,118.65,1.5046430915812175,27.0099135623731,0,1
2025-09-07 09:00:00,34.45400499486467,68.79190858932213,391.6101780412216,167.79643917556774,1.7024658646913433,28.212386712729096,0,1
2025-09-07 10:00:00,35.507934045228154,67.91529258537419,389.7246085840976,205.5078283180473,1.855287283855183,29.090992562303,0,1
2025-09-07 11:00:00,36.08428397156792,67.50785801421605,388.5392900710802,229.21419857839592,1.9393020693024838,29.58585557441113,0,1
2025-09-07 12:00:00,36.14377747886721,67.59737086855466,388.135,237.3,1.940277386954521,29.66325165257814,0,1
2025-09-07 13:00:00,32.59807621135332,75.06987298107781,440.0,229.21419857839592,1.2260259993393696,27.61205080756888,0,0
2025-09-07 14:00:00,32.121320343559645,75.86446609406727,440.0,205.5078283180473,1.1554814122976482,27.2942135623731,0,0
2025-09-07 15:00:00,31.5,76.9,440.0,167.79643917556774,1.0676979165988916,26.880000000000003,0,0
2025-09-07 16:00:00,30.776457135307563,78.1059047744874,440.0,118.65,0.9711634776465957,26.39763809020504,0,0
2025-09-07 17:00:00,30.0,79.4,440.0,61.41775940282824,0.8740714021043565,25.880000000000003,0,0
2025-09-07 18:00:00,29.22354286469244,80.69409522551261,440.0,2.9060868543766694e-14,0.7833788345660623,25.36236190979496,0,0
2025-09-07 19:00:00,28.5,81.9,440.0,0.0,0.7043396951445239,24.880000000000003,0,0
2025-09-07 20:00:00,27.87867965644036,82.93553390593274,440.0,0.0,0.6404824803141269,24.465786437626907,0,0
2025-09-07 21:00:00,27.401923788646684,83.7301270189222,440.0,0.0,0.5938956546626456,24.147949192431124,0,0
2025-09-07 22:00:00,27.102222521132795,84.22962913144535,440.0,0.0,0.5656481700290327,23.948148347421863,0,0
2025-09-07 23:00:00,27.0,84.4,440.0,0.0,0.5561930674264917,23.880000000000003,0,0
2025-09-08 00:00:00,28.102222521132795,82.22962913144535,440.0,0.0,0.6757160137640464,24.548148347421865,0,0
2025-09-08 01:00:00,26.901923788646684,77.13012701892221,400.0,0.0,0.81070887525389,22.327949192431127,0,1
2025-09-08 02:00:00,27.37867965644036,76.33553390593275,400.0,0.0,0.8626451939198768,22.64578643762691,0,1
2025-09-08 03:00:00,28.0,75.30000000000001,400.0,0.0,0.9336427999068295,23.06,0,1
2025-09-08 04:00:00,28.72354286469244,74.09409522551262,400.0,0.0,1.0212431058570695,23.542361909794963,0,1
2025-09-08 05:00:00,29.5,72.80000000000001,400.0,0.0,1.1214248476716808,24.06,0,1
2025-09-08 06:00:00,30.276457135307563,71.5059047744874,400.0,0.0,1.2283271118048467,24.57763809020504,0,1
2025-09-08 07:00:00,32.324118234744496,69.74568543427733,396.6897044131388,66.20591173722481,1.465082635666688,26.25170641127005,0,1
2025-09-08 08:00:00,34.17932034355964,67.98546609406728,393.605,127.9,1.7200129063900662,27.776413562373094,0,1
2025-09-08 09:00:00,35.71563450390369,66.66109383480263,390.9561042686241,180.8779146275189,1.9499689448082524,29.04785327086422,0,1
2025-09-08 10:00:00,36.8283634446284,65.75507788567407,388.92353508559705,221.5292982880594,2.1287982642195824,29.979379021763208,0,1
2025-09-08 11:00:00,37.44167652729488,65.32916173635257,387.6458086817628,247.0838263647437,2.2284163059887923,30.50750887456539,0,1
2025-09-08 12:00:00,37.513777478867205,65.41237086855466,387.21,255.8,2.231785240621795,30.596251652578136,0,1
2025-09-08 13:00:00,33.59807621135332,73.06987298107781,440.0,247.0838263647437,1.4007359876920245,28.21205080756888,0,0
2025-09-08 14:00:00,33.121320343559645,73.86446609406727,440.0,221.52929828805944,1.3236287566127538,27.8942135623731,0,0
2025-09-08 15:00:00,32.5,74.9,440.0,180.8779146275189,1.2275855114932788,27.48,0,0
2025-09-08 16:00:00,31.776457135307563,76.1059047744874,440.0,127.9,1.1218375038871085,26.997638090205044,0,0
2025-09-08 17:00:00,31.0,77.4,440.0,66.20591173722488,1.0153258487527996,26.48,0,0
2025-09-08 18:00:00,30.22354286469244,78.69409522551261,440.0,3.1326465122189294e-14,0.9156795336046235,25.96236190979496,0,0
2025-09-08 19:00:00,29.5,79.9,440.0,0.0,0.8286999793456172,25.48,0,0
2025-09-08 20:00:00,28.87867965644036,80.93553390593274,440.0,0.0,0.7583233045873463,25.065786437626908,0,0
2025-09-08 21:00:00,28.401923788646684,81.7301270189222,440.0,0.0,0.7069154281418818,24.747949192431125,0,0
2025-09-08 22:00:00,28.102222521132795,82.22962913144535,440.0,0.0,0.6757160137640464,24.548148347421865,0,0
2025-09-08 23:00:00,28.0,82.4,440.0,0.0,0.665267744063166,24.48,0,0
2025-09-09 00:00:00,28.602222521132795,78.82962913144534,440.0,0.0,0.8287170358546737,24.368148347421865,0,0
2025-09-09 01:00:00,27.401923788646684,73.7301270189222,400.0,0.0,0.9589234919133475,22.147949192431124,0,1
2025-09-09 02:00:00,27.87867965644036,72.93553390593274,400.0,0.0,1.0158135787402307,22.465786437626907,0,1
2025-09-09 03:00:00,28.5,71.9,400.0,0.0,1.0934776482630453,22.880000000000003,0,1
2025-09-09 04:00:00,29.22354286469244,70.69409522551261,400.0,0.0,1.1891504592149578,23.36236190979496,0,1
2025-09-09 05:00:00,30.0,69.4,400.0,0.0,1.2983779079802578,23.880000000000003,0,1
2025-09-09 06:00:00,30.776457135307563,68.1059047744874,400.0,0.0,1.414736718579121,24.39763809020504,0,1
2025-09-09 07:00:00,32.839129739360445,66.23043513031979,396.6521756515989,66.95648696802212,1.6833911197649953,26.0852167654244,0,1
2025-09-09 08:00:00,34.70832034355964,64.57096609406727,393.5325,129.34999999999997,1.9601705486029057,27.622513562373097,0,1
2025-09-09 09:00:00,36.04345663080377,63.2405877381482,390.853573785352,182.92852429295985,2.1890883071410143,28.90476424484215,0,1
2025-09-09 10:00:00,37.37859291804789,62.32996314896431,388.79796140204826,224.04077195903423,2.4129050974942508,29.844585547840754,0,1
2025-09-09 11:00:00,37.99770022521964,61.901149887390176,387.5057494369509,249.885011260982,2.523642627179317,30.37793020269768,0,1
2025-09-09 12:00:00,38.071777478867205,61.98337086855465,387.065,258.7,2.5283008071780215,30.46845165257813,0,1
2025-09-09 13:00:00,34.09807621135332,69.6698729810778,440.0,249.885011260982,1.6221693512930448,28.03205080756888,0,0
2025-09-09 14:00:00,33.621320343559645,70.46446609406726,440.0,224.0407719590343,1.5382481396877092,27.714213562373097,0,0
2025-09-09 15:00:00,33.0,71.5,440.0,182.92852429295985,1.4335921217479526,27.3,0,0
2025-09-09 16:00:00,32.27645713530757,72.7059047744874,440.0,129.34999999999997,1.31818520563236,26.817638090205044,0,0
2025-09-09 17:00:00,31.5,74.0,440.0,66.95648696802219,1.2017379147866312,26.3,0,0
2025-09-09 18:00:00,30.72354286469244,75.2940952255126,440.0,3.1681612693942035e-14,1.0925853300943733,25.78236190979496,0,0
2025-09-09 19:00:00,30.0,76.5,440.0,0.0,0.9971202888083681,25.3,0,0
2025-09-09 20:00:00,29.37867965644036,77.53553390593274,440.0,0.0,0.9197346433074876,24.885786437626905,0,0
2025-09-09 21:00:00,28.901923788646684,78.18258151868903,440.0,0.0,0.868994384834086,24.56794919243112,0,0
2025-09-09 22:00:00,28.602222521132795,78.82962913144534,440.0,0.0,0.8287170358546737,24.368148347421865,0,0
2025-09-09 23:00:00,28.5,79.0,440.0,0.0,0.8171897015488953,24.3,0,0
2025-09-10 00:00:00,27.602222521132795,83.72962913144535,440.0,0.0,0.6009073118865593,24.348148347421866,0,0
2025-09-10 01:00:00,26.401923788646684,78.63012701892221,400.0,0.0,0.7355802343586503,22.127949192431124,0,1
2025-09-10 02:00:00,26.87867965644036,77.83553390593275,400.0,0.0,0.7846314707656814,22.445786437626907,0,1
2025-09-10 03:00:00,27.5,76.80000000000001,400.0,0.0,0.8517346885556744,22.860000000000003,0,1
2025-09-10 04:00:00,28.22354286469244,75.59409522551262,400.0,0.0,0.9346020181249871,23.34236190979496,0,1
2025-09-10 05:00:00,29.0,74.30000000000001,400.0,0.0,1.0294591432220812,23.860000000000003,0,1
2025-09-10 06:00:00,29.776457135307563,73.0059047744874,400.0,0.0,1.1307727073438536,24.377638090205046,0,1
2025-09-10 07:00:00,31.73611975940964,71.1819401202952,396.9097006014759,61.80598797048196,1.34993348075983,25.97250778346868,0,1
2025-09-10 08:00:00,33.509320343559644,69.57046609406727,394.03,119.4,1.574925076517851,27.4234135623731,0,1
2025-09-10 09:00:00,34.97521819830027,68.28130198760434,391.5571450326326,168.85709934734757,1.780999940414727,28.631478595821136,0,1
2025-09-10 10:00:00,36.03391480734169,67.40230220431742,389.6596566788138,206.806866423724,1.9402350659677758,29.514375248205173,0,1
2025-09-10 11:00:00,36.61326174635659,66.99336912682172,388.4668456341085,230.6630873178296,2.027873770988717,30.011935571720937,0,1
2025-09-10 12:00:00,36.67377747886721,67.08237086855466,388.06,238.8,2.02910021407032,30.09025165257814,0,1
2025-09-10 13:00:00,33.09807621135332,74.56987298107781,440.0,230.6630873178296,1.2862268539446562,28.01205080756888,0,0
2025-09-10 14:00:00,32.621320343559645,75.36446609406727,440.0,206.806866423724,1.2131235677071472,27.6942135623731,0,0
2025-09-10 15:00:00,32.0,76.4,440.0,168.85709934734757,1.1221269935177878,27.28,0,0
2025-09-10 16:00:00,31.276457135307563,77.6059047744874,440.0,119.4,1.0220186942681555,26.79763809020504,0,0
2025-09-10 17:00:00,30.5,78.9,440.0,61.80598797048202,0.9212849366258097,26.28,0,0
2025-09-10 18:00:00,29.72354286469244,80.19409522551261,440.0,2.9244565563638796e-14,0.8271431107913603,25.76236190979496,0,0
2025-09-10 19:00:00,29.0,81.4,440.0,0.0,0.745056033615981,25.28,0,0
2025-09-10 20:00:00,28.37867965644036,82.43553390593274,440.0,0.0,0.6787046629413056,24.865786437626905,0,0
2025-09-10 21:00:00,27.901923788646684,83.2301270189222,440.0,0.0,0.630278637065331,24.54794919243113,0,0
2025-09-10 22:00:00,27.602222521132795,83.72962913144535,440.0,0.0,0.6009073118865593,24.348148347421866,0,0
2025-09-10 23:00:00,27.5,83.9,440.0,0.0,0.5910745036959637,24.28,0,0
2025-09-11 00:00:00,26.9022225211328,84.62962913144534,440.0,0.0,0.5448703034152453,23.828148347421862,0,0
2025-09-11 01:00:00,25.701923788646685,79.5301270189222,400.0,0.0,0.6760508691399122,21.607949192431125,0,1
2025-09-11 02:00:00,26.17867965644036,78.73553390593274,400.0,0.0,0.7223770081609178,21.925786437626908,0,1
2025-09-11 03:00:00,26.8,77.7,400.0,0.0,0.7857894691966137,22.340000000000003,0,1
2025-09-11 04:00:00,27.52354286469244,76.49409522551261,400.0,0.0,0.8641534175352718,22.82236190979496,0,1
2025-09-11 05:00:00,28.3,75.2,400.0,0.0,0.95392242035236,23.340000000000003,0,1
2025-09-11 06:00:00,29.076457135307564,73.9059047744874,400.0,0.0,1.0498725335621093,23.857638090205043,0,1
2025-09-11 07:00:00,30.93880379845109,72.13059810077446,397.1529905038723,56.940189922554566,1.2477030659417652,25.364923418605983,0,1
2025-09-11 08:00:00,32.621320343559645,70.56446609406727,394.5,110.0,1.449489182807213,26.7342135623731,0,1
2025-09-11 09:00:00,34.00934604857412,69.3142380624674,392.221825406948,155.56349186104046,1.633105105672787,27.8721936610676,0,1
2025-09-11 10:00:00,35.00828925551873,68.46511498022889,390.4737205583712,190.5255888325765,1.773918578428632,28.70131225156451,0,1
2025-09-11 11:00:00,35.5500736356719,68.07496318216405,389.37481591082025,212.50368178359503,1.8503423160581425,29.16506627210471,0,1
2025-09-11 12:00:00,35.59777747886721,68.17037086855466,389.0,220.0,1.849662586182736,29.23185165257814,0,1
2025-09-11 13:00:00,32.39807621135331,75.4698729810778,440.0,212.50368178359503,1.192847114673942,27.49205080756888,0,0
2025-09-11 14:00:00,31.921320343559643,76.26446609406726,440.0,190.5255888325765,1.1235632567357965,27.17421356237309,0,0
2025-09-11 15:00:00,31.3,77.3,440.0,155.56349186104046,1.0373660260934814,26.76,0,0
2025-09-11 16:00:00,30.576457135307564,78.50590477448739,440.0,110.0,0.942600348741775,26.27763809020504,0,0
2025-09-11 17:00:00,29.8,79.8,440.0,56.94018992255462,0.8473157874053021,25.76,0,0
2025-09-11 18:00:00,29.02354286469244,81.0940952255126,440.0,2.694222958124177e-14,0.7583405425345572,25.24236190979496,0,0
2025-09-11 19:00:00,28.3,82.3,440.0,0.0,0.6808236629127732,24.76,0,0
2025-09-11 20:00:00,27.67867965644036,83.33553390593273,440.0,0.0,0.6182157631550479,24.345786437626906,0,0
2025-09-11 21:00:00,27.201923788646685,84.1301270189222,440.0,0.0,0.5725524599669561,24.027949192431123,0,0
2025-09-11 22:00:00,26.9022225211328,84.62962913144534,440.0,0.0,0.5448703034152453,23.828148347421862,0,0
2025-09-11 23:00:00,26.8,84.8,440.0,0.0,0.5356053781071091,23.76,0,0
2025-09-12 00:00:00,28.2022225211328,77.72962913144535,440.0,0.0,0.8517673426353215,23.748148347421868,0,0
2025-09-12 01:00:00,27.001923788646685,72.63012701892221,400.0,0.0,0.9759392182582334,21.527949192431127,0,1
2025-09-12 02:00:00,27.47867965644036,71.83553390593275,400.0,0.0,1.0327059062292383,21.84578643762691,0,1
2025-09-12 03:00:00,28.1,70.80000000000001,400.0,0.0,1.110182590931374,22.260000000000005,0,1
2025-09-12 04:00:00,28.82354286469244,69.59409522551262,400.0,0.0,1.2055974958488285,22.74236190979496,0,1
2025-09-12 05:00:00,29.6,68.30000000000001,400.0,0.0,1.3144980830880566,23.260000000000005,0,1
2025-09-12 06:00:00,30.376457135307565,67.0059047744874,400.0,0.0,1.4304751978285075,23.777638090205045,0,1
2025-09-12 07:00:00,32.223274655744945,65.23836267212754,397.1918133606376,56.163732787247,1.6738062838597447,25.270947190170453,0,1
2025-09-12 08:00:00,33.89132034355964,63.67946609406727,394.575,108.5,1.920323605876222,26.627213562373093,0,1
2025-09-12 09:00:00,35.266919641702934,62.435451265903005,392.32789142412594,153.44217151748083,2.1434948149687454,27.75400989488353,0,1
2025-09-12 10:00:00,36.25632773129167,61.591095742342425,390.6036243689388,187.9275126212232,2.314160422694112,28.57454687976016,0,1
2025-09-12 11:00:00,36.79211808609456,61.20394095695273,389.5197047847636,209.60590430472783,2.406951642924921,29.032906277485107,0,1
2025-09-12 12:00:00,36.83777747886721,64.88690696901527,389.15,217.0,2.1838880502851965,29.097851652578143,0,1
2025-09-12 13:00:00,33.69807621135332,68.56987298107782,440.0,209.60590430472783,1.6439492626739762,27.41205080756888,0,0
2025-09-12 14:00:00,33.22132034355964,69.36446609406727,440.0,187.9275126212232,1.560246489349141,27.09421356237309,0,0
2025-09-12 15:00:00,32.6,70.4,440.0,153.44217151748083,1.455840856564173,26.680000000000003,0,0
2025-09-12 16:00:00,31.876457135307565,71.6059047744874,440.0,108.5,1.340678727419778,26.197638090205047,0,0
2025-09-12 17:00:00,31.1,72.9,440.0,56.16373278724706,1.2244409759024029,25.680000000000003,0,0
2025-09-12 18:00:00,30.32354286469244,74.19409522551261,440.0,2.6574835541497565e-14,1.1154459765968574,25.16236190979496,0,0
2025-09-12 19:00:00,29.6,75.4,440.0,0.0,1.0200836859295335,24.680000000000003,0,0
2025-09-12 20:00:00,28.97867965644036,76.43553390593274,440.0,0.0,0.9427541742505912,24.265786437626907,0,0
2025-09-12 21:00:00,28.501923788646685,77.2301270189222,440.0,0.0,0.8861610597205122,23.947949192431125,0,0
2025-09-12 22:00:00,28.2022225211328,77.72962913144535,440.0,0.0,0.8517673426353215,23.748148347421868,0,0
2025-09-12 23:00:00,28.1,77.9,440.0,0.0,0.8402409335473757,23.680000000000003,0,0
2025-09-13 00:00:00,29.102222521132795,70.82962913144534,440.0,0.0,1.1753913688302398,23.268148347421864,0,0
2025-09-13 01:00:00,27.901923788646684,65.7301270189222,400.0,0.0,1.2879983562956916,21.04794919243113,0,1
2025-09-13 02:00:00,28.37867965644036,64.93553390593274,400.0,0.0,1.3549183057507874,21.36578643762691,0,1
2025-09-13 03:00:00,29.0,63.9,400.0,0.0,1.4460496136310175,21.78,0,1
2025-09-13 04:00:00,29.72354286469244,62.694095225512605,400.0,0.0,1.557985988390899,22.26236190979496,0,1
2025-09-13 05:00:00,30.5,61.4,400.0,0.0,1.685383817713567,22.78,0,1
2025-09-13 06:00:00,31.276457135307563,60.10590477448739,400.0,0.0,1.8206813314314003,23.29763809020504,0,1
2025-09-13 07:00:00,33.23819031177046,58.28090484411477,396.9045242205739,61.90951558852296,2.1267326597177005,24.89437128059341,0,1
2025-09-13 08:00:00,35.01332034355964,56.66846609406726,394.02,119.59999999999998,2.4381883327157996,26.347013562373093,0,1
2025-09-13 09:00:00,36.48087505254976,55.378473560479584,391.5430028970089,169.13994205982218,2.721712016247232,27.55656976464568,0,1
2025-09-13 10:00:00,37.54084301057196,54.49883810270228,389.91946429994914,207.1532765852377,2.9403015627571896,28.440610631112417,0,1
2025-09-13 11:00:00,38.1209891529669,54.08950542351655,388.4475271175828,231.0494576483452,3.06141326599184,28.938890237670208,0,1
2025-09-13 12:00:00,38.1817774788672,54.17837086855465,388.04,239.2,3.0655363177705417,29.01745165257813,0,1
2025-09-13 13:00:00,34.59807621135332,61.66987298107781,440.0,231.0494576483452,2.107763025786339,26.93205080756888,0,0
2025-09-13 14:00:00,34.121320343559645,62.46446609406726,440.0,207.15327658523773,2.010139386127299,26.6142135623731,0,0
2025-09-13 15:00:00,33.5,63.5,440.0,169.13994205982218,1.8881272558763058,26.2,0,0
2025-09-13 16:00:00,32.77645713530757,64.7059047744874,440.0,119.59999999999998,1.7532050964240495,25.71763809020505,0,0
2025-09-13 17:00:00,32.0,66.0,440.0,61.90951558852302,1.6166236347290164,25.2,0,0
2025-09-13 18:00:00,31.22354286469244,67.2940952255126,440.0,2.9293551435604687e-14,1.4881462910282521,24.68236190979496,0,0
2025-09-13 19:00:00,30.5,68.5,440.0,0.0,1.3753779859579622,24.2,0,0
2025-09-13 20:00:00,29.87867965644036,69.53553390593274,440.0,0.0,1.2836593278674386,23.785786437626903,0,0
2025-09-13 21:00:00,29.401923788646684,70.3301270189222,440.0,0.0,1.2163646674957422,23.467949192431124,0,0
2025-09-13 22:00:00,29.102222521132795,70.82962913144534,440.0,0.0,1.1753913688302398,23.268148347421864,0,0
2025-09-13 23:00:00,29.0,71.0,440.0,0.0,1.161646504024917,23.2,0,0
2025-09-14 00:00:00,29.102222521132795,66.42962913144535,440.0,0.0,1.3526850359610922,22.388148347421865,0,0
2025-09-14 01:00:00,27.901923788646684,61.33012701892219,400.0,0.0,1.4533678857021828,21.436967392524384,0,1
2025-09-14 02:00:00,28.37867965644036,60.53553390593274,400.0,0.0,1.524937735942886,20.485786437626903,0,1
2025-09-14 03:00:00,29.0,59.5,400.0,0.0,1.622299428034798,20.9,0,1
2025-09-14 04:00:00,29.72354286469244,58.294095225512606,400.0,0.0,1.741740769044497,21.38236190979496,0,1
2025-09-14 05:00:00,30.5,57.0,400.0,0.0,1.8775001078156317,21.9,0,1
2025-09-14 06:00:00,31.276457135307563,55.705904774487394,400.0,0.0,2.0214879373467305,22.41763809020504,0,1
2025-09-14 07:00:00,33.354658882066595,53.82267055896671,396.9912286006832,67.73294410332967,2.3693969633829264,24.119192993859937,0,1
2025-09-14 08:00:00,35.23832034355964,52.15596609406726,393.4575,130.84999999999997,2.7257550938312414,25.66951356237309,0,1
2025-09-14 09:00:00,36.7990731040837,50.819374534712615,390.7475077681741,185.04984463651948,3.052379777006843,26.962948011026228,0,1
2025-09-14 10:00:00,37.93055444227495,49.90398238685078,388.6680575914807,226.6388481703876,3.3062977643437246,27.91135091964511,0,1
2025-09-14 11:00:00,38.55565577479698,49.47217211260151,387.3608605630075,252.7827887398492,3.449237149808697,28.450090197317284,0,1
2025-09-14 12:00:00,38.63177747886721,49.55337086855466,386.915,261.7,3.4578368069132797,28.542451652578137,0,1
2025-09-14 13:00:00,34.59807621135332,57.26987298107781,440.0,252.7827887398492,2.349717802217985,26.05205080756888,0,0
2025-09-14 14:00:00,34.121320343559645,58.064466094067264,440.0,226.6388481703876,2.245772461738411,25.7342135623731,0,0
2025-09-14 15:00:00,33.5,59.1,440.0,185.04984463651948,2.1157371168586554,25.32,0,0
2025-09-14 16:00:00,32.77645713530757,60.3059047744874,440.0,130.84999999999997,1.9717714706284684,24.837638090205047,0,0
2025-09-14 17:00:00,32.0,61.6,440.0,67.73294410332974,1.8258337521645363,24.32,0,0
2025-09-14 18:00:00,31.22354286469244,62.89409522551261,440.0,3.2049006733686234e-14,1.6883500073196307,23.80236190979496,0,0
2025-09-14 19:00:00,30.5,64.1,440.0,0.0,1.5674942760600277,23.32,0,0
2025-09-14 20:00:00,29.87867965644036,65.13553390593273,440.0,0.0,1.4690589677356278,22.905786437626904,0,0
2025-09-14 21:00:00,29.401923788646684,65.93012701892219,440.0,0.0,1.3967498191407983,22.58794919243112,0,0
2025-09-14 22:00:00,29.102222521132795,66.42962913144535,440.0,0.0,1.3526850359610922,22.388148347421865,0,0
2025-09-14 23:00:00,29.0,66.6,440.0,0.0,1.3378963184286978,22.32,0,0
2025-09-15 00:00:00,28.802222521132794,72.02962913144535,440.0,0.0,1.1076608067978257,23.20814834742186,0,0
2025-09-15 01:00:00,27.601923788646683,66.9301270189222,400.0,0.0,1.2213355153758507,20.987949192431124,0,1
2025-09-15 02:00:00,28.07867965644036,66.13553390593275,400.0,0.0,1.2859291062472737,21.305786437626907,0,1
2025-09-15 03:00:00,28.7,65.10000000000001,400.0,0.0,1.373926972529453,21.72,0,1
2025-09-15 04:00:00,29.42354286469244,63.89409522551261,400.0,0.0,1.4820649976217162,22.20236190979496,0,1
2025-09-15 05:00:00,30.2,62.6,400.0,0.0,1.605201657888918,22.72,0,1
2025-09-15 06:00:00,30.97645713530756,61.3059047744874,400.0,0.0,1.7360393134766274,23.23763809020504,0,1
2025-09-15 07:00:00,33.02929461564655,59.43535269217673,396.6767634608837,66.46473078232732,2.0438169554811867,24.91636515408189,0,1
2025-09-15 08:00:00,34.72953562758699,57.78046609406727,393.58,128.39999999999998,2.3386125906306496,26.44541356237309,0,1
2025-09-15 09:00:00,36.42977663952743,56.454022766990754,390.9207489295648,181.58502140870544,2.648696770002768,27.72058119292557,0,1
2025-09-15 10:00:00,37.54568395270408,55.54641763163622,388.8802338154078,222.39532369184383,2.87336113535351,28.654967479031324,0,1
2025-09-15 11:00:00,38.160995043820655,55.11950247808967,387.59751239044834,248.04975219103275,2.999205101175094,29.18489553943859,0,1
2025-09-15 12:00:00,38.2337774788672,55.20237086855466,387.16,256.8,3.0054552655161335,29.274251652578137,0,1
2025-09-15 13:00:00,34.29807621135332,62.86987298107781,440.0,248.04975219103275,2.008063999266716,26.872050807568883,0,0
2025-09-15 14:00:00,33.82132034355964,63.66446609406727,440.0,222.39532369184383,1.913635751934603,26.554213562373093,0,0
2025-09-15 15:00:00,33.2,64.7,440.0,181.58502140870544,1.7956591589044975,26.140000000000004,0,0
2025-09-15 16:00:00,32.47645713530756,65.9059047744874,440.0,128.39999999999998,1.665257942407943,25.65763809020504,0,0
2025-09-15 17:00:00,31.7,67.2,440.0,66.4647307823274,1.5333213392032274,25.14,0,0
2025-09-15 18:00:00,30.92354286469244,68.49409522551261,440.0,3.1448929802104035e-14,1.409282413521147,24.62236190979496,0,0
2025-09-15 19:00:00,30.2,69.7,440.0,0.0,1.3004708618725724,24.14,0,0
2025-09-15 20:00:00,29.57867965644036,70.73553390593274,440.0,0.0,1.2120166091728206,23.725786437626905,0,0
2025-09-15 21:00:00,29.101923788646683,71.5301270189222,440.0,0.0,1.1471457074556513,23.40794919243113,0,0
2025-09-15 22:00:00,28.802222521132794,72.02962913144535,440.0,0.0,1.1076608067978257,23.20814834742186,0,0
2025-09-15 23:00:00,28.7,72.2,440.0,0.0,1.0944174738200232,23.14,0,0
2025-09-16 00:00:00,27.302222521132794,82.92962913144534,440.0,0.0,0.6194915987913547,23.88814834742186,0,0
2025-09-16 01:00:00,26.101923788646683,77.8301270189222,400.0,0.0,0.7497288094282191,21.667949192431124,0,1
2025-09-16 02:00:00,26.57867965644036,77.03553390593274,400.0,0.0,0.7987399790146607,21.985786437626903,0,1
2025-09-16 03:00:00,27.2,76.0,400.0,0.0,0.8657731926061232,22.4,0,1
2025-09-16 04:00:00,27.92354286469244,74.7940952255126,400.0,0.0,0.9485323558113229,22.88236190979496,0,1
2025-09-16 05:00:00,28.7,73.5,400.0,0.0,1.0432396782816769,23.4,0,1
2025-09-16 06:00:00,29.47645713530756,72.2059047744874,400.0,0.0,1.1443664137930738,23.91763809020504,0,1
2025-09-16 07:00:00,31.44388433076272,70.37805783461864,396.8902891730932,62.19421653813573,1.3647948145935291,25.519495897686443,0,1
2025-09-16 08:00:00,33.22432034355964,68.76296609406727,393.9925,120.15,1.5911477538989025,26.97691356237309,0,1
2025-09-16 09:00:00,34.696431401735865,67.47069538588653,391.5041120240437,169.9177595191274,1.7985533513101888,28.19057047891317,0,1
2025-09-16 10:00:00,35.75989556945522,66.58931182326064,389.59470477353,208.10590452940065,1.9589279692711394,29.077757934107343,0,1
2025-09-16 11:00:00,36.34223952114526,66.17888023942737,388.39440119713686,232.11197605726312,2.047350467670362,29.57801556903073,0,1
2025-09-16 12:00:00,36.403777478867205,66.26737086855465,387.985,240.3,2.04888111160584,29.657251652578136,0,1
2025-09-16 13:00:00,32.79807621135332,73.7698729810778,440.0,232.11197605726312,1.3045434293727916,27.55205080756888,0,0
2025-09-16 14:00:00,32.32132034355964,74.56446609406726,440.0,208.10590452940065,1.2315361397407782,27.234213562373093,0,0
2025-09-16 15:00:00,31.7,75.6,440.0,169.9177595191274,1.1406414840414258,26.82,0,0
2025-09-16 16:00:00,30.97645713530756,76.80590477448739,440.0,120.15,1.0406203043988353,26.33763809020504,0,0
2025-09-16 17:00:00,30.2,78.1,440.0,62.194216538135805,0.9399442863039391,25.82,0,0
2025-09-16 18:00:00,29.42354286469244,79.3940952255126,440.0,2.94282625835109e-14,0.8458253684913386,25.30236190979496,0,0
2025-09-16 19:00:00,28.7,80.6,440.0,0.0,0.7637301795722466,24.82,0,0
2025-09-16 20:00:00,28.07867965644036,81.63553390593273,440.0,0.0,0.6973504736632916,24.405786437626904,0,0
2025-09-16 21:00:00,27.601923788646683,82.43012701892219,440.0,0.0,0.6488899998107439,24.08794919243112,0,0
2025-09-16 22:00:00,27.302222521132794,82.92962913144534,440.0,0.0,0.6194915987913547,23.88814834742186,0,0
2025-09-16 23:00:00,27.2,83.1,440.0,0.0,0.6096486231268119,23.82,0,0
2025-09-17 00:00:00,26.5022225211328,84.72962913144535,440.0,0.0,0.5287420146949232,23.448148347421863,0,0
2025-09-17 01:00:00,25.301923788646683,79.63012701892221,400.0,0.0,0.6569683900560478,21.22794919243113,0,1
2025-09-17 02:00:00,25.77867965644036,78.83553390593275,400.0,0.0,0.7021759868400715,21.54578643762691,0,1
2025-09-17 03:00:00,26.4,77.80000000000001,400.0,0.0,0.7640677084653005,21.96,0,1
2025-09-17 04:00:00,27.123542864692435,76.59409522551262,400.0,0.0,0.8405676426771824,22.44236190979496,0,1
2025-09-17 05:00:00,27.9,75.30000000000001,400.0,0.0,0.9282203463858807,22.96,0,1
2025-09-17 06:00:00,28.67645713530756,74.0059047744874,400.0,0.0,1.0219288809313678,23.47763809020504,0,1
2025-09-17 07:00:00,30.460122808739925,72.26993859563005,397.3496929781502,53.00614043699625,1.2080156415690537,24.914110527865937,0,1
2025-09-17 08:00:00,32.06932034355964,70.74046609406727,394.88,102.4,1.396684135395672,26.217413562373093,0,1
2025-09-17 09:00:00,33.39438558709341,69.52171829320777,392.7592265606498,144.81546878700496,1.5673448851796548,27.298729245734965,0,1
2025-09-17 10:00:00,34.34501753276827,68.69675084160414,391.13189986524736,171.31853900550308,1.697355988230765,28.084367701089096,0,1
2025-09-17 11:00:00,34.85643218448002,68.32178390776,390.1089195387999,197.8216092240012,1.7670799377326374,28.52078896603202,0,1
2025-09-17 12:00:00,34.89377747886721,68.42237086855467,389.76,204.8,1.7651119249575165,28.57825165257814,0,1
2025-09-17 13:00:00,31.998076211353315,75.56987298107781,440.0,197.8216092240012,1.161471395929481,27.11205080756888,0,0
2025-09-17 14:00:00,31.52132034355964,76.36446609406727,440.0,177.36200269505306,1.0937724322400737,26.79421356237309,0,0
2025-09-17 15:00:00,30.9,77.4,440.0,144.81546878700496,1.0095597781247203,26.38,0,0
2025-09-17 16:00:00,30.15,78.6059047744874,440.0,102.4,0.9156047632050721,25.89763809020504,0,0
2025-09-17 17:00:00,29.4,79.9,440.0,53.006140436996304,0.8239408389824071,25.38,0,0
2025-09-17 18:00:00,28.623542864692435,81.19409522551261,440.0,26.503070218498152,0.7370699092747709,24.86236190979496,0,0
2025-09-17 19:00:00,27.9,82.4,440.0,0.0,0.6614039715138259,24.38,0,0
2025-09-17 20:00:00,27.27867965644036,83.43553390593274,440.0,0.0,0.6003041939121746,23.965786437626907,0,0
2025-09-17 21:00:00,26.801923788646683,84.2301270189222,440.0,0.0,0.5557489187329391,23.647949192431124,0,0
2025-09-17 22:00:00,26.5022225211328,84.72962913144535,440.0,0.0,0.5287420146949232,23.448148347421863,0,0
2025-09-17 23:00:00,26.4,84.9,440.0,0.0,0.5197037116137855,23.38,0,0
2025-09-18 00:00:00,26.9022225211328,85.72962913144535,440.0,0.0,0.5058759721214594,24.048148347421865,0,0
2025-09-18 01:00:00,25.701923788646685,80.63012701892221,400.0,0.0,0.6397215789317446,21.827949192431127,0,1
2025-09-18 02:00:00,26.17867965644036,79.83553390593275,400.0,0.0,0.6850088134711525,22.14578643762691,0,1
2025-09-18 03:00:00,26.8,78.80000000000001,400.0,0.0,0.7470285536757042,22.594074173710936,0,1
2025-09-18 04:00:00,27.52354286469244,77.59409522551262,400.0,0.0,0.8237138442276947,23.042361909794963,0,1
2025-09-18 05:00:00,28.3,76.30000000000001,400.0,0.0,0.9116113452560854,23.56,0,1
2025-09-18 06:00:00,29.076457135307564,75.0059047744874,400.0,0.0,1.0056150194794136,24.07763809020505,0,1
2025-09-18 07:00:00,30.72605454337682,73.33697272831161,397.684863641558,46.30272716884096,1.1793053999551406,25.39344908903914,0,1
2025-09-18 08:00:00,32.210320343559644,71.86996609406728,395.5275,89.44999999999999,1.3534986220663154,26.5843135623731,0,1
2025-09-18 09:00:00,33.42810427443878,70.70485894953508,393.6749298422864,126.50140315427336,1.5093452366195836,27.5690760643458,0,1
2025-09-18 10:00:00,34.296416373607926,69.9210514211843,392.2534027631482,154.93194473703608,1.6265735943019042,28.280626657844785,0,1
2025-09-18 11:00:00,34.756082606462286,69.57195869676887,391.3597934838442,172.80413032311432,1.687941063450989,28.67047434581606,0,1
2025-09-18 12:00:00,34.775777478867205,69.68137086855467,388.375,178.9,1.6837065707244185,28.71205165257814,0,1
2025-09-18 13:00:00,32.39807621135331,76.56987298107781,440.0,166.91597236851806,1.1393564896507136,27.712050807568875,0,0
2025-09-18 14:00:00,31.921320343559643,77.36446609406727,440.0,154.93194473703608,1.071492821442135,27.394213562373096,0,0
2025-09-18 15:00:00,31.3,78.4,440.0,126.50140315427336,0.9870971878246343,26.980000000000004,0,0
2025-09-18 16:00:00,30.576457135307564,79.6059047744874,440.0,89.44999999999999,0.8943610359101629,26.497638090205044,0,0
2025-09-18 17:00:00,29.8,80.9,440.0,46.30272716884101,0.801174828685211,25.98,0,0
2025-09-18 18:00:00,29.02354286469244,82.19409522551261,440.0,2.1908931236746152e-14,0.7142181052993029,25.46236190979496,0,0
2025-09-18 19:00:00,28.3,83.4,440.0,0.0,0.6385125878164987,24.98,0,0
2025-09-18 20:00:00,27.67867965644036,84.43553390593274,440.0,0.0,0.5774081347778831,24.565786437626908,0,0
2025-09-18 21:00:00,27.201923788646685,85.2301270189222,440.0,0.0,0.5328667166270692,24.247949192431125,0,0
2025-09-18 22:00:00,26.9022225211328,85.72962913144535,440.0,0.0,0.5058759721214594,24.048148347421865,0,0
2025-09-18 23:00:00,26.8,85.9,440.0,0.0,0.49684446258619946,23.98,1,0
2025-09-19 00:00:00,27.9022225211328,78.92962913144534,440.0,0.0,0.7919222653760619,23.688148347421865,0,0
2025-09-19 01:00:00,26.701923788646685,73.8301270189222,400.0,0.0,0.9168522806734563,21.467949192431124,0,1
2025-09-19 02:00:00,27.17867965644036,73.03553390593274,400.0,0.0,0.971498820241565,21.785786437626907,0,1
2025-09-19 03:00:00,27.8,72.0,400.0,0.0,1.0461177834120177,22.200000000000003,0,1
2025-09-19 04:00:00,28.52354286469244,70.75,400.0,0.0,1.1397838587371423,22.68236190979496,0,1
2025-09-19 05:00:00,29.3,69.5,400.0,0.0,1.2430730077571002,23.200000000000003,0,1
2025-09-19 06:00:00,30.076457135307564,68.2059047744874,400.0,0.0,1.3549715487468585,23.717638090205043,0,1
2025-09-19 07:00:00,31.496740869415987,66.65162956529201,398.25814782646006,34.83704347079929,1.541099748365004,24.82706678247439,0,1
2025-09-19 08:00:00,32.76732034355964,65.29146609406726,394.1775,67.29999999999998,1.7232329482885183,25.825613562373093,0,1
2025-09-19 09:00:00,33.801607666307504,64.2181072536007,395.2411713626145,95.1765727477093,1.8824077567699866,26.645229117027647,0,1
2025-09-19 10:00:00,34.529117865854914,63.5047006750608,394.1716490325308,116.56701934938545,1.999207517060825,27.230058000867075,0,1
2025-09-19 11:00:00,34.90027232437017,63.19986383781491,393.4993191890746,130.0136162185086,2.0577763588605538,27.54024509193315,0,1
2025-09-19 12:00:00,34.88977747886721,63.32437086855465,393.27,134.6,2.049624059049299,27.55465165257814,0,1
2025-09-19 13:00:00,33.39807621135331,69.7698729810778,440.0,130.0136162185086,1.5549044473070925,27.352050807568872,0,0
2025-09-19 14:00:00,32.92132034355964,70.56446609406726,440.0,116.56701934938545,1.4741288525908254,27.034213562373093,0,0
2025-09-19 15:00:00,32.3,71.6,440.0,95.1765727477093,1.3734176173120742,26.62,0,0
2025-09-19 16:00:00,31.576457135307564,72.80590477448739,440.0,67.29999999999998,1.2623909026567304,26.13763809020504,0,0
2025-09-19 17:00:00,30.8,74.1,440.0,34.83704347079933,1.150397994651566,25.62,0,0
2025-09-19 18:00:00,30.02354286469244,75.3940952255126,440.0,1.6483745916523374e-14,1.0454552180404069,25.10236190979496,0,0
2025-09-19 19:00:00,29.3,76.6,440.0,0.0,0.9537019141480706,24.62,0,0
2025-09-19 20:00:00,28.67867965644036,77.63553390593273,440.0,0.0,0.879347265528461,24.205786437626905,0,0
2025-09-19 21:00:00,28.201923788646685,78.43012701892219,440.0,0.0,0.8249613092258495,23.88794919243112,0,0
2025-09-19 22:00:00,27.9022225211328,78.92962913144534,440.0,0.0,0.7919222653760619,23.688148347421865,0,0
2025-09-19 23:00:00,27.8,79.1,440.0,0.0,0.7808522026182563,23.62,0,0
2025-09-20 00:00:00,28.602222521132795,75.62962913144534,440.0,0.0,0.9539814693972122,23.728148347421865,0,0
2025-09-20 01:00:00,27.401923788646684,70.5301270189222,400.0,0.0,1.0757323998335722,21.507949192431123,0,1
2025-09-20 02:00:00,27.87867965644036,69.73553390593274,400.0,0.0,1.135919530236584,21.825786437626903,0,1
2025-09-20 03:00:00,28.5,68.7,400.0,0.0,1.2180017932609724,22.24,0,1
2025-09-20 04:00:00,29.22354286469244,67.49409522551261,400.0,0.0,1.3189973791026046,22.72236190979496,0,1
2025-09-20 05:00:00,30.0,66.2,400.0,0.0,1.4341559898605463,23.24,0,1
2025-09-20 06:00:00,30.776457135307563,64.9059047744874,400.0,0.0,1.5566801556775294,23.75763809020504,0,1
2025-09-20 07:00:00,32.1366948509522,63.3816525745239,398.4082628726195,31.83474254761005,1.7546146323891365,24.813025365856983,0,1
2025-09-20 08:00:00,33.35132034355964,62.049466094067256,396.925,61.49999999999999,1.9469096109874455,25.761213562373094,0,1
2025-09-20 09:00:00,34.33755889307222,61.00013164021835,395.6512932957027,86.97413408594535,2.1138139288540163,26.53758522111589,0,1
2025-09-20 10:00:00,35.02819997217692,60.30515962189979,394.6739437667257,106.52112466548594,2.2353954264314564,27.08923189655688,0,1
2025-09-20 11:00:00,35.37617753267111,60.01191123366444,394.0595561683222,118.8088766335554,2.2955741477283156,27.378559779404,0,1
2025-09-20 12:00:00,35.357777478867206,60.140370868554655,393.85,123.0,2.2858801112992833,27.385851652578136,0,1
2025-09-20 13:00:00,34.09807621135332,66.4698729810778,440.0,118.8088766335554,1.793317395641796,27.392050807568875,0,0
2025-09-20 14:00:00,33.621320343559645,67.26446609406726,440.0,106.52112466548596,1.7049082062596537,27.074213562373096,0,0
2025-09-20 15:00:00,33.0,68.3,440.0,86.97413408594535,1.594556851207372,26.66,0,0
2025-09-20 16:00:00,32.27645713530757,69.50590477448739,440.0,61.49999999999999,1.4727311842834743,26.177638090205043,0,0
2025-09-20 17:00:00,31.5,70.8,440.0,31.834742547610084,1.3496441196834474,25.66,0,0
2025-09-20 18:00:00,30.72354286469244,72.0940952255126,440.0,1.5063155629512442e-14,1.2341010158470533,25.14236190979496,0,0
2025-09-20 19:00:00,30.0,73.3,440.0,0.0,1.1328983706886566,24.66,0,0
2025-09-20 20:00:00,29.37867965644036,74.33553390593273,440.0,0.0,1.0507482559284096,24.245786437626904,0,0
2025-09-20 21:00:00,28.901923788646684,75.1301270189222,440.0,0.0,0.9905745719002658,23.92794919243112,0,0
2025-09-20 22:00:00,28.602222521132795,75.62962913144534,440.0,0.0,0.9539814693972122,23.728148347421865,0,0
2025-09-20 23:00:00,28.5,75.8,440.0,0.0,0.9417138465468222,23.66,0,0
2025-09-21 00:00:00,28.302222521132794,70.72962913144534,440.0,0.0,1.1260188853894468,22.448148347421863,0,0
2025-09-21 01:00:00,27.101923788646683,65.6301270189222,400.0,0.0,1.2327494045692033,20.22794919243112,0,1
2025-09-21 02:00:00,27.57867965644036,64.83553390593275,400.0,0.0,1.296931055605036,20.54578643762691,0,1
2025-09-21 03:00:00,28.2,63.8,400.0,0.0,1.3843502705355664,20.96,0,1
2025-09-21 04:00:00,28.92354286469244,62.5940952255126,400.0,0.0,1.4917522951550846,21.44236190979496,0,1
2025-09-21 05:00:00,29.7,61.3,400.0,0.0,1.614021115103396,21.96,0,1
2025-09-21 06:00:00,30.47645713530756,60.00590477448739,400.0,0.0,1.7439059979715783,22.47763809020504,0,1
2025-09-21 07:00:00,32.435602121319434,58.18219893934028,396.91099469670144,61.7801060659717,2.037812765955429,24.07204190918749,0,1
2025-09-21 08:00:00,34.20832034355964,56.57096609406726,394.0325,119.34999999999998,2.337033510546198,25.52251356237309,0,1
2025-09-21 09:00:00,35.673803984737894,55.28200909438552,391.56068056653857,168.7863886692289,2.609514089027243,26.730205803615,0,1
2025-09-21 10:00:00,36.73218275653411,54.4031682297212,389.6639868058328,206.7202638833455,2.819643417614421,27.612816402478348,0,1
2025-09-21 11:00:00,37.311329894704016,53.99433505264799,388.47167526324,230.5664947352006,2.9360834586527003,28.11019690523361,0,1
2025-09-21 12:00:00,37.3717774788672,54.08337086855465,388.065,238.7,2.9400411879329686,28.18845165257813,0,1
2025-09-21 13:00:00,33.79807621135332,61.56987298107781,440.0,230.5664947352006,2.021327542321857,26.11205080756888,0,0
2025-09-21 14:00:00,33.32132034355964,62.36446609406726,440.0,206.7202638833455,1.9275115411198094,25.79421356237309,0,0
2025-09-21 15:00:00,32.7,63.4,440.0,168.7863886692289,1.8102794718044357,25.380000000000003,0,0
2025-09-21 16:00:00,31.97645713530756,64.60590477448739,440.0,119.34999999999998,1.6806721102305835,24.89763809020504,0,0
2025-09-21 17:00:00,31.2,65.9,440.0,61.780106065971765,1.5495038590460832,24.380000000000003,0,0
2025-09-21 18:00:00,30.42354286469244,67.1940952255126,440.0,2.9232319095647325e-14,1.426151092848864,23.86236190979496,0,0
2025-09-21 19:00:00,29.7,68.4,440.0,0.0,1.3179087141412742,23.380000000000003,0,0
2025-09-21 20:00:00,29.07867965644036,69.43553390593273,440.0,0.0,1.2298917614773057,22.965786437626903,0,0
2025-09-21 21:00:00,28.601923788646683,70.23012701892219,440.0,0.0,1.1653255330352064,22.64794919243112,0,0
2025-09-21 22:00:00,28.302222521132794,70.72962913144534,440.0,0.0,1.1260188853894468,22.448148347421863,0,0
2025-09-21 23:00:00,28.2,70.9,440.0,0.0,1.1128340572537285,22.380000000000003,0,0
2025-09-22 00:00:00,28.9022225211328,68.02962913144535,440.0,0.0,1.2734115525179164,22.508148347421866,0,0
2025-09-22 01:00:00,27.701923788646685,62.93012701892219,400.0,0.0,1.3770792073390838,20.28794919243112,0,1
2025-09-22 02:00:00,28.17867965644036,62.13553390593274,400.0,0.0,1.4462084503076333,20.605786437626907,0,1
2025-09-22 03:00:00,28.8,61.1,400.0,0.0,1.540289312895237,21.020000000000003,0,1
2025-09-22 04:00:00,29.52354286469244,59.89409522551261,400.0,0.0,1.6557630765095241,21.50236190979496,0,1
2025-09-22 05:00:00,30.3,58.6,400.0,0.0,1.787082908508433,22.020000000000003,0,1
2025-09-22 06:00:00,31.076457135307564,57.3059047744874,400.0,0.0,1.9264363662843984,22.537638090205043,0,1
2025-09-22 07:00:00,32.92223937956453,55.538880310217735,397.1944015510887,56.1119689782265,2.2267236694482593,24.03001544160808,0,1
2025-09-22 08:00:00,34.58932034355964,53.98046609406726,394.58,108.4,2.5293733412054284,25.38541356237309,0,1
2025-09-22 09:00:00,35.96409121457818,52.73686547946537,392.3349624919378,153.3007501612435,2.8023743127467564,26.511464310471258,0,1
2025-09-22 10:00:00,36.952863629676536,51.89282779315,390.6122846229767,187.7543075404663,3.0108946158130583,27.331429188306537,0,1
2025-09-22 11:00:00,37.4882543827894,51.5058728086053,389.5293640430265,209.41271913947003,3.124778269014974,27.789428944510465,0,1
2025-09-22 12:00:00,37.53377747886721,51.60237086855466,389.16,216.8,3.1262736707102787,27.85425165257814,0,1
2025-09-22 13:00:00,34.39807621135331,58.86987298107781,440.0,209.41271913947003,2.2367789970916605,26.17205080756888,0,0
2025-09-22 14:00:00,33.92132034355964,59.66446609406727,440.0,187.7543075404664,2.136170624995886,25.854213562373097,0,0
2025-09-22 15:00:00,33.3,60.7,440.0,153.3007501612435,2.0103574250866925,25.44,0,0
2025-09-22 16:00:00,32.576457135307564,61.9059047744874,440.0,108.4,1.8711327193292173,24.957638090205045,0,0
2025-09-22 17:00:00,31.8,63.2,440.0,56.11196897822656,1.7300787464941112,24.44,0,0
2025-09-22 18:00:00,31.02354286469244,64.49409522551261,440.0,2.6550342605514623e-14,1.5972747619614827,23.92236190979496,0,0
2025-09-22 19:00:00,30.3,65.7,440.0,0.0,1.4806025063246193,23.44,0,0
2025-09-22 20:00:00,29.67867965644036,66.73553390593274,440.0,0.0,1.3856274376324866,23.073974596215564,0,0
2025-09-22 21:00:00,29.201923788646685,67.5301270189222,440.0,0.0,1.3158928968959176,22.707949192431123,0,0
2025-09-22 22:00:00,28.9022225211328,68.02962913144535,440.0,0.0,1.2734115525179164,22.508148347421866,0,0
2025-09-22 23:00:00,28.8,66.87962913144534,440.0,0.0,1.3114383878653337,22.44,0,0
2025-09-23 00:00:00,29.102222521132795,65.72962913144534,440.0,0.0,1.3808908466410017,22.24814834742186,0,0
2025-09-23 01:00:00,27.901923788646684,60.63012701892219,400.0,0.0,1.4796766744713974,20.027949192431123,0,1
2025-09-23 02:00:00,28.37867965644036,59.835533905932735,400.0,0.0,1.5519862816552652,20.345786437626906,0,1
2025-09-23 03:00:00,29.0,58.8,400.0,0.0,1.6503391712353996,20.76,0,1
2025-09-23 04:00:00,29.72354286469244,57.5940952255126,400.0,0.0,1.770974484148479,21.24236190979496,0,1
2025-09-23 05:00:00,30.5,56.3,400.0,0.0,1.908064063059142,21.76,0,1
2025-09-23 06:00:00,31.276457135307563,55.00590477448739,400.0,0.0,2.0534344428332605,22.27763809020504,0,1
2025-09-23 07:00:00,33.03165271377865,53.28417364311068,397.42086821555336,51.58263568893239,2.3540504166438865,23.688487442400785,0,1
2025-09-23 08:00:00,34.61432034355965,51.76796609406726,395.0175,99.65,2.6546553787582825,24.9679135623731,0,1
2025-09-23 09:00:00,35.916603841162896,50.560609166173016,392.9536809254761,140.92638149047897,2.9237799974448664,26.0287256743975,0,1
2025-09-23 10:00:00,36.849754738351976,49.74438223881226,391.370056851288,172.5988629742386,3.127732088089002,26.798631186114427,0,1
2025-09-23 11:00:00,37.35018034358823,49.37490982820589,390.37454914102943,192.50901717941133,3.2377229864005046,27.225162309229404,0,1
2025-09-23 12:00:00,37.3837774788672,49.47737086855465,390.035,199.3,3.237072594806806,27.27925165257813,0,1
2025-09-23 13:00:00,34.59807621135332,56.56987298107781,440.0,192.50901717941133,2.3882106075593827,25.91205080756888,0,0
2025-09-23 14:00:00,34.121320343559645,57.36446609406726,440.0,172.59886297423864,2.2832595419492705,25.5942135623731,0,0
2025-09-23 15:00:00,33.5,58.4,440.0,140.92638149047897,2.1519477765603927,25.18,0,0
2025-09-23 16:00:00,32.77645713530757,59.60590477448739,440.0,99.65,2.006543393797354,24.697638090205047,0,0
2025-09-23 17:00:00,32.0,60.9,440.0,51.58263568893244,1.859117179938369,24.18,0,0
2025-09-23 18:00:00,31.22354286469244,62.194095225512605,440.0,2.4407210707006752e-14,1.7202005985478046,23.66236190979496,0,0
2025-09-23 19:00:00,30.5,63.4,440.0,0.0,1.5980582313035374,23.18,0,0
2025-09-23 20:00:00,29.87867965644036,64.43553390593274,440.0,0.0,1.4985543649873847,22.765786437626907,0,0
2025-09-23 21:00:00,29.401923788646684,65.23012701892219,440.0,0.0,1.4254474569025117,22.44794919243112,0,0
2025-09-23 22:00:00,29.102222521132795,65.72962913144534,440.0,0.0,1.3808908466410017,22.24814834742186,0,0
2025-09-23 23:00:00,29.0,65.9,440.0,0.0,1.3659360616292988,22.18,0,0
2025-09-24 00:00:00,28.802222521132794,64.82962913144534,440.0,0.0,1.3927895899098983,21.768148347421864,0,0
2025-09-24 01:00:00,27.601923788646683,59.73012701892219,400.0,0.0,1.4872456903480302,19.54794919243112,0,1
2025-09-24 02:00:00,28.07867965644036,58.935533905932736,400.0,0.0,1.5593333742862852,19.865786437626905,0,1
2025-09-24 03:00:00,28.7,57.9,400.0,0.0,1.6573732247418338,20.28,0,1
2025-09-24 04:00:00,29.42354286469244,56.694095225512605,400.0,0.0,1.7776085672822786,20.76236190979496,0,1
2025-09-24 05:00:00,30.2,55.4,400.0,0.0,1.9142244369477477,21.28,0,1
2025-09-24 06:00:00,30.97645713530756,54.10590477448739,400.0,0.0,2.0590726596288933,21.79763809020504,0,1
2025-09-24 07:00:00,32.707841361629214,52.39607931918539,397.48039659592695,50.39206808146079,2.355584571091726,23.18705722546629,0,1
2025-09-24 08:00:00,34.268320343559644,50.89096609406726,395.1325,97.34999999999998,2.6515173797088702,24.44651356237309,0,1
2025-09-24 09:00:00,35.551550017293735,49.6931360781076,393.11631548514896,137.6736902970208,2.9159710947633752,25.49017723291525,0,1
2025-09-24 10:00:00,36.4700804012038,48.884219407386354,391.5692426941585,168.61514611683018,3.115992606110766,26.24692428268107,0,1
2025-09-24 11:00:00,36.96131516756964,48.51934241621518,390.5967120810759,188.0657583784816,3.2235157389953724,26.665183650812672,0,1
2025-09-24 12:00:00,36.9917774788672,48.62337086855465,390.265,194.7,3.222344913806788,26.71645165257813,0,1
2025-09-24 13:00:00,34.29807621135332,55.66987298107781,440.0,188.0657583784816,2.397452939071642,25.43205080756888,0,0
2025-09-24 14:00:00,33.82132034355964,56.46446609406726,440.0,168.6151461168302,2.2928286777795566,25.11421356237309,0,0
2025-09-24 15:00:00,33.2,57.5,440.0,137.6736902970208,2.1619125850833187,24.700000000000003,0,0
2025-09-24 16:00:00,32.47645713530756,58.705904774487394,440.0,97.34999999999998,2.0169275528208686,24.217638090205043,0,0
2025-09-24 17:00:00,31.7,60.0,440.0,50.39206808146084,1.8699040721990583,23.7,0,0
2025-09-24 18:00:00,30.92354286469244,61.294095225512606,440.0,2.3843873179398966e-14,1.7313437366280744,23.18236190979496,0,0
2025-09-24 19:00:00,30.2,62.5,440.0,0.0,1.6094936409314018,22.7,0,0
2025-09-24 20:00:00,29.57867965644036,63.53553390593274,440.0,0.0,1.5102116815856892,22.285786437626903,0,0
2025-09-24 21:00:00,29.101923788646683,64.33012701892218,440.0,0.0,1.437257612737781,21.96794919243112,0,0
2025-09-24 22:00:00,28.802222521132794,64.82962913144534,440.0,0.0,1.3927895899098983,21.768148347421864,0,0
2025-09-24 23:00:00,28.7,65.0,440.0,0.0,1.3778637260324031,21.7,0,0
2025-09-25 00:00:00,26.5022225211328,80.62962913144534,440.0,0.0,0.6707059708365054,22.628148347421863,0,0
2025-09-25 01:00:00,25.301923788646683,75.5301270189222,400.0,0.0,0.7892014384276281,20.40794919243112,0,1
2025-09-25 02:00:00,25.77867965644036,74.73553390593274,400.0,0.0,0.8382021702197371,20.725786437626905,0,1
2025-09-25 03:00:00,26.4,73.7,400.0,0.0,0.9051793122809647,21.14,0,1
2025-09-25 04:00:00,27.123542864692435,72.49409522551261,400.0,0.0,0.9878094335065194,21.62236190979496,0,1
2025-09-25 05:00:00,27.9,71.2,400.0,0.0,1.0822974079317154,22.14,0,1
2025-09-25 06:00:00,28.67645713530756,69.9059047744874,400.0,0.0,1.1831158110964282,22.65763809020504,0,1
2025-09-25 07:00:00,30.435793818500287,68.18210309074986,397.41051545374927,51.7896909250144,1.3841692085972728,24.07221443665026,0,1
2025-09-25 08:00:00,32.02232034355964,66.66396609406726,394.9975,100.04999999999998,1.587053861023818,25.35511356237309,0,1
2025-09-25 09:00:00,33.32791754966188,65.45495231192352,392.9253966542286,141.49206691542815,1.7698849109286083,26.41890801204658,0,1
2025-09-25 10:00:00,34.26361114481253,64.637454035582,391.3354158351367,173.29168329726616,1.908811145385639,27.19110195192893,0,1
2025-09-25 11:00:00,34.76563515680885,64.26718242159558,390.3359121079779,193.28175784044257,1.9832627002825893,27.619071641127963,0,1
2025-09-25 12:00:00,34.799777478867206,64.36937086855465,389.995,200.1,1.9813323292784808,27.673651652578137,0,1
2025-09-25 13:00:00,31.998076211353315,71.4698729810778,440.0,193.28175784044257,1.3563959953645344,26.29205080756888,0,0
2025-09-25 14:00:00,31.52132034355964,72.26446609406726,440.0,173.2916832972662,1.2835065414855884,25.97421356237309,0,0
2025-09-25 15:00:00,30.9,73.3,440.0,141.49206691542815,1.1927100033597362,25.56,0,0
2025-09-25 16:00:00,30.17645713530756,74.50590477448739,440.0,100.04999999999998,1.0927277436579432,25.07763809020504,0,0
2025-09-25 17:00:00,29.4,75.8,440.0,51.789690925014455,0.9920083733022018,24.56,0,0
2025-09-25 18:00:00,28.623542864692435,77.0940952255126,440.0,2.4505182450938545e-14,0.8977634076341943,24.042361909794955,0,0
2025-09-25 19:00:00,27.9,78.3,440.0,0.0,0.815481033059661,23.56,0,0
2025-09-25 20:00:00,27.27867965644036,79.33553390593273,440.0,0.0,0.7488901598625922,23.145786437626903,0,0
2025-09-25 21:00:00,26.801923788646683,80.1301270189222,440.0,0.0,0.7002377532047898,22.82794919243112,0,0
2025-09-25 22:00:00,26.5022225211328,80.62962913144534,440.0,0.0,0.6707059708365054,22.628148347421863,0,0
2025-09-25 23:00:00,26.4,80.8,440.0,0.0,0.6608153154294497,22.56,0,0
2025-09-26 00:00:00,27.102222521132795,82.02962913144535,440.0,0.0,0.6445572828480087,23.508148347421866,0,0
2025-09-26 01:00:00,25.901923788646684,76.9301270189222,400.0,0.0,0.7709952795214479,21.287949192431125,0,1
2025-09-26 02:00:00,26.37867965644036,76.13553390593275,400.0,0.0,0.8203229402420024,21.605786437626907,0,1
2025-09-26 03:00:00,27.0,75.10000000000001,400.0,0.0,0.8877697037769002,22.020000000000003,0,1
2025-09-26 04:00:00,27.72354286469244,73.89409522551261,400.0,0.0,0.9710116558145895,22.50236190979496,0,1
2025-09-26 05:00:00,28.5,72.60000000000001,400.0,0.0,1.0662379915447489,23.020000000000003,0,1
2025-09-26 06:00:00,29.276457135307563,71.3059047744874,400.0,0.0,1.167884084014567,23.537638090205043,0,1
2025-09-26 07:00:00,31.02233522815496,69.58883238592253,397.4441619296126,51.116761407747845,1.3679879975183424,24.940101705339465,0,1
2025-09-26 08:00:00,32.59632034355964,68.07696609406727,395.0625,98.75,1.5697715244788586,26.21171356237309,0,1
2025-09-26 09:00:00,33.89114799704018,66.87333708823438,393.01732053578286,139.65358928434316,1.7514418154838947,27.26581541468705,0,1
2025-09-26 10:00:00,34.81857782381574,66.0599706960804,391.44799913762864,171.04001724742662,1.8892871036977112,28.03057196303181,0,1
2025-09-26 11:00:00,35.31540701384182,65.6922964930791,390.4614824653955,190.770350692091,1.962896059865591,28.45386631245764,0,1
2025-09-26 12:00:00,35.34777747886721,65.79537086855467,390.125,197.5,1.9604946639551053,28.506851652578145,0,1
2025-09-26 13:00:00,32.59807621135332,72.8698729810778,440.0,190.770350692091,1.3342186770782105,27.17205080756888,0,0
2025-09-26 14:00:00,32.121320343559645,73.66446609406727,440.0,171.04001724742665,1.2608057493088953,26.854213562373097,0,0
2025-09-26 15:00:00,31.5,74.7,440.0,139.65358928434316,1.1693834324654526,26.44,0,0
2025-09-26 16:00:00,30.776457135307563,75.9059047744874,440.0,98.75,1.0687495906517515,25.957638090205045,0,0
2025-09-26 17:00:00,30.0,77.2,440.0,51.1167614077479,0.9674188333970549,25.44,0,0
2025-09-26 18:00:00,29.22354286469244,78.49409522551261,440.0,2.4186774283160223e-14,0.8726485919888194,24.92236190979496,0,0
2025-09-26 19:00:00,28.5,79.7,440.0,0.0,0.7899500448305987,24.44,0,0
2025-09-26 20:00:00,27.87867965644036,80.73553390593274,440.0,0.0,0.7230553219678698,24.025786437626905,0,0
2025-09-26 21:00:00,27.401923788646684,81.5301270189222,440.0,0.0,0.6742017788578001,23.707949192431123,0,0
2025-09-26 22:00:00,27.102222521132795,82.02962913144535,440.0,0.0,0.6445572828480087,23.508148347421866,0,0
2025-09-26 23:00:00,27.0,82.2,440.0,0.0,0.6346305512943303,23.44,0,0
2025-09-27 00:00:00,28.7022225211328,68.42962913144535,440.0,0.0,1.2430076792014395,22.38814834742187,0,0
2025-09-27 01:00:00,27.501923788646685,63.33012701892219,400.0,0.0,1.3464014990492652,20.167949192431124,0,1
2025-09-27 02:00:00,27.97867965644036,62.53553390593274,400.0,0.0,1.4143737024781453,20.485786437626903,0,1
2025-09-27 03:00:00,28.6,61.5,400.0,0.0,1.5068935799917398,20.9,0,1
2025-09-27 04:00:00,29.32354286469244,60.294095225512606,400.0,0.0,1.620471441802329,21.38236190979496,0,1
2025-09-27 05:00:00,30.1,59.0,400.0,0.0,1.74965987286171,21.9,0,1
2025-09-27 06:00:00,30.876457135307565,57.705904774487394,400.0,0.0,1.8867778140246665,22.417638090205045,0,1
2025-09-27 07:00:00,32.80299092163652,55.898504539181744,396.9925226959087,60.14954608182582,2.193973436777024,23.98269182947287,0,1
2025-09-27 08:00:00,34.545320343559645,54.30246609406726,394.19,112.24058101478974,2.5055550862239877,25.405813562373098,0,1
2025-09-27 09:00:00,35.98470853030839,53.02655682160027,391.7834192026123,164.33161594775365,2.788350651085544,26.590019894628444,0,1
2025-09-27 10:00:00,37.02306355565728,52.15772783015962,389.9367848080248,201.26430383950355,3.005787315857692,27.4546091216892,0,1
2025-09-27 11:00:00,37.58962324059159,51.75518837970421,388.775941898521,224.48116202957948,3.125857372076543,27.94066091653244,0,1
2025-09-27 12:00:00,37.64577747886721,51.84637086855466,388.38,232.4,3.1294637994174495,28.01505165257814,0,1
2025-09-27 13:00:00,34.19807621135332,59.26987298107781,440.0,224.48116202957948,2.190550112046002,26.05205080756888,0,0
2025-09-27 14:00:00,33.72132034355965,60.064466094067264,440.0,201.26430383950355,2.0915345373554697,25.7342135623731,0,0
2025-09-27 15:00:00,33.1,61.1,440.0,164.33161594775365,1.9677298517629638,25.32,0,0
2025-09-27 16:00:00,32.37645713530756,62.3059047744874,440.0,116.2,1.8307509499480439,24.83763809020504,0,0
2025-09-27 17:00:00,31.6,63.6,440.0,60.14954608182589,1.6919992833753543,24.32,0,0
2025-09-27 18:00:00,30.82354286469244,64.89409522551261,440.0,2.846079161218449e-14,1.5613901415136993,23.80236190979496,0,0
2025-09-27 19:00:00,30.1,66.1,440.0,0.0,1.4466699924393165,23.32,0,0
2025-09-27 20:00:00,29.47867965644036,67.13553390593273,440.0,0.0,1.353302000088687,22.905786437626908,0,0
2025-09-27 21:00:00,29.001923788646685,67.93012701892219,440.0,0.0,1.2847585417686354,22.587949192431125,0,0
2025-09-27 22:00:00,28.7022225211328,68.42962913144535,440.0,0.0,1.2430076792014395,22.38814834742187,0,0
2025-09-27 23:00:00,28.6,68.6,440.0,0.0,1.2289989197854712,22.32,0,0
2025-09-28 00:00:00,28.5022225211328,68.32962913144534,440.0,0.0,1.2325732232927422,22.168148347421862,0,0
2025-09-28 01:00:00,27.301923788646683,63.23012701892219,400.0,0.0,1.3343722451179658,19.94794919243112,0,1
2025-09-28 02:00:00,27.77867965644036,62.435533905932736,400.0,0.0,1.4017152110115283,20.265786437626904,0,1
2025-09-28 03:00:00,28.4,61.4,400.0,0.0,1.4933813945801044,20.68,0,1
2025-09-28 04:00:00,29.123542864692435,60.194095225512605,400.0,0.0,1.6059154717127313,21.16236190979496,0,1
2025-09-28 05:00:00,29.9,58.9,400.0,0.0,1.7339220309739714,21.68,0,1
2025-09-28 06:00:00,30.67645713530756,57.60590477448739,400.0,0.0,1.8697914910879625,22.19763809020504,0,1
2025-09-28 07:00:00,32.466852103912586,55.8665739480437,397.33286974021854,53.34260519562952,2.1544433945304444,23.640166893521325,0,1
2025-09-28 08:00:00,34.082320343559644,54.333966094067264,394.8475,103.04999999999998,2.440251101707525,24.949113562373096,0,1
2025-09-28 09:00:00,35.41277036340426,53.11252590505233,392.71326461987263,145.73470760254745,2.6970769700437933,26.03527554441473,0,1
2025-09-28 10:00:00,36.36753419326666,52.28549251135493,391.07560821400136,178.4878357199728,2.892383162921516,26.82463269553764,0,1
2025-09-28 11:00:00,36.881546255963535,51.90922687201823,390.0461343600912,199.07731279817696,2.998192090150698,27.26339163036718,0,1
2025-09-28 12:00:00,36.9197774788672,52.009370868554655,389.695,206.1,2.998190011444915,27.321651652578133,0,1
2025-09-28 13:00:00,33.998076211353315,55.98691848131096,440.0,199.07731279817696,2.340919570961495,25.83205080756888,0,0
2025-09-28 14:00:00,33.521320343559644,59.96446609406726,440.0,178.48783571997282,2.073487560684527,25.514213562373097,0,0
2025-09-28 15:00:00,32.9,61.0,440.0,145.73470760254745,1.9507805776334652,25.1,0,0
2025-09-28 16:00:00,32.17645713530756,62.205904774487394,440.0,103.04999999999998,1.8150209931068302,24.61763809020504,0,0
2025-09-28 17:00:00,31.4,63.5,440.0,53.34260519562958,1.6775098205763534,24.1,0,0
2025-09-28 18:00:00,30.623542864692435,64.7940952255126,440.0,2.5239970530426956e-14,1.5480735927871032,23.582361909794955,0,0
2025-09-28 19:00:00,29.9,66.0,440.0,0.0,1.4343880548203167,23.1,0,0
2025-09-28 20:00:00,29.27867965644036,67.03553390593274,440.0,0.0,1.3418652759479477,22.685786437626906,0,0
2025-09-28 21:00:00,28.801923788646683,67.83012701892218,440.0,0.0,1.2739441876056452,22.36794919243112,0,0
2025-09-28 22:00:00,28.5022225211328,68.32962913144534,440.0,0.0,1.2325732232927422,22.168148347421862,0,0
2025-09-28 23:00:00,28.4,68.5,440.0,0.0,1.2186920707065618,22.1,0,0
2025-09-29 00:00:00,28.802222521132794,68.02962913144535,440.0,0.0,1.2660656863045328,22.408148347421864,0,0
2025-09-29 01:00:00,27.601923788646683,62.93012701892219,400.0,0.0,1.3690633903603953,20.18794919243112,0,1
2025-09-29 02:00:00,28.07867965644036,62.13553390593274,400.0,0.0,1.4378203662689468,20.505786437626902,0,1
2025-09-29 03:00:00,28.7,61.1,400.0,0.0,1.5313971126474426,20.92,0,1
2025-09-29 04:00:00,29.42354286469244,59.89409522551261,400.0,0.0,1.6462558696553617,21.40236190979496,0,1
2025-09-29 05:00:00,30.2,58.6,400.0,0.0,1.7768809795882679,21.92,0,1
2025-09-29 06:00:00,30.97645713530756,57.3059047744874,400.0,0.0,1.9155022835612194,22.43763809020504,0,1
2025-09-29 07:00:00,33.02256532047388,55.43871733976306,396.6935866988153,66.12826602369405,2.24433705796001,24.110308788426494,0,1
2025-09-29 08:00:00,34.87632034355964,53.78696609406726,393.6125,127.75,2.5807017693140657,25.63371356237309,0,1
2025-09-29 09:00:00,36.41139186321658,52.46321515514618,390.9667108703418,180.6657825931629,2.88853258279141,26.90403489424581,0,1
2025-09-29 10:00:00,37.52316729220568,51.557675961885415,388.9365254666538,221.26949066692407,3.1273598526817836,27.834702484582767,0,1
2025-09-29 11:00:00,38.13588097233714,51.13205951383143,387.66029756915714,246.7940486168569,3.261244878480889,28.362292875103428,0,1
2025-09-29 12:00:00,38.2077774788672,51.21537086855466,387.225,255.5,3.268350724452761,28.45085165257813,0,1
2025-09-29 13:00:00,34.29807621135332,58.86987298107781,440.0,246.7940486168569,2.2243911880472305,26.07205080756888,0,0
2025-09-29 14:00:00,33.82132034355964,59.66446609406727,440.0,221.2694906669241,2.124298488515133,25.754213562373096,0,0
2025-09-29 15:00:00,33.2,60.7,440.0,180.6657825931629,1.999133284559398,25.340000000000003,0,0
2025-09-29 16:00:00,32.47645713530756,61.9059047744874,440.0,127.75,1.8606299481929016,24.857638090205043,0,0
2025-09-29 17:00:00,31.7,63.2,440.0,66.12826602369412,1.7203117464231334,24.34,0,0
2025-09-29 18:00:00,30.92354286469244,64.49409522551261,440.0,3.1289725718214875e-14,1.5882053708027732,23.82236190979496,0,0
2025-09-29 19:00:00,30.2,65.7,440.0,0.0,1.4721501835719222,23.34,0,0
2025-09-29 20:00:00,29.57867965644036,66.73553390593274,440.0,0.0,1.3776805382910808,22.925786437626904,0,0
2025-09-29 21:00:00,29.101923788646683,67.5301270189222,440.0,0.0,1.308318988167945,22.60794919243112,0,0
2025-09-29 22:00:00,28.802222521132794,68.02962913144535,440.0,0.0,1.2660656863045328,22.473974596215562,0,0
2025-09-29 23:00:00,28.7,68.2,440.0,0.0,1.251887613938012,22.34,0,0
2025-09-30 00:00:00,28.7022225211328,65.92962913144535,440.0,0.0,1.3414391867355755,21.88814834742187,0,0
2025-09-30 01:00:00,27.501923788646685,60.83012701892219,400.0,0.0,1.438193574504778,19.667949192431124,0,1
2025-09-30 02:00:00,27.97867965644036,60.03553390593274,400.0,0.0,1.5087547153375627,19.985786437626903,0,1
2025-09-30 03:00:00,28.6,59.0,400.0,0.0,1.604743812458736,20.4,0,1
2025-09-30 04:00:00,29.32354286469244,57.794095225512606,400.0,0.0,1.722501067559878,20.88236190979496,0,1
2025-09-30 05:00:00,30.1,56.5,400.0,0.0,1.856346450475229,21.4,0,1
2025-09-30 06:00:00,30.876457135307565,55.205904774487394,400.0,0.0,1.9983050735607997,21.917638090205045,0,1
2025-09-30 07:00:00,32.87804844471625,53.36097577764188,396.8048788882094,63.90242223581237,2.3300116159144104,23.550243600244624,0,1
2025-09-30 08:00:00,34.69032034355965,51.72996609406727,393.8275,123.45,2.667958871226436,25.036313562373103,0,1
2025-09-30 09:00:00,36.18976949685249,50.42402633832823,391.27076678625207,174.5846642749586,2.9761129191154465,26.27457476451813,0,1
2025-09-30 10:00:00,37.27421092275476,49.53215414661088,389.3089163902811,213.8216721943779,3.214368581359881,27.180641752076937,0,1
2025-09-30 11:00:00,37.869741730215424,49.11512913489229,388.07564567446144,238.48708651077092,3.3473282914898665,27.69276755719388,0,1
2025-09-30 12:00:00,37.93577747886721,49.201370868554655,387.655,246.9,3.3536170381776436,27.77605165257814,0,1
2025-09-30 13:00:00,34.19807621135332,56.76987298107781,440.0,238.48708651077092,2.325005260628544,25.55205080756888,0,0
2025-09-30 14:00:00,33.72132034355965,57.564466094067264,440.0,213.82167219437792,2.222466462685554,25.2342135623731,0,0
2025-09-30 15:00:00,33.1,58.6,440.0,174.5846642749586,2.0941906391513294,24.82,0,0
2025-09-30 16:00:00,32.37645713530756,59.8059047744874,440.0,123.45,1.9521725505326446,24.33763809020504,0,0
2025-09-30 17:00:00,31.6,61.1,440.0,63.90242223581244,1.80820802536542,23.82,0,0
2025-09-30 18:00:00,30.82354286469244,62.39409522551261,440.0,3.0236529470948155e-14,1.6725815601328555,23.30236190979496,0,0
2025-09-30 19:00:00,30.1,63.6,440.0,0.0,1.5533565700528351,22.82,0,0
2025-09-30 20:00:00,29.47867965644036,64.63553390593273,440.0,0.0,1.4562476858800795,22.405786437626908,0,0
2025-09-30 21:00:00,29.001923788646685,65.43012701892219,440.0,0.0,1.3849116155371752,22.087949192431125,0,0
2025-09-30 22:00:00,28.7022225211328,65.92962913144535,440.0,0.0,1.3414391867355755,21.88814834742187,0,0
2025-09-30 23:00:00,28.6,66.1,440.0,0.0,1.3268491522524672,21.82,0,0
2025-10-01 00:00:00,29.102222521132795,65.22962913144534,440.0,0.0,1.4010378542695077,22.148148347421863,0,0
2025-10-01 01:00:00,27.901923788646684,60.13012701892219,400.0,0.0,1.4984686664494076,19.92794919243112,0,1
2025-10-01 02:00:00,28.37867965644036,59.335533905932735,400.0,0.0,1.5713066714498218,20.245786437626904,0,1
2025-10-01 03:00:00,29.0,58.3,400.0,0.0,1.6703675592358291,20.66,0,1
2025-10-01 04:00:00,29.72354286469244,57.0940952255126,400.0,0.0,1.7918557092227512,21.14236190979496,0,1
2025-10-01 05:00:00,30.5,55.8,400.0,0.0,1.9298954596616493,21.66,0,1
2025-10-01 06:00:00,31.276457135307563,54.50590477448739,400.0,0.0,2.0762533753236387,22.177638090205043,0,1
2025-10-01 07:00:00,33.21437895962103,52.69281052018948,396.9640526009474,60.718947981051365,2.408385956531999,23.752941063658927,0,1
2025-10-01 08:00:00,34.96732034355964,51.09146609406726,394.135,117.29999999999998,2.7450077767986816,25.18561356237309,0,1
2025-10-01 09:00:00,36.4158212286806,49.811000472414165,391.7056374566818,165.88725086636407,3.050431173096961,26.37802132316343,0,1
2025-10-01 10:00:00,37.46116867342379,48.93867527127636,389.8415220136085,203.1695597278293,3.2853650753780292,27.248903727679064,0,1
2025-10-01 11:00:00,38.03212397694831,48.53393801152584,388.6696900576292,226.6061988474154,3.4154287208499388,27.738911579253475,0,1
2025-10-01 12:00:00,38.089777478867205,48.62437086855466,388.27,234.6,3.4200680278181492,27.81465165257813,0,1
2025-10-01 13:00:00,34.59807621135332,56.06987298107781,440.0,226.6061988474154,2.4157054685175243,25.81205080756888,0,0
2025-10-01 14:00:00,34.121320343559645,56.86446609406726,440.0,203.16955972782927,2.3100360278141694,25.494213562373098,0,0
2025-10-01 15:00:00,33.5,57.9,440.0,165.88725086636407,2.177812533490205,25.08,0,0
2025-10-01 16:00:00,32.77645713530757,59.10590477448739,440.0,117.29999999999998,2.031380481775129,24.597638090205045,0,0
2025-10-01 17:00:00,32.0,60.4,440.0,60.71894798105143,1.8828910569196782,24.08,0,0
2025-10-01 18:00:00,31.22354286469244,61.694095225512605,440.0,2.8730213907996914e-14,1.742951020853643,23.56236190979496,0,0
2025-10-01 19:00:00,30.5,62.9,440.0,0.0,1.6198896279060448,23.08,0,0
2025-10-01 20:00:00,29.87867965644036,63.935533905932736,440.0,0.0,1.5196225058814972,22.665786437626902,0,0
2025-10-01 21:00:00,29.401923788646684,64.73012701892219,440.0,0.0,1.44594576958945,22.347949192431123,0,0
2025-10-01 22:00:00,29.102222521132795,65.22962913144534,440.0,0.0,1.4010378542695077,22.148148347421863,0,0
2025-10-01 23:00:00,29.0,65.4,440.0,0.0,1.3859644496297285,22.08,0,0
2025-10-02 00:00:00,29.5022225211328,67.52962913144535,440.0,0.0,1.338887510144182,23.008148347421866,0,0
2025-10-02 01:00:00,28.301923788646683,62.43012701892219,400.0,0.0,1.4452721671163107,20.78794919243112,0,1
2025-10-02 02:00:00,28.77867965644036,61.63553390593274,400.0,0.0,1.5172107898247675,21.105786437626904,0,1
2025-10-02 03:00:00,29.4,60.6,400.0,0.0,1.615088012731684,21.52,0,1
2025-10-02 04:00:00,30.123542864692435,59.39409522551261,400.0,0.0,1.7351815975754026,22.00236190979496,0,1
2025-10-02 05:00:00,30.9,58.1,400.0,0.0,1.8717059603285748,22.52,0,1
2025-10-02 06:00:00,31.67645713530756,56.8059047744874,400.0,33.07707396410215,2.0165295911584944,23.037638090205043,0,1
2025-10-02 07:00:00,33.723082958564085,54.93845852071796,396.6922926035898,66.1541479282043,2.360229851340542,24.71077466270768,0,1
2025-10-02 08:00:00,35.57732034355964,53.28646609406727,393.61,127.79999999999998,2.711531918571118,26.23461356237309,0,1
2025-10-02 09:00:00,36.90110984328645,51.962508048365,390.963175336436,174.57804660365125,2.9980658195002574,27.505307686451943,0,1
2025-10-02 10:00:00,38.224899343013256,51.05680993648164,388.93219533963486,221.3560932073025,3.282005983786467,28.436261330309584,0,1
2025-10-02 11:00:00,38.83781282398972,50.63109358800514,387.6554679400257,246.89064119948583,3.4216733333056633,28.964031541590742,0,1
2025-10-02 12:00:00,38.909777478867206,50.71437086855466,387.22,255.6,3.429135484475229,29.05265165257813,0,1
2025-10-02 13:00:00,34.998076211353315,58.36987298107781,440.0,246.89064119948583,2.3404804652769244,26.67205080756888,0,0
2025-10-02 14:00:00,34.521320343559644,59.16446609406727,440.0,221.3560932073025,2.2359977390932775,26.354213562373097,0,0
2025-10-02 15:00:00,33.9,60.2,440.0,180.73649327128155,2.105306412480442,25.94,0,0
2025-10-02 16:00:00,33.17645713530756,61.4059047744874,440.0,127.79999999999998,1.9606377073558883,25.45763809020504,0,0
2025-10-02 17:00:00,32.4,62.7,440.0,66.15414792820437,1.8140150768737213,24.94,0,0
2025-10-02 18:00:00,31.623542864692435,63.99409522551261,440.0,3.1301972186206346e-14,1.675914919281135,24.42236190979496,0,0
2025-10-02 19:00:00,30.9,65.2,440.0,0.0,1.5545433751654987,23.94,0,0
2025-10-02 20:00:00,30.27867965644036,66.23553390593274,440.0,0.0,1.4557081105969543,23.525786437626905,0,0
2025-10-02 21:00:00,29.801923788646683,67.0301270189222,440.0,0.0,1.383117881977086,23.207949192431123,0,0
2025-10-02 22:00:00,29.5022225211328,67.52962913144535,440.0,0.0,1.338887510144182,23.008148347421866,0,0
2025-10-02 23:00:00,29.4,67.7,440.0,0.0,1.3240442337876495,22.94,0,0
2025-10-03 00:00:00,27.7022225211328,79.72962913144535,440.0,0.0,0.753021001497255,23.648148347421863,0,0
2025-10-03 01:00:00,26.501923788646685,74.63012701892221,400.0,0.0,0.8784254088168,21.42794919243113,0,1
2025-10-03 02:00:00,26.97867965644036,73.83553390593275,400.0,0.0,0.9316860397159312,21.74578643762691,0,1
2025-10-03 03:00:00,27.6,72.80000000000001,400.0,0.0,1.0044366931995066,22.160000000000004,0,1
2025-10-03 04:00:00,28.32354286469244,71.59409522551262,400.0,0.0,1.094117431963065,22.642361909794964,0,1
2025-10-03 05:00:00,29.1,70.30000000000001,400.0,0.0,1.1965786737079687,23.160000000000004,0,1
2025-10-03 06:00:00,30.506623917425102,69.0059047744874,400.0,0.0,1.3538010956697617,23.677638090205043,0,1
2025-10-03 07:00:00,31.9132478348502,67.14337608257492,396.7168804128745,65.66239174250951,1.5546163338936565,25.34192305136518,0,1
2025-10-03 08:00:00,33.758320343559646,65.49596609406727,393.6575,126.84999999999998,1.8108056213528554,26.8575135623731,0,1
2025-10-03 09:00:00,35.28593601909386,64.17594307720753,391.0303504806486,179.3929903870271,2.0463247953865116,28.121124634535366,0,1
2025-10-03 10:00:00,36.39199037766945,63.27326441915354,389.0144677529944,219.71064494011208,2.2293016811627386,29.04664326150016,0,1
2025-10-03 11:00:00,37.00110764259073,62.84944617870464,387.7472308935232,245.0553821295366,2.331269174932344,29.57099687833166,0,1
2025-10-03 12:00:00,37.071777478867205,62.93337086855466,387.315,253.7,2.3349708967164955,29.658451652578137,0,1
2025-10-03 13:00:00,33.19807621135332,70.56987298107781,440.0,245.0553821295366,1.4969060409374617,27.31205080756888,0,1
2025-10-03 14:00:00,32.72132034355964,71.36446609406727,440.0,219.7106449401121,1.4180459681078719,26.99421356237309,0,0
2025-10-03 15:00:00,32.1,72.4,440.0,179.3929903870271,1.3197520069994877,26.58,0,0
2025-10-03 16:00:00,31.376457135307565,73.6059047744874,440.0,126.84999999999998,1.21143069642363,26.097638090205045,0,0
2025-10-03 17:00:00,30.6,74.9,440.0,65.66239174250958,1.1022142786259153,25.58,0,0
2025-10-03 18:00:00,29.85,76.19409522551261,440.0,3.106928929436835e-14,1.001441907210406,25.06236190979496,0,0
2025-10-03 19:00:00,29.1,77.4,440.0,0.0,0.9105278796565688,24.614074173710932,0,0
2025-10-03 20:00:00,28.47867965644036,78.43553390593274,440.0,0.0,0.8381179708620448,24.165786437626902,0,0
2025-10-03 21:00:00,28.09045108878658,79.2301270189222,440.0,0.0,0.7892309544824053,23.847949192431127,0,0
2025-10-03 22:00:00,27.7022225211328,79.72962913144535,440.0,0.0,0.753021001497255,23.648148347421863,0,0
2025-10-03 23:00:00,27.6,79.9,440.0,0.0,0.742249174018753,23.58,0,0
2025-10-04 00:00:00,25.802222521132794,89.72962913144535,440.0,0.0,0.34121660395560777,23.748148347421864,0,0
2025-10-04 01:00:00,24.601923788646683,84.63012701892221,400.0,0.0,0.4754573177309486,21.527949192431127,0,1
2025-10-04 02:00:00,25.07867965644036,83.83553390593275,400.0,0.0,0.5144590474871791,21.845786437626906,0,1
2025-10-04 03:00:00,25.7,82.80000000000001,400.0,0.0,0.5679932481735298,22.26,0,1
2025-10-04 04:00:00,26.42354286469244,81.59409522551262,400.0,0.0,0.6343640548067648,22.74236190979496,0,1
2025-10-04 05:00:00,27.2,80.30000000000001,400.0,0.0,0.7106554955975256,23.26,0,1
2025-10-04 06:00:00,27.97645713530756,79.0059047744874,400.0,0.0,0.7924750119091052,23.777638090205045,0,1
2025-10-04 07:00:00,29.642101324173176,77.32894933791343,397.6447466895671,47.105066208658776,0.9423756869476919,25.10789119175586,0,1
2025-10-04 08:00:00,31.14132034355964,75.85446609406728,395.45,91.0,1.0935184035443821,26.31221356237309,0,1
2025-10-04 09:00:00,32.37194489487235,74.6829386393183,393.5653282912024,128.6934341759517,1.2293026244480225,27.30853262273601,0,1
2025-10-04 10:00:00,33.25010994864256,73.89420463366699,392.1191688255616,157.61662348876783,1.331695067956183,28.02895087537596,0,1
2025-10-04 11:00:00,33.715970007692206,73.77228775111084,391.2100749807695,175.79850038461043,1.373207954084374,28.424373006922988,0,1
2025-10-04 12:00:00,33.7377774788672,73.65037086855467,390.9,182.0,1.3812706936197328,28.467851652578137,0,1
2025-10-04 13:00:00,31.298076211353315,80.56987298107781,440.0,175.79850038461043,0.8878392563409339,27.41205080756888,0,0
2025-10-04 14:00:00,30.82132034355964,81.36446609406727,440.0,157.61662348876786,0.8287395744120155,27.094213562373096,0,0
2025-10-04 15:00:00,30.2,82.4,440.0,128.6934341759517,0.7553890154771377,26.68,0,0
2025-10-04 16:00:00,29.47645713530756,83.6059047744874,440.0,91.0,0.6749941600322775,26.197638090205043,0,0
2025-10-04 17:00:00,28.7,84.9,440.0,47.105066208658826,0.594449778945408,25.68,0,0
2025-10-04 18:00:00,27.92354286469244,86.19409522551261,440.0,2.2288571744481832e-14,0.5195349064837379,25.16236190979496,0,0
2025-10-04 19:00:00,27.2,87.4,440.0,0.0,0.4545309261182143,24.68,0,0
2025-10-04 20:00:00,26.57867965644036,88.43553390593274,440.0,0.0,0.40223018325156557,24.265786437626907,1,0
2025-10-04 21:00:00,26.101923788646683,89.2301270189222,440.0,0.0,0.36420975684832535,23.947949192431125,1,0
2025-10-04 22:00:00,25.802222521132794,89.72962913144535,440.0,0.0,0.34121660395560777,23.748148347421864,1,0
2025-10-04 23:00:00,25.7,89.9,440.0,0.0,0.3335309189856193,23.68,1,0
2025-10-05 00:00:00,25.102222521132795,91.42962913144534,440.0,0.0,0.2731477757408027,23.38814834742186,1,0
2025-10-05 01:00:00,23.901923788646684,86.3301270189222,400.0,0.0,0.4055026980883053,21.167949192431124,1,1
2025-10-05 02:00:00,24.37867965644036,85.53553390593274,400.0,0.0,0.4415156238582395,21.485786437626903,1,1
2025-10-05 03:00:00,25.0,84.5,400.0,0.0,0.4910055462135614,21.9,0,1
2025-10-05 04:00:00,25.72354286469244,83.2940952255126,400.0,0.0,0.5524468018610078,22.38236190979496,0,1
2025-10-05 05:00:00,26.5,82.0,400.0,0.0,0.6231748245836086,22.9,0,1
2025-10-05 06:00:00,27.276457135307563,80.7059047744874,400.0,0.0,0.6991362879188434,23.41763809020504,0,1
2025-10-05 07:00:00,29.193673436012823,78.90316328199359,397.015816409968,59.68367180064128,0.8545756968154791,24.974306092411545,0,1
2025-10-05 08:00:00,30.927320343559643,77.31146609406726,394.235,115.29999999999998,1.015093295112518,26.389613562373093,0,1
2025-10-05 09:00:00,32.35925268618567,76.03928474366163,391.8470588129191,163.05882374161786,1.162611596424964,27.567109634918,0,1
2025-10-05 10:00:00,33.39188664112103,75.17331628742774,390.0147270943654,199.7054581126916,1.276533173021678,28.42654989860658,0,1
2025-10-05 11:00:00,33.954849910845184,74.77257504457741,388.8628752228871,222.74249554225915,1.3385426121478021,28.909364919760662,0,1
2025-10-05 12:00:00,34.00977747886721,74.86437086855466,388.47,230.6,1.3377575684312024,28.98265165257813,0,1
2025-10-05 13:00:00,30.59807621135332,82.2698729810778,440.0,222.74249554225915,0.778496116431805,27.052050807568875,0,0
2025-10-05 14:00:00,30.12132034355964,83.06446609406726,440.0,199.7054581126916,0.7236012714852809,26.734213562373093,0,0
2025-10-05 15:00:00,29.5,84.1,440.0,163.05882374161786,0.6555387896316079,26.32,0,0
2025-10-05 16:00:00,28.776457135307563,85.30590477448739,440.0,115.29999999999998,0.5810369356030531,25.83763809020504,0,0
2025-10-05 17:00:00,28.0,86.6,440.0,59.68367180064134,0.5065106687753653,25.32,0,0
2025-10-05 18:00:00,27.22354286469244,87.8940952255126,440.0,2.8240355188337964e-14,0.43730962032230714,24.80236190979496,1,0
2025-10-05 19:00:00,26.5,89.1,440.0,0.0,0.3773669771089633,24.32,1,0
2025-10-05 20:00:00,25.87867965644036,90.13553390593272,440.0,0.0,0.329217461108199,23.905786437626904,1,0
2025-10-05 21:00:00,25.401923788646684,90.9301270189222,440.0,0.0,0.29426412572474625,23.58794919243112,1,0
2025-10-05 22:00:00,25.102222521132795,91.42962913144534,440.0,0.0,0.2731477757408027,23.38814834742186,1,0
2025-10-05 23:00:00,25.0,91.6,440.0,0.0,0.2660933282705754,23.32,1,0
2025-10-06 00:00:00,27.0022225211328,80.22962913144535,440.0,0.0,0.7049728895750417,23.048148347421865,0,0
2025-10-06 01:00:00,25.801923788646683,75.13012701892221,400.0,0.0,0.8262470389486404,20.827949192431124,0,1
2025-10-06 02:00:00,26.27867965644036,74.33553390593275,400.0,0.0,0.8770098858332713,21.145786437626903,0,1
2025-10-06 03:00:00,26.9,73.30000000000001,400.0,0.0,0.9463752711060118,21.56,0,1
2025-10-06 04:00:00,27.623542864692435,72.09409522551262,400.0,0.0,1.0319219528763228,22.04236190979496,0,1
2025-10-06 05:00:00,28.4,70.80000000000001,400.0,0.0,1.1297082052264,22.56,0,1
2025-10-06 06:00:00,29.17645713530756,69.5059047744874,400.0,0.0,1.2340065377780747,23.07763809020504,0,1
2025-10-06 07:00:00,31.21221255866978,67.64389372066512,396.7194686033256,65.61062793348901,1.4712823542863034,24.740991302802804,0,1
2025-10-06 08:00:00,33.05632034355964,66.16062550571752,393.6625,126.75,1.7075552549569109,26.255713562373096,0,1
2025-10-06 09:00:00,34.58310759196911,64.67735729076992,391.0374215484605,179.2515690307898,1.9407711424460485,27.51857905012309,0,1
2025-10-06 10:00:00,35.688526276054304,63.77499646996111,389.02312800703226,219.5374398593552,2.1156188503313276,28.443525570046525,0,1
2025-10-06 11:00:00,36.29724393928557,63.35137803035722,387.7568901517861,244.8621969642788,2.2130549119081544,28.96751954535701,0,1
2025-10-06 12:00:00,36.3677774788672,63.43537086855466,387.325,253.5,2.2165234673777086,29.054851652578137,0,1
2025-10-06 13:00:00,32.498076211353315,71.06987298107781,440.0,244.8621969642788,1.41475531696596,26.712050807568875,0,0
2025-10-06 14:00:00,32.02132034355964,71.86446609406727,440.0,219.5374398593552,1.339394033817953,26.39421356237309,0,0
2025-10-06 15:00:00,31.4,72.9,440.0,179.2515690307898,1.2454935928114839,25.98,0,0
2025-10-06 16:00:00,30.67645713530756,74.1059047744874,440.0,126.75,1.142059021770277,25.497638090205044,0,0
2025-10-06 17:00:00,29.9,75.4,440.0,65.61062793348908,1.0378219455464646,24.98,0,0
2025-10-06 18:00:00,29.123542864692435,76.69409522551261,440.0,3.1044796358385404e-14,0.9402452543573637,24.46236190979496,0,0
2025-10-06 19:00:00,28.4,77.9,440.0,0.0,0.8550188813528576,23.98,0,0
2025-10-06 20:00:00,27.77867965644036,78.93553390593274,440.0,0.0,0.7860189590330399,23.565786437626905,0,0
2025-10-06 21:00:00,27.301923788646683,79.7301270189222,440.0,0.0,0.7355901373914386,23.24794919243112,0,0
2025-10-06 22:00:00,27.0022225211328,80.22962913144535,440.0,0.0,0.7049728895750417,23.048148347421865,0,0
2025-10-06 23:00:00,26.9,80.4,440.0,0.0,0.6947174274785706,22.98,0,0
2025-10-07 00:00:00,27.2022225211328,79.82962913144534,440.0,0.0,0.7277183355012408,23.168148347421862,0,0
2025-10-07 01:00:00,26.001923788646685,74.7301270189222,400.0,0.0,0.8495281791405966,20.947949192431125,0,1
2025-10-07 02:00:00,26.47867965644036,73.93553390593274,400.0,0.0,0.9012409255075896,21.265786437626907,0,1
2025-10-07 03:00:00,27.1,72.9,400.0,0.0,0.9718901634811359,21.680000000000003,0,1
2025-10-07 04:00:00,27.82354286469244,71.69409522551261,400.0,0.0,1.0589995425349554,22.16236190979496,0,1
2025-10-07 05:00:00,28.6,70.4,400.0,0.0,1.1585467524092334,22.680000000000003,0,1
2025-10-07 06:00:00,29.376457135307565,69.1059047744874,400.0,0.0,1.2646964591829055,23.197638090205047,0,1
2025-10-07 07:00:00,31.284355950389138,67.30782202480543,397.0391101240272,59.217797519456745,1.4926708884633917,24.745920355350226,0,1
2025-10-07 08:00:00,33.009320343559644,65.72046609406726,394.28,114.4,1.725212881823378,26.153413562373096,0,1
2025-10-07 09:00:00,34.43379684206296,64.45201266572299,391.9106984232259,161.7860315354821,1.9370425530171258,27.32419937520756,0,1
2025-10-07 10:00:00,35.460709726584795,63.58890474469586,390.092669380706,198.1466123858796,2.099990298440441,28.178490675523967,0,1
2025-10-07 11:00:00,36.02007658109878,63.18996170945061,388.949808547253,221.00382905493885,2.189293620261251,28.6580689229889,0,1
2025-10-07 12:00:00,36.07377747886721,63.28237086855466,388.56,228.8,2.1902391675307737,28.73025165257814,0,1
2025-10-07 13:00:00,32.69807621135332,70.6698729810778,440.0,221.00382905493885,1.4505460355741193,26.83205080756888,0,0
2025-10-07 14:00:00,32.22132034355964,71.46446609406726,440.0,198.1466123858796,1.3738619313230698,26.514213562373094,0,0
2025-10-07 15:00:00,31.6,72.5,440.0,161.7860315354821,1.2782961618907211,26.1,0,0
2025-10-07 16:00:00,30.876457135307565,73.7059047744874,440.0,114.4,1.1730033529934154,25.61763809020504,0,0
2025-10-07 17:00:00,30.1,75.0,440.0,59.21779751945681,1.066865776135189,25.1,0,0
2025-10-07 18:00:00,29.32354286469244,76.2940952255126,440.0,2.8019918764491442e-14,0.9674818369540163,24.58236190979496,0,0
2025-10-07 19:00:00,28.6,77.5,440.0,0.0,0.8806520922029647,24.1,0,0
2025-10-07 20:00:00,27.97867965644036,78.53553390593274,440.0,0.0,0.8103352201778748,23.68578643762691,0,0
2025-10-07 21:00:00,27.501923788646685,79.3301270189222,440.0,0.0,0.758932216133983,23.367949192431126,0,0
2025-10-07 22:00:00,27.2022225211328,79.82962913144534,440.0,0.0,0.7277183355012408,23.168148347421862,0,0
2025-10-07 23:00:00,27.1,80.0,440.0,0.0,0.717262113270211,23.1,0,0
2025-10-08 00:00:00,27.4022225211328,83.42962913144534,440.0,0.0,0.6048752327172289,24.088148347421864,0,0
2025-10-08 01:00:00,26.201923788646685,78.3301270189222,400.0,0.0,0.7371598568384367,21.867949192431126,0,1
2025-10-08 02:00:00,26.67867965644036,77.53553390593274,400.0,0.0,0.78595961593235,22.185786437626906,0,1
2025-10-08 03:00:00,27.3,76.5,400.0,0.0,0.852714853808558,22.6,0,1
2025-10-08 04:00:00,28.02354286469244,75.2940952255126,400.0,0.0,0.9351469061651687,23.08236190979496,0,1
2025-10-08 05:00:00,28.8,74.0,400.0,0.0,1.029499283683192,23.6,0,1
2025-10-08 06:00:00,29.576457135307564,72.7059047744874,400.0,0.0,1.1302672133197427,24.11763809020504,0,1
2025-10-08 07:00:00,31.270053781044247,71.01497310947788,397.5748655473894,48.50268905221239,1.3223335808217724,25.473048402939824,0,1
2025-10-08 08:00:00,32.795320343559645,69.52746609406726,395.315,93.7,1.5153029969834106,26.7008135623731,0,1
2025-10-08 09:00:00,34.048312427240496,68.3447548731342,393.3744094602821,132.511810794359,1.6883596055535872,27.71726340186734,0,1
2025-10-08 10:00:00,34.94364069225128,67.54743926186262,391.8853419665398,162.2931606692038,1.8190277302716178,28.4531285446238,0,1
2025-10-08 11:00:00,35.42028999693143,67.18985500153428,390.9492750076714,181.0144998465714,1.8880983016416202,28.85826099723829,0,1
2025-10-08 12:00:00,35.44577747886721,67.29637086855466,390.63,187.4,1.8846133143084969,28.905051652578138,0,1
2025-10-08 13:00:00,32.89807621135331,74.2698729810778,440.0,181.0144998465714,1.2868823578343083,27.75205080756887,0,0
2025-10-08 14:00:00,32.42132034355964,75.06446609406726,440.0,162.2931606692038,1.2141500827613185,27.43421356237309,0,0
2025-10-08 15:00:00,31.8,76.1,440.0,132.511810794359,1.1236109250328608,27.02,0,0
2025-10-08 16:00:00,31.076457135307564,77.30590477448739,440.0,93.7,1.0239994573353495,26.537638090205043,0,0
2025-10-08 17:00:00,30.3,78.6,440.0,48.50268905221244,0.923757831934311,26.02,0,0
2025-10-08 18:00:00,29.52354286469244,79.8940952255126,440.0,2.29498810160214e-14,0.8300676654124504,25.50236190979496,0,0
2025-10-08 19:00:00,28.8,81.1,440.0,0.0,0.7483667869850897,25.02,0,0
2025-10-08 20:00:00,28.17867965644036,82.13553390593273,440.0,0.0,0.6823215666448369,24.605786437626904,0,0
2025-10-08 21:00:00,27.701923788646685,82.93012701892219,440.0,0.0,0.6341151254054825,24.287949192431125,0,0
2025-10-08 22:00:00,27.4022225211328,83.42962913144534,440.0,0.0,0.6048752327172289,24.088148347421864,0,0
2025-10-08 23:00:00,27.3,83.6,440.0,0.0,0.5950861107429939,24.02,0,0
2025-10-09 00:00:00,27.7022225211328,81.12962913144534,440.0,0.0,0.701012609103627,23.928148347421864,0,0
2025-10-09 01:00:00,26.501923788646685,76.0301270189222,400.0,0.0,0.8299507643729449,21.707949192431126,0,1
2025-10-09 02:00:00,26.97867965644036,75.23553390593274,400.0,0.0,0.8818336769383832,22.025786437626905,0,1
2025-10-09 03:00:00,27.6,74.2,400.0,0.0,0.9527377457554146,22.44,0,1
2025-10-09 04:00:00,28.32354286469244,72.99409522551261,400.0,0.0,1.0401932772174636,22.92236190979496,0,1
2025-10-09 05:00:00,29.1,71.7,400.0,0.0,1.1401742917823403,23.44,0,1
2025-10-09 06:00:00,29.876457135307565,70.4059047744874,400.0,0.0,1.2468260359171832,23.957638090205045,0,1
2025-10-09 07:00:00,31.810237854899388,68.59488107255031,396.9744053627516,60.51189274496935,1.4773048083012024,25.52921406940945,0,1
2025-10-09 08:00:00,33.55932034355964,66.99546609406727,394.155,116.9,1.7129765378913202,26.958413562373096,0,1
2025-10-09 09:00:00,35.00450752018161,65.71665732666365,391.73392172792927,165.32156544141483,1.92812336914494,28.14783898551434,0,1
2025-10-09 10:00:00,36.04731226696324,64.84560347450665,389.87616302976,202.4767394048017,2.0939495433892454,29.016432961864567,0,1
2025-10-09 11:00:00,36.616669163727686,64.44166541813617,388.7083270906808,225.83345818638412,2.185052936425615,29.50500224735492,0,1
2025-10-09 12:00:00,36.67377747886721,64.53237086855466,388.31,233.8,2.1862866725852355,29.58025165257814,0,1
2025-10-09 13:00:00,33.19807621135332,71.9698729810778,440.0,225.83345818638412,1.4256977700399214,27.59205080756888,0,0
2025-10-09 14:00:00,32.72132034355964,72.76446609406726,440.0,202.47673940480172,1.3487172675544765,27.27421356237309,0,0
2025-10-09 15:00:00,32.1,73.8,440.0,165.32156544141483,1.252808064615456,26.86,0,0
2025-10-09 16:00:00,31.376457135307565,75.00590477448739,440.0,116.9,1.1471737874255254,26.377638090205043,0,0
2025-10-09 17:00:00,30.6,76.3,440.0,60.511892744969416,1.0407361913718804,25.86,0,0
2025-10-09 18:00:00,29.82354286469244,77.5940952255126,440.0,30.255946372484708,0.941117172619898,25.34236190979496,0,0
2025-10-09 19:00:00,29.1,78.8,440.0,0.0,0.8541234977309411,24.86,0,0
2025-10-09 20:00:00,28.47867965644036,79.83553390593273,440.0,0.0,0.7837059972899438,24.445786437626907,0,0
2025-10-09 21:00:00,28.001923788646685,80.6301270189222,440.0,0.0,0.7322497274301213,24.127949192431124,0,0
2025-10-09 22:00:00,27.7022225211328,81.12962913144534,440.0,0.0,0.701012609103627,23.928148347421864,0,0
2025-10-09 23:00:00,27.6,81.3,440.0,0.0,0.6905502265746611,23.758148347421862,0,0
2025-10-10 00:00:00,27.0022225211328,82.92962913144534,440.0,0.0,0.6086961523045202,23.58814834742186,0,0
2025-10-10 01:00:00,25.801923788646683,77.8301270189222,400.0,0.0,0.7365454547524254,21.367949192431123,0,1
2025-10-10 02:00:00,26.27867965644036,77.03553390593274,400.0,0.0,0.7847450912698182,21.685786437626906,0,1
2025-10-10 03:00:00,26.9,76.0,400.0,0.0,0.8506744009941682,22.1,0,1
2025-10-10 04:00:00,27.623542864692435,74.7940952255126,400.0,0.0,0.9320796687690077,22.582361909794955,0,1
2025-10-10 05:00:00,28.4,73.5,400.0,0.0,1.0252488848801236,23.1,0,1
2025-10-10 06:00:00,29.17645713530756,72.2059047744874,400.0,0.0,1.1247454619087616,23.61763809020504,0,1
2025-10-10 07:00:00,31.03155686518821,70.43422156740588,397.1711078370295,56.57784325941103,1.3306580558121883,25.118401178669394,0,1
2025-10-10 08:00:00,32.70732034355964,68.87146609406726,394.535,109.29999999999998,1.5402879762307125,26.481613562373088,0,1
2025-10-10 09:00:00,34.0895470587009,67.62413755740401,392.271322881631,154.5735423673793,1.7307614271758407,27.614374570181702,0,1
2025-10-10 10:00:00,35.08404054421277,66.77723933588187,390.5343423366361,189.31315326727827,1.8767042891246164,28.439488411389146,0,1
2025-10-10 11:00:00,35.6230277125358,66.3884861437321,389.4424307186605,211.1513856267904,1.955925907136789,28.90072494128222,0,1
2025-10-10 12:00:00,35.6697774788672,66.48437086855466,388.375,218.6,1.9553682660239304,28.966651652578136,0,1
2025-10-10 13:00:00,32.498076211353315,73.7698729810778,440.0,211.1513856267904,1.2827185874587008,27.252050807568875,0,0
2025-10-10 14:00:00,32.02132034355964,74.56446609406726,440.0,189.3131532672783,1.210860347434063,26.93421356237309,0,0
2025-10-10 15:00:00,31.4,75.6,440.0,154.5735423673793,1.121403825262001,26.52,0,0
2025-10-10 16:00:00,30.67645713530756,76.80590477448739,440.0,109.29999999999998,1.0229755267910199,26.03763809020504,0,0
2025-10-10 17:00:00,29.9,78.1,440.0,56.57784325941109,0.9239146588401456,25.52,0,0
2025-10-10 18:00:00,29.123542864692435,79.3940952255126,440.0,2.6770779029361145e-14,0.8313174006083045,25.00236190979496,0,0
2025-10-10 19:00:00,28.4,80.6,440.0,0.0,0.7505595610065813,24.52,0,0
2025-10-10 20:00:00,27.77867965644036,81.63553390593273,440.0,0.0,0.685268663254742,24.105786437626904,0,0
2025-10-10 21:00:00,27.301923788646683,82.43012701892219,440.0,0.0,0.6376076106725528,23.78794919243112,0,0
2025-10-10 22:00:00,27.0022225211328,82.92962913144534,440.0,0.0,0.6086961523045202,23.58814834742186,0,0
2025-10-10 23:00:00,26.9,83.1,440.0,0.0,0.599016557366727,23.52,0,0
2025-10-11 00:00:00,26.602222521132795,84.02962913144535,440.0,0.0,0.5562445642992795,23.408148347421864,0,0
2025-10-11 01:00:00,25.401923788646684,78.9301270189222,400.0,0.0,0.6835936693759007,21.187949192431127,0,1
2025-10-11 02:00:00,25.87867965644036,78.13553390593275,400.0,0.0,0.729706397420157,21.50578643762691,0,1
2025-10-11 03:00:00,26.5,77.10000000000001,400.0,0.0,0.7928168601647014,21.92,0,1
2025-10-11 04:00:00,27.22354286469244,75.89409522551261,400.0,0.0,0.8707935722964697,22.40236190979496,0,1
2025-10-11 05:00:00,28.0,74.60000000000001,400.0,0.0,0.9601023124547964,22.92,0,1
2025-10-11 06:00:00,29.335707499067006,73.3059047744874,400.0,0.0,1.0901996518787804,23.43763809020504,0,1
2025-10-11 07:00:00,30.671414998134008,71.51429250093301,397.07146250466496,58.57074990670045,1.2560006065274714,24.97427349832061,0,1
2025-10-11 08:00:00,32.384320343559644,69.93296609406727,394.3425,113.15,1.4609621457691668,26.370913562373097,0,1
2025-10-11 09:00:00,33.79844150300363,68.66969033525265,391.9990867708742,160.0182645825157,1.647928662355018,27.53237957005416,0,1
2025-10-11 10:00:00,34.817408456395576,67.81055537979049,390.2009225561791,195.9815488764185,1.7917240534455134,28.379519532353672,0,1
2025-10-11 11:00:00,35.371780289784326,67.41410985510785,389.0705492755392,218.58901448921617,1.8701868791572396,28.854602260805898,0,1
2025-10-11 12:00:00,35.42377747886721,67.50737086855466,388.685,226.3,1.87018581764162,28.92525165257814,0,1
2025-10-11 13:00:00,32.09807621135332,74.8698729810778,440.0,211.14077443820923,1.201519309663146,27.07205080756888,0,0
2025-10-11 14:00:00,31.62132034355964,75.66446609406727,440.0,195.9815488764185,1.1325683476679829,26.754213562373096,0,0
2025-10-11 15:00:00,31.0,76.7,440.0,160.0182645825157,1.0467739945106298,26.34,0,0
2025-10-11 16:00:00,30.276457135307563,77.9059047744874,440.0,113.15,0.9524350909024847,25.857638090205043,0,0
2025-10-11 17:00:00,29.5,79.2,440.0,58.570749906700506,0.8575601776312856,25.34,0,0
2025-10-11 18:00:00,28.72354286469244,80.49409522551261,440.0,2.7713757064704604e-14,0.768947116414463,24.82236190979496,0,0
2025-10-11 19:00:00,28.0,81.7,440.0,0.0,0.6917272566111329,24.34,0,0
2025-10-11 20:00:00,27.37867965644036,82.73553390593274,440.0,0.0,0.6293448008689083,23.925786437626908,0,0
2025-10-11 21:00:00,26.901923788646684,83.5301270189222,440.0,0.0,0.5838367450099745,23.607949192431125,0,0
2025-10-11 22:00:00,26.602222521132795,84.02962913144535,440.0,0.0,0.5562445642992795,23.408148347421864,0,0
2025-10-11 23:00:00,26.5,84.2,440.0,0.0,0.5470090126900561,23.34,0,0
2025-10-12 00:00:00,26.5022225211328,84.32962913144534,440.0,0.0,0.5425921567575166,23.36814834742186,0,0
2025-10-12 01:00:00,25.301923788646683,79.2301270189222,400.0,0.0,0.6698691752630316,21.147949192431124,0,1
2025-10-12 02:00:00,25.77867965644036,78.43553390593274,400.0,0.0,0.7154468339990636,21.465786437626903,0,1
2025-10-12 03:00:00,26.4,77.4,400.0,0.0,0.7778346942034144,21.88,0,1
2025-10-12 04:00:00,27.123542864692435,76.19409522551261,400.0,0.0,0.8549326954410201,22.36236190979496,0,1
2025-10-12 05:00:00,27.9,74.9,400.0,0.0,0.9432522548293767,22.88,0,1
2025-10-12 06:00:00,28.67645713530756,73.6059047744874,400.0,0.0,1.037654435093813,23.39763809020504,0,1
2025-10-12 07:00:00,30.33847785754174,71.93076107122914,397.65380535614565,46.92389287708701,1.2143145578096948,24.72463007178757,0,1
2025-10-12 08:00:00,31.83432034355964,70.45796609406727,395.4675,90.65,1.3915597651155047,25.925913562373093,0,1
2025-10-12 09:00:00,33.062045399935734,69.28788838678659,393.59007702854393,128.19845942912107,1.5502492132133774,26.919623077293053,0,1
2025-10-12 10:00:00,33.93798559298958,68.50026681149347,392.14947971469405,157.01040570611872,1.6697759284252147,27.63803895528828,0,1
2025-10-12 11:00:00,34.40244704612416,68.14877647693793,391.2438823846896,175.1223523062081,1.7325849012975347,28.032202341511745,0,1
2025-10-12 12:00:00,34.4237774788672,68.25737086855466,390.935,181.3,1.7287234578240713,28.07525165257813,0,1
2025-10-12 13:00:00,31.998076211353315,75.1698729810778,440.0,175.1223523062081,1.180488430020706,27.03205080756888,0,0
2025-10-12 14:00:00,31.52132034355964,75.96446609406726,440.0,157.01040570611875,1.1122830770445142,26.714213562373093,0,0
2025-10-12 15:00:00,30.9,77.0,440.0,128.19845942912107,1.0274280927817951,26.3,0,0
2025-10-12 16:00:00,30.17645713530756,78.2059047744874,440.0,90.65,0.9341383677349897,25.81763809020504,0,0
2025-10-12 17:00:00,29.4,79.5,440.0,46.92389287708706,0.8403376715989724,25.3,0,0
2025-10-12 18:00:00,28.623542864692435,80.7940952255126,440.0,2.2202846468541522e-14,0.752747323748861,24.78236190979496,0,0
2025-10-12 19:00:00,27.9,82.0,440.0,0.0,0.6764358799573225,24.3,0,0
2025-10-12 20:00:00,27.27867965644036,83.03553390593274,440.0,0.0,0.6148003857122157,23.885786437626905,0,0
2025-10-12 21:00:00,26.801923788646683,83.8301270189222,440.0,0.0,0.5698453903887298,23.56794919243112,0,0
2025-10-12 22:00:00,26.5022225211328,84.32962913144534,440.0,0.0,0.5425921567575166,23.36814834742186,0,0
2025-10-12 23:00:00,26.4,84.5,440.0,0.0,0.5334706973518994,23.3,0,0
2025-10-13 00:00:00,28.0022225211328,79.52962913144535,440.0,0.0,0.7738659012838242,23.908148347421864,0,0
2025-10-13 01:00:00,26.801923788646683,74.4301270189222,400.0,0.0,0.9011124742998002,21.687949192431123,0,1
2025-10-13 02:00:00,27.27867965644036,73.63553390593275,400.0,0.0,0.9554608930131715,22.005786437626902,0,1
2025-10-13 03:00:00,27.9,72.60000000000001,400.0,0.0,1.0296857283794791,22.42,0,1
2025-10-13 04:00:00,28.623542864692435,71.39409522551261,400.0,0.0,1.1211665638899777,22.90236190979496,0,1
2025-10-13 05:00:00,29.4,70.10000000000001,400.0,0.0,1.2256632380882573,23.42,0,1
2025-10-13 06:00:00,30.17645713530756,68.8059047744874,400.0,0.0,1.337041106566276,23.93763809020504,0,1
2025-10-13 07:00:00,32.06313278869073,67.01843360565465,397.0921680282732,58.15663943453641,1.5738027388879434,25.46681950982166,0,1
2025-10-13 08:00:00,33.76832034355964,65.44096609406728,394.3825,112.34999999999998,1.8147039652891648,26.85651356237309,0,1
2025-10-13 09:00:00,35.17581408600566,64.18100404375163,392.05565531336913,158.88689373261724,2.0336412642807287,28.012014894755985,0,1
2025-10-13 10:00:00,36.18969564347447,63.32441178625103,390.2702045884818,194.5959082303633,2.2016763799291548,28.85457800072468,0,1
2025-10-13 11:00:00,36.740870663343074,62.92956466832847,389.1478233416423,217.04353316715364,2.2934702753021248,29.326783597008767,0,1
2025-10-13 12:00:00,36.7917774788672,63.02337086855466,388.765,224.7,2.294029517146873,29.396451652578136,0,1
2025-10-13 13:00:00,33.498076211353315,70.3698729810778,440.0,217.04353316715364,1.5325872873256192,27.572050807568875,0,0
2025-10-13 14:00:00,33.02132034355964,71.16446609406727,440.0,194.59590823036336,1.4522054800885553,27.25421356237309,0,0
2025-10-13 15:00:00,32.4,72.2,440.0,158.88689373261724,1.3520005130586985,26.84,0,0
2025-10-13 16:00:00,31.67645713530756,73.4059047744874,440.0,112.34999999999998,1.241553496892273,26.357638090205043,0,0
2025-10-13 17:00:00,30.9,74.7,440.0,58.15663943453647,1.1301709020599746,25.84,0,0
2025-10-13 18:00:00,30.123542864692435,75.99409522551261,440.0,2.7517813576841024e-14,1.0258262789408281,25.32236190979496,0,0
2025-10-13 19:00:00,29.4,77.2,440.0,0.0,0.9346194591442232,24.84,0,0
2025-10-13 20:00:00,28.77867965644036,78.23553390593274,440.0,0.0,0.8607257223840427,24.425786437626904,0,0
2025-10-13 21:00:00,28.301923788646683,79.0301270189222,440.0,0.0,0.8066882148571645,24.10794919243112,0,0
2025-10-13 22:00:00,28.0022225211328,79.52962913144535,440.0,0.0,0.7738659012838242,23.908148347421864,0,0
2025-10-13 23:00:00,27.9,79.7,440.0,0.0,0.7628693535074244,23.84,0,0
2025-10-14 00:00:00,25.302222521132794,90.22962913144536,440.0,0.0,0.3151192342392308,23.348148347421866,0,0
2025-10-14 01:00:00,24.101923788646683,85.13012701892221,400.0,0.0,0.4464264378068366,22.396967392524388,0,1
2025-10-14 02:00:00,24.57867965644036,84.33553390593275,400.0,0.0,0.4838978269801417,21.445786437626907,0,1
2025-10-14 03:00:00,25.2,83.30000000000001,400.0,0.0,0.5353539445669198,21.860000000000003,0,1
2025-10-14 04:00:00,25.92354286469244,82.09409522551262,400.0,0.0,0.5991811963929344,22.34236190979496,0,1
2025-10-14 05:00:00,26.7,80.80000000000001,400.0,0.0,0.6725891490881946,22.860000000000003,0,1
2025-10-14 06:00:00,27.47645713530756,79.5059047744874,400.0,0.0,0.7513589510297953,23.377638090205043,0,1
2025-10-14 07:00:00,29.239934923221927,77.78003253838905,397.4001626919452,51.99674616109642,0.9024762436534135,24.79594143089973,0,1
2025-10-14 08:00:00,30.83032034355964,76.25996609406728,394.9775,100.45,1.056283232100193,26.0823135623731,0,1
2025-10-14 09:00:00,32.13923125816086,75.04929545767403,392.8971123829811,142.05775234037742,1.1957158964300096,27.14909034969567,0,1
2025-10-14 10:00:00,33.07746755127308,74.23052583235173,391.3007748189853,173.9845036202937,1.3018858089668894,27.923572717743426,0,1
2025-10-14 11:00:00,33.581089970029474,73.85945501498527,390.2972750749263,194.05449850147383,1.3583776650290944,28.35298097302653,0,1
2025-10-14 12:00:00,33.6157774788672,73.96137086855467,389.955,200.9,1.355705252757947,28.40805165257813,0,1
2025-10-14 13:00:00,30.798076211353315,81.06987298107781,440.0,194.05449850147383,0.8407255447416715,27.01205080756888,0,0
2025-10-14 14:00:00,30.249038105676657,81.86446609406727,440.0,173.98450362029374,0.7805627831333163,26.694213562373093,0,0
2025-10-14 15:00:00,29.7,82.9,440.0,142.05775234037742,0.7131721206270817,26.28,0,0
2025-10-14 16:00:00,28.97645713530756,84.1059047744874,440.0,100.45,0.6358005233398104,25.79763809020504,0,0
2025-10-14 17:00:00,28.2,85.4,440.0,51.99674616109648,0.5583291146358911,25.28,0,0
2025-10-14 18:00:00,27.42354286469244,86.69409522551261,440.0,2.460315419487032e-14,0.4863170651485999,24.76236190979496,0,0
2025-10-14 19:00:00,26.7,87.9,440.0,0.0,0.42387128666495627,24.28,1,0
2025-10-14 20:00:00,26.07867965644036,88.93553390593274,440.0,0.0,0.3736587226871469,23.865786437626905,1,0
2025-10-14 21:00:00,25.601923788646683,89.7301270189222,440.0,0.0,0.3371748880012871,23.547949192431123,1,0
2025-10-14 22:00:00,25.302222521132794,90.22962913144536,440.0,0.0,0.3151192342392308,23.348148347421866,1,0
2025-10-14 23:00:00,25.2,90.4,440.0,0.0,0.307748375319906,23.28,1,0
2025-10-15 00:00:00,25.7022225211328,90.72962913144536,440.0,0.0,0.30617450411272756,23.848148347421866,1,0
2025-10-15 01:00:00,24.501923788646685,85.63012701892221,400.0,0.0,0.4418739883460343,21.627949192431128,1,1
2025-10-15 02:00:00,24.97867965644036,84.83553390593275,400.0,0.0,0.4797668598466895,21.94578643762691,0,1
2025-10-15 03:00:00,25.6,83.80000000000001,400.0,0.0,0.5318089295038623,22.360000000000003,0,1
2025-10-15 04:00:00,26.32354286469244,82.59409522551262,400.0,0.0,0.5963730245659524,22.842361909794963,0,1
2025-10-15 05:00:00,27.1,81.30000000000001,400.0,0.0,0.6706400759076468,23.360000000000003,0,1
2025-10-15 06:00:00,27.876457135307565,80.0059047744874,400.0,0.0,0.7503433758116569,23.877638090205046,0,1
2025-10-15 07:00:00,29.192695613284773,78.50365219335762,398.5182609667881,29.634780664238622,0.8707096766961356,24.893426051956297,0,1
2025-10-15 08:00:00,30.366320343559643,77.19196609406727,397.1375,57.24999999999999,0.9882803259202351,25.80471356237309,0,1
2025-10-15 09:00:00,31.31735074027052,76.16023571661921,395.95181367770704,78.20495436665911,1.0905262625062104,26.54939788359436,0,1
2025-10-15 10:00:00,31.98097565353357,75.47877178122148,395.0420045633341,99.15990873331822,1.1646764834003185,27.076730009777865,0,1
2025-10-15 11:00:00,32.31197014220197,75.19401492889902,394.4700746444951,110.59850711009832,1.2004217374155663,27.35077312798177,0,1
2025-10-15 12:00:00,32.287777478867206,75.32537086855467,394.275,114.5,1.1924374356342897,27.35285165257814,0,1
2025-10-15 13:00:00,31.19807621135332,81.56987298107781,440.0,110.59850711009832,0.8373733146744984,27.51205080756888,0,0
2025-10-15 14:00:00,30.721320343559643,82.36446609406727,440.0,99.15990873331825,0.7798088305148471,27.194213562373097,0,0
2025-10-15 15:00:00,30.1,83.4,440.0,80.96372644585969,0.7083988753537651,26.78,0,0
2025-10-15 16:00:00,29.376457135307565,84.6059047744874,440.0,57.24999999999999,0.6301805436254602,26.297638090205044,0,0
2025-10-15 17:00:00,28.6,85.9,440.0,28.625000000000004,0.5518753111138576,25.78,0,0
2025-10-15 18:00:00,27.82354286469244,87.19409522551261,440.0,1.4022205850237195e-14,0.47910312021368473,25.26236190979496,0,0
2025-10-15 19:00:00,27.1,88.4,440.0,0.0,0.41601202569672247,24.78,1,0
2025-10-15 20:00:00,26.47867965644036,89.43553390593274,440.0,0.0,0.3652915492590086,24.36578643762691,1,0
2025-10-15 21:00:00,26.001923788646685,90.2301270189222,440.0,0.0,0.32844575080630006,24.04794919243113,1,0
2025-10-15 22:00:00,25.7022225211328,90.72962913144536,440.0,0.0,0.30617450411272756,23.848148347421866,1,0
2025-10-15 23:00:00,25.6,90.9,440.0,0.0,0.2987321764497004,23.78,1,0
2025-10-16 00:00:00,24.7022225211328,98.52962913144536,440.0,0.0,0.04575827682043673,24.408148347421864,1,0
2025-10-16 01:00:00,23.501923788646685,93.4301270189222,400.0,0.0,0.19025474547146626,22.187949192431127,1,1
2025-10-16 02:00:00,23.97867965644036,92.63553390593276,400.0,0.0,0.219468536025278,22.50578643762691,1,1
2025-10-16 03:00:00,24.6,91.6,400.0,0.0,0.25981883167989384,22.92,1,1
2025-10-16 04:00:00,25.32354286469244,90.3940952255126,400.0,0.0,0.3102075477200187,23.40236190979496,1,1
2025-10-16 05:00:00,26.1,89.10000000000001,400.0,0.0,0.3685684374912243,23.92,1,1
2025-10-16 06:00:00,26.876457135307565,87.8059047744874,400.0,0.0,0.43161979217617646,24.437638090205045,1,1
2025-10-16 07:00:00,28.03015725296039,86.38492137351982,398.92460686759904,21.507862648019472,0.5155448550528291,25.30714152766436,1,1
2025-10-16 08:00:00,29.052320343559643,85.14896609406728,397.9225,41.54999999999999,0.5966855741086613,26.0821135623731,1,1
2025-10-16 09:00:00,29.87328768168536,84.18226724591179,397.0619713241699,58.7605735166021,0.6662941554599023,26.70974113086772,0,1
2025-10-16 10:00:00,30.437111699956944,83.5507037580098,396.40166444727566,71.96671105448684,0.7156451911248554,27.147252451558906,0,1
2025-10-16 11:00:00,30.70536872329244,83.2973156383538,395.9865781917689,77.53335552724342,0.7378882006699063,27.364831850963192,0,1
2025-10-16 12:00:00,30.65977747886721,83.43937086855466,395.845,83.1,0.7297115425447616,27.347651652578136,0,1
2025-10-16 13:00:00,30.19807621135332,89.3698729810778,440.0,80.26843616462158,0.4561929829096811,28.07205080756888,0,0
2025-10-16 14:00:00,29.721320343559643,90.16446609406728,440.0,71.96671105448685,0.4107035261718984,27.754213562373096,0,0
2025-10-16 15:00:00,29.1,91.2,440.0,58.7605735166021,0.35454182924680544,27.340000000000003,1,0
2025-10-16 16:00:00,28.376457135307565,92.4059047744874,440.0,41.54999999999999,0.2934038963452289,26.857638090205043,1,0
2025-10-16 17:00:00,27.6,93.7,440.0,21.507862648019493,0.23264526349841497,26.340000000000003,1,0
2025-10-16 18:00:00,26.82354286469244,94.9940952255126,440.0,1.0176814900914504e-14,0.176638198150399,25.82236190979496,1,0
2025-10-16 19:00:00,26.1,96.2,440.0,0.0,0.12849174885015147,25.340000000000003,1,0
2025-10-16 20:00:00,25.47867965644036,97.23553390593274,440.0,0.0,0.09010031768003121,24.925786437626908,1,0
2025-10-16 21:00:00,25.001923788646685,98.0301270189222,440.0,0.0,0.06240834833628185,24.607949192431125,1,0
2025-10-16 22:00:00,24.7022225211328,98.52962913144536,440.0,0.0,0.04575827682043673,24.408148347421864,1,0
2025-10-16 23:00:00,24.6,98.7,440.0,0.0,0.040210057283793094,24.340000000000003,1,0
2025-10-17 00:00:00,25.802222521132794,92.22962913144536,440.0,0.0,0.2581581126112662,24.248148347421864,1,0
2025-10-17 01:00:00,24.601923788646683,87.13012701892221,400.0,0.0,0.3981213959708444,22.027949192431127,1,1
2025-10-17 02:00:00,25.07867965644036,86.33553390593275,400.0,0.0,0.43489269427555055,22.345786437626906,1,1
2025-10-17 03:00:00,25.7,85.30000000000001,400.0,0.0,0.48543609000877247,22.76,1,1
2025-10-17 04:00:00,26.42354286469244,84.09409522551262,400.0,0.0,0.5482009372394524,23.24236190979496,0,1
2025-10-17 05:00:00,27.2,82.80000000000001,400.0,0.0,0.620470788034388,23.76,0,1
2025-10-17 06:00:00,27.97645713530756,81.5059047744874,400.0,0.0,0.6981062139927667,24.277638090205045,0,1
2025-10-17 07:00:00,29.2750959182178,80.0124520408911,398.5622602044554,28.754795910890053,0.8134533103337064,25.277586326396023,0,1
2025-10-17 08:00:00,30.43232034355964,78.70896609406728,397.2225,55.54999999999999,0.926036746902355,26.174113562373098,0,1
2025-10-17 09:00:00,31.369267479149823,77.68427734717956,396.07202183050873,78.55956338982543,1.023824410943374,26.906122948585733,0,1
2025-10-17 10:00:00,32.02208592607623,77.00821664495015,395.18922888197744,96.21542236045111,1.0945727788199642,27.42372925506626,0,1
2025-10-17 11:00:00,32.34628718601431,76.72685640699285,394.6342820349642,107.31435930071548,1.1284246386123453,27.69165846741288,0,1
2025-10-17 12:00:00,32.3197774788672,76.85937086855466,394.445,111.1,1.1203241310417962,27.69165165257813,0,1
2025-10-17 13:00:00,31.298076211353315,83.06987298107781,440.0,107.31435930071548,0.7736043808462568,27.91205080756888,0,0
2025-10-17 14:00:00,30.82132034355964,83.86446609406727,440.0,96.21542236045111,0.7175622426281134,27.594213562373096,0,0
2025-10-17 15:00:00,30.2,84.9,440.0,78.55956338982543,0.6480894394150442,27.18,0,0
2025-10-17 16:00:00,29.47645713530756,86.1059047744874,440.0,55.54999999999999,0.5720616482426291,26.68,0,0
2025-10-17 17:00:00,28.7,87.4,440.0,28.754795910890085,0.49603094137166476,26.18,0,0
2025-10-17 18:00:00,27.92354286469244,88.69409522551261,440.0,1.3605825938527091e-14,0.42545651847330257,25.66236190979496,1,0
2025-10-17 19:00:00,27.2,89.9,440.0,0.0,0.36434621855507676,25.18,1,0
2025-10-17 20:00:00,26.57867965644036,90.93553390593274,440.0,0.0,0.3152762806719394,24.765786437626907,1,0
2025-10-17 21:00:00,26.101923788646683,91.7301270189222,440.0,0.0,0.27966610496676964,24.447949192431125,1,0
2025-10-17 22:00:00,25.802222521132794,92.22962913144536,440.0,0.0,0.2581581126112662,24.248148347421864,1,0
2025-10-17 23:00:00,25.7,92.4,440.0,0.0,0.250973760820862,24.18,1,0
2025-10-18 00:00:00,25.602222521132795,92.12962913144534,440.0,0.0,0.25840031570508565,24.028148347421865,1,0
2025-10-18 01:00:00,24.401923788646684,87.0301270189222,400.0,0.0,0.39644550371088993,21.807949192431124,1,1
2025-10-18 02:00:00,24.87867965644036,86.23553390593274,400.0,0.0,0.4328866523497877,22.125786437626907,1,1
2025-10-18 03:00:00,25.5,85.2,400.0,0.0,0.48297677966002384,22.54,1,1
2025-10-18 04:00:00,26.22354286469244,83.99409522551261,400.0,0.0,0.545179686820751,23.02236190979496,0,1
2025-10-18 05:00:00,27.0,82.7,400.0,0.0,0.6168038504152761,23.54,0,1
2025-10-18 06:00:00,27.776457135307563,81.4059047744874,400.0,0.0,0.6937473238417776,24.05763809020504,0,1
2025-10-18 07:00:00,29.3416795346734,79.7791602326633,397.8958011633165,42.08397673366987,0.8261131296756385,25.297511581206056,0,1
2025-10-18 08:00:00,30.747320343559643,78.35146609406726,395.935,81.29999999999998,0.9586766441076535,26.41761356237309,0,1
2025-10-18 09:00:00,31.89758746377197,77.22011735486848,394.2512218689534,114.97556262093264,1.0768796557190579,27.341610934745667,0,1
2025-10-18 10:00:00,32.7140920919742,76.46221356200117,392.9592134672325,140.8157306553497,1.1651294830103096,28.00653480437444,0,1
2025-10-18 11:00:00,33.14119078709205,76.12940460645397,392.1470230322699,157.0595393546025,1.2102682740040358,28.367071708382845,0,1
2025-10-18 12:00:00,33.14977747886721,76.24437086855465,391.87,162.6,1.2050189678022025,28.39865165257814,0,1
2025-10-18 13:00:00,31.09807621135332,82.9698729810778,440.0,157.0595393546025,0.7693765069010063,27.69205080756888,0,0
2025-10-18 14:00:00,30.62132034355964,83.76446609406726,440.0,140.81573065534974,0.7138181083581053,27.374213562373093,0,0
2025-10-18 15:00:00,30.0,84.8,440.0,114.97556262093264,0.6449458889313702,26.96,0,0
2025-10-18 16:00:00,29.276457135307563,86.00590477448739,440.0,81.29999999999998,0.5695764566059236,26.47763809020504,0,0
2025-10-18 17:00:00,28.5,87.3,440.0,42.08397673366992,0.4942052004605224,25.96,0,0
2025-10-18 18:00:00,27.72354286469244,88.5940952255126,440.0,1.991275695413596e-14,0.42424373247396907,25.44236190979496,1,0
2025-10-18 19:00:00,27.0,89.8,440.0,0.0,0.3636646979327062,24.96,1,0
2025-10-18 20:00:00,26.37867965644036,90.83553390593272,440.0,0.0,0.3150215782075408,24.545786437626905,1,0
2025-10-18 21:00:00,25.901923788646684,91.6301270189222,440.0,0.0,0.27972120019464536,24.22794919243112,1,0
2025-10-18 22:00:00,25.602222521132795,92.12962913144534,440.0,0.0,0.25840031570508565,24.028148347421865,1,0
2025-10-18 23:00:00,25.5,92.3,440.0,0.0,0.25127845968798557,23.96,1,0
2025-10-19 00:00:00,25.9022225211328,92.82962913144534,440.0,0.0,0.23963806804777174,24.468148347421863,1,0
2025-10-19 01:00:00,24.701923788646685,87.7301270189222,400.0,0.0,0.38183443600388334,22.247949192431125,1,1
2025-10-19 02:00:00,25.17867965644036,86.93553390593274,400.0,0.0,0.4182784246366391,22.565786437626908,1,1
2025-10-19 03:00:00,25.8,85.9,400.0,0.0,0.4683882564971152,22.98,1,1
2025-10-19 04:00:00,26.52354286469244,84.69409522551261,400.0,0.0,0.5306381495177801,23.46236190979496,0,1
2025-10-19 05:00:00,27.3,83.4,400.0,0.0,0.6023432584349812,23.98,0,1
2025-10-19 06:00:00,28.076457135307564,82.1059047744874,400.0,0.0,0.6794012933615439,24.497638090205044,0,1
2025-10-19 07:00:00,29.359049137421444,80.62047543128928,398.6023771564464,26.999999999999993,0.7925346258123281,25.4831442236793,0,1
2025-10-19 08:00:00,30.50132034355964,79.32446609406726,397.3,53.99999999999999,0.9028196756497245,26.36621356237309,0,1
2025-10-19 09:00:00,31.42542685871626,78.30619765739634,396.1816233815927,76.36753236814714,0.9984691029929138,27.08666639019553,0,1
2025-10-19 10:00:00,32.068392351041595,77.63506343246746,395.323462819564,93.53074360871936,1.067519223701477,27.595405037535087,0,1
2025-10-19 11:00:00,32.38639978478439,77.35680010760781,394.78400053803904,104.31998923921938,1.100365748286066,27.85775980630595,0,1
2025-10-19 12:00:00,32.357777478867206,77.49037086855466,394.6,108.0,1.0921118120047346,27.85585165257814,0,1
2025-10-19 13:00:00,31.39807621135332,83.6698729810778,440.0,104.31998923921938,0.7504371846799754,28.13205080756888,0,0
2025-10-19 14:00:00,30.921320343559643,84.46446609406726,440.0,93.53074360871938,0.6948279441166304,27.81421356237309,0,0
2025-10-19 15:00:00,30.248888739433603,85.5,440.0,76.36753236814714,0.6240821819038287,27.4,0,0
2025-10-19 16:00:00,29.576457135307564,86.7059047744874,440.0,53.99999999999999,0.5505176060975374,26.91763809020504,0,0
2025-10-19 17:00:00,28.8,88.0,440.0,27.95245687107227,0.47515351554608853,26.4,1,0
2025-10-19 18:00:00,28.02354286469244,89.2940952255126,440.0,1.3226185430791417e-14,0.4052308069243143,25.88236190979496,1,0
2025-10-19 19:00:00,27.3,90.5,440.0,0.0,0.344714515369417,25.4,1,0
2025-10-19 20:00:00,26.67867965644036,91.53553390593274,440.0,0.0,0.29614451963861493,24.985786437626903,1,0
2025-10-19 21:00:00,26.201923788646685,92.3301270189222,440.0,0.0,0.2609116571028047,24.667949192431124,1,0
2025-10-19 22:00:00,25.9022225211328,92.82962913144534,440.0,0.0,0.23963806804777174,24.468148347421863,1,0
2025-10-19 23:00:00,25.8,93.0,440.0,0.0,0.23253317698438342,24.4,1,0
2025-10-20 00:00:00,24.2022225211328,99.72962913144536,440.0,0.0,0.008166087276527689,24.148148347421863,1,0
2025-10-20 01:00:00,23.001923788646685,94.6301270189222,400.0,0.0,0.15088078695600696,21.92794919243113,1,1
2025-10-20 02:00:00,23.47867965644036,93.83553390593276,400.0,0.0,0.17826484719678037,22.245786437626908,1,1
2025-10-20 03:00:00,24.1,92.8,400.0,0.0,0.2161349671927077,22.660000000000004,1,1
2025-10-20 04:00:00,24.82354286469244,91.59409522551262,400.0,0.0,0.2634943711914243,23.14236190979496,1,1
2025-10-20 05:00:00,25.6,90.3,400.0,0.0,0.318428803468362,23.660000000000004,1,1
2025-10-20 06:00:00,26.376457135307565,89.0059047744874,400.0,0.0,0.3778641877807379,24.177638090205047,1,1
2025-10-20 07:00:00,27.75895328883102,87.4705233555845,398.3526167779224,32.94766444155089,0.46699884068695585,25.25305795994792,1,1
2025-10-20 08:00:00,28.994320343559643,86.12796609406728,396.8175,63.64999999999999,0.5554865972189248,26.219913562373097,1,1
2025-10-20 09:00:00,29.998370076254268,85.06972604862734,391.695030854964,86.94751695087952,0.6334420143635962,27.01231528597974,1,1
2025-10-20 10:00:00,30.702678156902387,84.36792052953707,394.487748304912,110.24503390175904,0.690485201322954,27.5762622628098,0,1
2025-10-20 11:00:00,31.05924715373197,84.07037642313402,393.8518821156701,122.9623576865984,0.7180704723560686,27.873322438358773,0,1
2025-10-20 12:00:00,31.04377747886721,84.19737086855467,393.635,127.3,0.7117190084286591,27.88325165257814,0,1
2025-10-20 13:00:00,29.69807621135332,87.78091848131098,440.0,122.9623576865984,0.5095523151873678,27.81205080756888,0,0
2025-10-20 14:00:00,29.221320343559643,91.36446609406728,440.0,110.24503390175904,0.35036053485353935,27.494213562373098,0,0
2025-10-20 15:00:00,28.6,92.4,440.0,90.01469324504751,0.29746470669966796,27.08,1,0
2025-10-20 16:00:00,27.876457135307565,93.6059047744874,440.0,63.64999999999999,0.23995919508527386,26.597638090205045,1,0
2025-10-20 17:00:00,27.1,94.9,440.0,32.94766444155093,0.18290183888390363,26.08,1,0
2025-10-20 18:00:00,26.32354286469244,96.1940952255126,440.0,1.5589753753145805e-14,0.1304005147091181,25.56236190979496,1,0
2025-10-20 19:00:00,25.6,97.4,440.0,0.0,0.08535205041419987,25.08,1,0
2025-10-20 20:00:00,24.97867965644036,98.43553390593274,440.0,0.0,0.049495905799209615,24.66578643762691,1,0
2025-10-20 21:00:00,24.501923788646685,99.2301270189222,440.0,0.0,0.02367361528641598,24.347949192431127,1,0
2025-10-20 22:00:00,24.2022225211328,99.72962913144536,440.0,0.0,0.008166087276527689,24.148148347421863,1,0
2025-10-20 23:00:00,24.1,99.9,440.0,0.0,0.0030018745443428294,24.08,1,0
2025-10-21 00:00:00,22.9022225211328,100.0,440.0,0.0,0.0,22.9022225211328,1,0
2025-10-21 01:00:00,21.701923788646685,98.0301270189222,400.0,0.0,0.05114332197830594,21.307949192431124,1,1
2025-10-21 02:00:00,22.17867965644036,97.23553390593274,400.0,0.0,0.07389039319869502,21.625786437626907,1,1
2025-10-21 03:00:00,22.8,96.2,400.0,0.0,0.10547398687307508,22.040000000000003,1,1
2025-10-21 04:00:00,23.52354286469244,94.9940952255126,400.0,0.0,0.14515325087431527,22.52236190979496,1,1
2025-10-21 05:00:00,24.3,93.7,400.0,0.0,0.19139851805895713,23.040000000000003,1,1
2025-10-21 06:00:00,25.076457135307564,92.4059047744874,400.0,0.0,0.24166180956868316,23.55763809020504,1,1
2025-10-21 07:00:00,25.964608912685204,91.1176955436574,396.9912286006832,8.23044563426016,0.2979492438623455,24.188148021416684,1,1
2025-10-21 08:00:00,26.739320343559644,90.00546609406726,399.205,15.9,0.35092567168336897,24.740413562373096,1,1
2025-10-21 09:00:00,27.34779612418796,89.14501302466049,398.8757002179134,22.485995641732213,0.39498452812081297,25.17679872912006,1,1
2025-10-21 10:00:00,27.74856963567411,88.59497479015121,398.6230196079828,27.53960784034515,0.42483086328495484,25.46756459370436,1,1
2025-10-21 11:00:00,27.91432882551985,88.39283558724009,398.4641779362004,30.716441275992374,0.43655890917381135,25.592895942967868,1,1
2025-10-21 12:00:00,27.833777478867205,88.55237086855466,398.41,31.8,0.42854202867943386,25.544251652578136,1,1
2025-10-21 13:00:00,28.39807621135332,93.9698729810778,440.0,30.716441275992374,0.23327134357337062,27.19205080756888,1,0
2025-10-21 14:00:00,27.921320343559643,94.76446609406726,440.0,27.539607840345152,0.1969947268183749,26.874213562373093,1,0
2025-10-21 15:00:00,27.3,95.8,440.0,22.485995641732213,0.15240010153174244,26.46,1,0
2025-10-21 16:00:00,26.576457135307564,97.0059047744874,440.0,15.9,0.10412568456072284,25.97763809020504,1,0
2025-10-21 17:00:00,25.8,98.3,440.0,8.23044563426017,0.056472342981921775,25.46,1,0
2025-10-21 18:00:00,25.02354286469244,99.5940952255126,440.0,3.8943768212885835e-15,0.012876203520873646,24.94236190979496,1,0
2025-10-21 19:00:00,24.3,100.0,440.0,0.0,0.0,24.3,1,0
2025-10-21 20:00:00,23.67867965644036,100.0,440.0,0.0,0.0,23.67867965644036,1,0
2025-10-21 21:00:00,23.201923788646685,100.0,440.0,0.0,0.0,23.201923788646685,1,0
2025-10-21 22:00:00,22.9022225211328,100.0,440.0,0.0,0.0,22.9022225211328,1,0
2025-10-21 23:00:00,22.8,100.0,440.0,0.0,0.0,22.8,1,0
2025-10-22 00:00:00,25.2022225211328,94.22962913144536,440.0,0.0,0.18500593831046097,24.048148347421865,1,0
2025-10-22 01:00:00,24.001923788646685,89.13012701892221,400.0,0.0,0.32438549393523003,21.827949192431127,1,1
2025-10-22 02:00:00,24.47867965644036,88.33553390593275,400.0,0.0,0.35818445101805163,22.14578643762691,1,1
2025-10-22 03:00:00,25.1,87.30000000000001,400.0,0.0,0.40471036180003755,22.56,1,1
2025-10-22 04:00:00,25.82354286469244,86.09409522551262,400.0,0.0,0.4625848570525173,23.042361909794963,1,1
2025-10-22 05:00:00,26.6,84.80000000000001,400.0,0.0,0.5293434795013117,23.56,0,1
2025-10-22 06:00:00,27.376457135307565,83.5059047744874,400.0,0.0,0.6011841584659952,24.07763809020505,0,1
2025-10-22 07:00:00,28.898388739433607,81.86026644237083,397.80133221185406,43.973355762918274,0.7223633845454178,25.351520403732533,0,1
2025-10-22 08:00:00,30.420320343559645,80.41496609406727,394.1775,84.94999999999999,0.8512513745251462,26.503313562373098,0,1
2025-10-22 09:00:00,31.600825053825208,79.26849855984187,393.99312789382026,120.13744212359444,0.9637177447065116,27.454524765793582,0,1
2025-10-22 10:00:00,32.44053180092673,78.4989937075249,392.6431141948512,147.13771610297613,1.0480511090591853,28.14033054243171,0,1
2025-10-22 11:00:00,32.88221595773025,78.15889202113489,391.7944601056744,164.1107978865127,1.0914024098863093,28.51399436195723,0,1
2025-10-22 12:00:00,32.89577747886721,78.27137086855467,391.505,169.9,1.086608764728241,28.550051652578144,0,1
2025-10-22 13:00:00,30.69807621135332,85.06987298107781,440.0,164.1107978865127,0.6593060888247476,27.71205080756888,0,0
2025-10-22 14:00:00,30.221320343559643,85.86446609406727,440.0,147.13771610297613,0.6074359217021165,27.394213562373096,0,0
2025-10-22 15:00:00,29.6,86.9,440.0,120.13744212359444,0.5432152961657267,26.980000000000004,1,0
2025-10-22 16:00:00,28.876457135307565,88.1059047744874,440.0,84.94999999999999,0.47304813598311657,26.497638090205044,1,0
2025-10-22 17:00:00,28.1,89.4,440.0,43.97335576291832,0.40301148848878654,25.980000000000004,1,0
2025-10-22 18:00:00,27.32354286469244,90.6940952255126,440.0,2.0806749117513533e-14,0.33813723955113867,25.46236190979496,1,0
2025-10-22 19:00:00,26.6,91.9,440.0,0.0,0.2820843542079359,24.980000000000004,1,0
2025-10-22 20:00:00,25.97867965644036,92.93553390593274,440.0,0.0,0.23716865469874598,24.565786437626908,1,0
2025-10-22 21:00:00,25.501923788646685,93.7301270189222,440.0,0.0,0.20463167327101275,24.247949192431125,1,0
2025-10-22 22:00:00,25.2022225211328,94.22962913144536,440.0,0.0,0.18500593831046097,24.048148347421865,1,0
2025-10-22 23:00:00,25.1,94.4,440.0,0.0,0.1784549626834811,23.980000000000004,1,0
2025-10-23 00:00:00,25.5022225211328,91.52962913144536,440.0,0.0,0.2764548651056813,23.808148347421863,1,0
2025-10-23 01:00:00,24.301923788646683,86.4301270189222,400.0,0.0,0.41230996998283037,21.587949192431125,1,1
2025-10-23 02:00:00,24.77867965644036,85.63553390593275,400.0,0.0,0.4490699982979431,21.905786437626904,1,1
2025-10-23 03:00:00,25.4,84.60000000000001,400.0,0.0,0.499582504676436,22.32,0,1
2025-10-23 04:00:00,26.123542864692435,83.39409522551261,400.0,0.0,0.5622870538082895,22.80236190979496,0,1
2025-10-23 05:00:00,26.9,82.10000000000001,400.0,0.0,0.6344613240748169,23.32,0,1
2025-10-23 06:00:00,27.67645713530756,80.8059047744874,400.0,0.0,0.711967185324935,23.837638090205044,0,1
2025-10-23 07:00:00,29.41042955208024,79.09478522395989,397.4739261197994,50.52147760401205,0.8574633524459386,25.229386596872217,0,1
2025-10-23 08:00:00,30.97332034355964,77.58846609406727,395.12,97.59999999999998,1.005330527492577,26.49101356237309,0,1
2025-10-23 09:00:00,32.258621085105595,76.38960054420167,393.09863781561927,138.0272436876141,1.1391324141628907,27.53654119394593,0,1
2025-10-23 10:00:00,33.178740655241654,75.57988928036744,391.5475920590639,169.0481588187224,1.2407368173808302,28.294718511315143,0,1
2025-10-23 11:00:00,33.67097442583252,75.21451278708375,390.5725639354187,188.54872129162607,1.2944427817218054,28.713876983249268,0,1
2025-10-23 12:00:00,33.7017774788672,75.31837086855467,390.24,195.2,1.2912365020756513,28.765451652578133,0,1
2025-10-23 13:00:00,30.998076211353315,82.3698729810778,440.0,188.54872129162607,0.7919629766301554,27.47205080756888,0,0
2025-10-23 14:00:00,30.52132034355964,83.16446609406727,440.0,169.0481588187224,0.7359824839480248,27.15421356237309,0,0
2025-10-23 15:00:00,29.9,84.2,440.0,138.0272436876141,0.666568566651794,26.74,0,0
2025-10-23 16:00:00,29.17645713530756,85.4059047744874,440.0,97.59999999999998,0.590580202103229,26.25763809020504,0,0
2025-10-23 17:00:00,28.4,86.7,440.0,50.5214776040121,0.5145588742983261,25.74,0,0
2025-10-23 18:00:00,27.623542864692435,87.99409522551261,440.0,2.390510551935633e-14,0.4439618353554629,25.22236190979496,1,0
2025-10-23 19:00:00,26.9,89.2,440.0,0.0,0.38280348044737567,24.74,1,0
2025-10-23 20:00:00,26.27867965644036,90.23553390593274,440.0,0.0,0.33367276229293436,24.325786437626903,1,0
2025-10-23 21:00:00,25.801923788646683,91.0301270189222,440.0,0.0,0.2980043764598173,24.007949192431123,1,0
2025-10-23 22:00:00,25.5022225211328,91.52962913144536,440.0,0.0,0.2764548651056813,23.808148347421863,1,0
2025-10-23 23:00:00,25.4,91.7,440.0,0.0,0.26925550576717006,23.74,1,0
2025-10-24 00:00:00,25.4022225211328,90.52962913144536,440.0,0.0,0.30726338140767345,23.508148347421866,1,0
2025-10-24 01:00:00,24.201923788646685,85.4301270189222,400.0,0.0,0.44005008736891754,21.287949192431125,1,1
2025-10-24 02:00:00,24.67867965644036,84.63553390593275,400.0,0.0,0.4774740541900526,21.605786437626907,0,1
2025-10-24 03:00:00,25.3,83.60000000000001,400.0,0.0,0.5288717248766218,22.020000000000003,0,1
2025-10-24 04:00:00,26.02354286469244,82.39409522551261,400.0,0.0,0.5926360234032787,22.50236190979496,0,1
2025-10-24 05:00:00,26.8,81.10000000000001,400.0,0.0,0.6659830030410762,23.020000000000003,0,1
2025-10-24 06:00:00,27.576457135307564,79.8059047744874,400.0,0.0,0.7446991894013795,23.537638090205043,0,1
2025-10-24 07:00:00,29.07593949721736,78.21203025139133,398.0601512569566,38.79697486086786,0.8765932267592597,24.718345547495623,0,1
2025-10-24 08:00:00,30.42032034355964,76.81496609406727,396.2525,74.94999999999999,1.00772314593026,25.78331356237309,0,1
2025-10-24 09:00:00,31.517982341350585,75.70991991607917,394.7002346750068,105.99530649986347,1.123849844862382,26.65996632456642,0,1
2025-10-24 10:00:00,32.29412163941295,74.97219878828179,393.5091395986356,129.81720802728736,1.209937743329659,27.28856139706931,0,1
2025-10-24 11:00:00,32.69584562721463,74.65207718639269,392.7603859319634,144.79228136073135,1.2534455965471476,27.626261064493168,0,1
2025-10-24 12:00:00,32.69577747886721,74.77137086855467,392.505,149.9,1.2475417876455883,27.650051652578146,0,1
2025-10-24 13:00:00,30.89807621135332,81.3698729810778,440.0,144.79228136073135,0.8321312178943808,27.17205080756888,0,0
2025-10-24 14:00:00,30.421320343559643,82.16446609406727,440.0,129.81720802728736,0.7752547659856841,26.854213562373097,0,0
2025-10-24 15:00:00,29.8,83.2,440.0,105.99530649986347,0.704698278634112,26.44,0,0
2025-10-24 16:00:00,29.076457135307564,84.4059047744874,440.0,74.94999999999999,0.6274144445909255,25.957638090205045,0,0
2025-10-24 17:00:00,28.3,85.7,440.0,38.79697486086791,0.5500439762515624,25.44,0,0
2025-10-24 18:00:00,27.52354286469244,86.99409522551261,440.0,1.8357455519218823e-14,0.47813930869022164,24.92236190979496,0,0
2025-10-24 19:00:00,26.8,88.2,440.0,0.0,0.4157989119515714,24.44,1,0
2025-10-24 20:00:00,26.17867965644036,89.23553390593274,440.0,0.0,0.3656806043040712,24.025786437626905,1,0
2025-10-24 21:00:00,25.701923788646685,90.0301270189222,440.0,0.0,0.32927128078922185,23.707949192431126,1,0
2025-10-24 22:00:00,25.4022225211328,90.52962913144536,440.0,0.0,0.30726338140767345,23.508148347421866,1,0
2025-10-24 23:00:00,25.3,90.7,440.0,0.0,0.29990896593613314,23.44,1,0
2025-10-25 00:00:00,26.9022225211328,87.62962913144534,440.0,0.0,0.4385221271594666,24.428148347421864,1,0
2025-10-25 01:00:00,25.701923788646685,82.5301270189222,400.0,0.0,0.5769709867540006,22.207949192431126,0,1
2025-10-25 02:00:00,26.17867965644036,81.73553390593274,400.0,0.0,0.6204637499161043,22.525786437626905,0,1
2025-10-25 03:00:00,26.8,80.7,400.0,0.0,0.6800778814123158,22.94,0,1
2025-10-25 04:00:00,27.52354286469244,79.49409522551261,400.0,0.0,0.7538636721509717,23.42236190979496,0,1
2025-10-25 05:00:00,28.3,78.2,400.0,0.0,0.8385285791807033,23.94,0,1
2025-10-25 06:00:00,29.076457135307564,76.9059047744874,400.0,0.0,0.9291702224274854,24.457638090205045,0,1
2025-10-25 07:00:00,30.764359762051992,75.217820118974,397.5891005948701,48.21798810259962,1.0985130638571874,25.8079237858468,0,1
2025-10-25 08:00:00,32.28432034355964,73.73296609406727,395.3425,93.15,1.2691452811814126,27.03091356237309,0,1
2025-10-25 09:00:00,33.53275607805439,72.55253304772727,391.695030854964,131.7339933350538,1.4224453015190506,28.04326268759984,0,1
2025-10-25 10:00:00,34.424588133368026,71.75696554130425,391.932973363748,161.34053272504093,1.538202551379544,28.77598124162888,0,1
2025-10-25 11:00:00,34.89903962875307,71.40048018562346,391.0024009281173,179.95198143765344,1.5991083024617825,29.17913566587777,0,1
2025-10-25 12:00:00,34.92377747886721,71.50737086855466,390.685,186.3,1.595312799696652,29.22525165257814,0,1
2025-10-25 13:00:00,32.39807621135331,78.4698729810778,440.0,179.95198143765344,1.0469635918833187,28.092050807568874,0,0
2025-10-25 14:00:00,31.849038105676655,79.26446609406726,440.0,161.34053272504093,0.977548502466721,27.77421356237309,0,0
2025-10-25 15:00:00,31.3,80.3,440.0,131.7339933350538,0.9002691944511715,27.36,0,0
2025-10-25 16:00:00,30.576457135307564,81.50590477448739,440.0,93.15,0.8110385864737433,26.877638090205043,0,0
2025-10-25 17:00:00,29.8,82.8,440.0,48.21798810259967,0.7214768090777819,26.36,0,0
2025-10-25 18:00:00,29.02354286469244,84.0940952255126,440.0,2.281516986811519e-14,0.638006622802046,25.84236190979496,0,0
2025-10-25 19:00:00,28.3,85.3,440.0,0.0,0.5654298217411167,25.36,0,0
2025-10-25 20:00:00,27.67867965644036,86.33553390593273,440.0,0.0,0.5069222312173268,24.945786437626907,0,0
2025-10-25 21:00:00,27.201923788646685,87.1301270189222,440.0,0.0,0.46431861449453854,24.627949192431124,1,0
2025-10-25 22:00:00,26.9022225211328,87.62962913144534,440.0,0.0,0.4385221271594666,24.428148347421864,1,0
2025-10-25 23:00:00,26.8,87.8,440.0,0.0,0.42989379032281116,24.36,1,0
2025-10-26 00:00:00,27.2022225211328,82.42962913144534,440.0,0.0,0.6339140279536325,23.688148347421865,0,0
2025-10-26 01:00:00,26.001923788646685,77.3301270189222,400.0,0.0,0.7621208040651661,21.467949192431124,0,1
2025-10-26 02:00:00,26.47867965644036,76.53553390593274,400.0,0.0,0.8113397398142795,21.785786437626907,0,1
2025-10-26 03:00:00,27.1,75.5,400.0,0.0,0.8786460887560087,22.200000000000003,0,1
2025-10-26 04:00:00,27.82354286469244,74.2940952255126,400.0,0.0,0.9617265942746136,22.68236190979496,0,1
2025-10-26 05:00:00,28.6,73.0,400.0,0.0,1.0567825106435578,23.200000000000003,0,1
2025-10-26 06:00:00,29.376457135307565,71.7059047744874,400.0,0.0,1.1582615314119795,23.717638090205043,0,1
2025-10-26 07:00:00,31.23828616036089,70.03543543427732,396.9912286006832,56.91430801804431,1.3645558888671565,25.2244575443248,0,1
2025-10-26 08:00:00,32.920320343559645,68.36496609406726,394.5025,106.20354460048307,1.5841906975286366,26.593313562373098,0,1
2025-10-26 09:00:00,34.30793183501176,67.11494516924859,392.22536094085393,155.49278118292182,1.7794568990245443,27.730920868861475,0,1
2025-10-26 10:00:00,35.30655720471117,66.26598100563268,390.4780506853901,190.43898629219805,1.9291313377651766,28.559753405837704,0,1
2025-10-26 11:00:00,35.848141784019326,65.87592910799034,389.3796455399517,205.16949314609903,2.0104795863946587,29.0233276056174,0,1
2025-10-26 12:00:00,35.89577747886721,65.97137086855466,389.005,219.9,2.0101081906315983,29.09005165257814,0,1
2025-10-26 13:00:00,32.69807621135332,73.2698729810778,440.0,212.4070892009661,1.3219608545396289,27.35205080756888,0,0
2025-10-26 14:00:00,32.22132034355964,74.06446609406726,440.0,190.43898629219808,1.2486832319086765,27.03421356237309,0,0
2025-10-26 15:00:00,31.6,75.1,440.0,155.49278118292182,1.1574390702210533,26.62,0,0
2025-10-26 16:00:00,30.876457135307565,76.30590477448739,440.0,109.95,1.0570150030758376,26.137638090205044,0,0
2025-10-26 17:00:00,30.1,77.6,440.0,56.91430801804437,0.9559117354171297,25.62,0,0
2025-10-26 18:00:00,29.32354286469244,78.8940952255126,440.0,2.6929983113250296e-14,0.8613710261661653,25.10236190979496,0,0
2025-10-26 19:00:00,28.6,80.1,440.0,0.0,0.7788878504372891,24.62,0,0
2025-10-26 20:00:00,27.97867965644036,81.13553390593273,440.0,0.0,0.7121789668040812,24.205786437626905,0,0
2025-10-26 21:00:00,27.501923788646685,81.93012701892219,440.0,0.0,0.6634684576602501,23.88794919243112,0,0
2025-10-26 22:00:00,27.2022225211328,82.42962913144534,440.0,0.0,0.6339140279536325,23.688148347421865,0,0
2025-10-26 23:00:00,27.1,82.6,440.0,0.0,0.6240180385450839,23.62,0,0
2025-10-27 00:00:00,25.602222521132795,86.42962913144534,440.0,0.0,0.44554293250396526,22.88814834742186,0,0
2025-10-27 01:00:00,24.401923788646684,81.3301270189222,400.0,0.0,0.5706753804759813,20.667949192431124,0,1
2025-10-27 02:00:00,24.87867965644036,80.53553390593274,400.0,0.0,0.6121492479006104,20.985786437626903,0,1
2025-10-27 03:00:00,25.5,79.5,400.0,0.0,0.6689881069615193,21.4,0,1
2025-10-27 04:00:00,26.22354286469244,78.2940952255126,400.0,0.0,0.7393283000145219,21.88236190979496,0,1
2025-10-27 05:00:00,27.0,77.0,400.0,0.0,0.8200282404364945,22.4,0,1
2025-10-27 06:00:00,27.776457135307563,75.7059047744874,400.0,0.0,0.9064148238163086,22.91763809020504,0,1
2025-10-27 07:00:00,29.026955575828733,74.23652221208563,398.68261106042814,26.34777879143661,1.0336105442548724,23.87426001824586,0,1
2025-10-27 08:00:00,30.139320343559643,72.95546609406726,397.455,50.89999999999999,1.1567190170363217,24.73041356237309,0,1
2025-10-27 09:00:00,31.03774561784913,71.95003827782989,396.40082648376045,71.98347032479055,1.2628809110442782,25.427753273415103,0,1
2025-10-27 10:00:00,31.661005200972323,71.2887570075021,395.5919306947372,88.16138610525584,1.3392204237687153,25.91875660247274,0,1
2025-10-27 11:00:00,31.966624982324543,71.01668750883773,395.0834375441887,98.33124911622716,1.3754944756163292,26.16996248409209,0,1
2025-10-27 12:00:00,31.933777478867206,71.15237086855466,388.375,101.8,1.3665154018281933,26.164251652578137,0,1
2025-10-27 13:00:00,31.09807621135332,77.2698729810778,440.0,98.33124911622716,1.0268875685896868,26.552050807568875,0,0
2025-10-27 14:00:00,30.62132034355964,78.06446609406726,440.0,88.16138610525586,0.9644266341519141,26.234213562373093,0,0
2025-10-27 15:00:00,30.0,79.1,440.0,71.98347032479055,0.8868005972806341,25.82,0,0
2025-10-27 16:00:00,29.276457135307563,80.30590477448739,440.0,49.16562455811359,0.8015732917235612,25.33763809020504,0,0
2025-10-27 17:00:00,28.5,81.6,440.0,26.34777879143664,0.7160138337380799,24.82,0,0
2025-10-27 18:00:00,27.72354286469244,82.8940952255126,440.0,1.2466904415320056e-14,0.6362557843815569,24.30236190979496,0,0
2025-10-27 19:00:00,27.0,84.1,440.0,0.0,0.5668890879539246,23.82,0,0
2025-10-27 20:00:00,26.37867965644036,85.13553390593273,440.0,0.0,0.5109547594045768,23.405786437626904,0,0
2025-10-27 21:00:00,25.901923788646684,85.93012701892219,440.0,0.0,0.47021523095401785,23.08794919243112,0,0
2025-10-27 22:00:00,25.602222521132795,86.42962913144534,440.0,0.0,0.44554293250396526,22.88814834742186,1,0
2025-10-27 23:00:00,25.5,86.6,440.0,0.0,0.437289786989481,22.82,1,0
2025-10-28 00:00:00,26.602222521132795,75.62962913144534,440.0,0.0,0.848814748083422,21.728148347421865,0,0
2025-10-28 01:00:00,25.401923788646684,70.5301270189222,400.0,0.0,0.9561243499317088,19.507949192431123,0,1
2025-10-28 02:00:00,25.87867965644036,69.73553390593274,400.0,0.0,1.010048652838528,19.825786437626903,0,1
2025-10-28 03:00:00,26.5,68.7,400.0,0.0,1.083631778303719,20.24,0,1
2025-10-28 04:00:00,27.22354286469244,67.49409522551261,400.0,0.0,1.1742323386783842,20.72236190979496,0,1
2025-10-28 05:00:00,28.0,66.2,400.0,0.0,1.2776164630303988,21.240000000000002,0,1
2025-10-28 06:00:00,28.776457135307563,64.9059047744874,400.0,0.0,1.387697931356112,21.75763809020504,0,1
2025-10-28 07:00:00,30.20347016458865,63.34826491770567,398.2413245885284,35.17350822943257,1.5733989219323317,22.873123148129785,0,1
2025-10-28 08:00:00,31.48032034355964,61.98496609406726,396.6025,67.94999999999999,1.7551207257247556,23.877313562373093,0,1
2025-10-28 09:00:00,32.51999244261835,60.90891486544529,395.19520942183743,96.0958115632518,1.9140115355915446,24.70177541570741,0,1
2025-10-28 10:00:00,33.25163452635331,60.1934423448116,394.1153573812848,117.6928523743052,2.0307644631996533,25.290322995315627,0,1
2025-10-28 11:00:00,33.62538639585369,59.88730680207316,393.4365340103658,131.2693197926844,2.0895943695659103,25.60284775626832,0,1
2025-10-28 12:00:00,33.6157774788672,60.01137086855465,393.205,135.9,2.0820141602086224,25.61805165257813,0,1
2025-10-28 13:00:00,32.09807621135332,66.4698729810778,440.0,131.2693197926844,1.603139333054627,25.392050807568875,0,0
2025-10-28 14:00:00,31.62132034355964,67.26446609406726,440.0,117.69285237430525,1.5235017932700028,25.074213562373096,0,0
2025-10-28 15:00:00,31.0,68.3,440.0,96.0958115632518,1.424151743604591,24.66,0,0
2025-10-28 16:00:00,30.276457135307563,69.50590477448739,440.0,67.94999999999999,1.3145433683368355,24.177638090205043,0,0
2025-10-28 17:00:00,29.5,70.8,440.0,35.173508229432606,1.203882557059305,23.66,0,0
2025-10-28 18:00:00,28.72354286469244,72.0940952255126,440.0,1.664295000041253e-14,1.1000856025578847,23.14236190979496,0,0
2025-10-28 19:00:00,28.0,73.3,440.0,0.0,1.0092414071867353,22.66,0,0
2025-10-28 20:00:00,27.37867965644036,74.33553390593273,440.0,0.0,0.9355515667483051,22.245786437626904,0,0
2025-10-28 21:00:00,26.901923788646684,75.1301270189222,440.0,0.0,0.8816064159551141,21.92794919243112,0,0
2025-10-28 22:00:00,26.602222521132795,75.62962913144534,440.0,0.0,0.848814748083422,21.728148347421865,0,0
2025-10-28 23:00:00,26.5,75.8,440.0,0.0,0.8378239308290736,21.66,0,0
2025-10-29 00:00:00,28.2022225211328,69.72962913144534,440.0,0.0,1.1577406369868775,22.148148347421863,0,0
2025-10-29 01:00:00,27.001923788646685,64.6301270189222,400.0,0.0,1.2611986256169603,19.927949192431125,0,1
2025-10-29 02:00:00,27.47867965644036,63.835533905932735,400.0,0.0,1.3260417437430976,20.245786437626904,0,1
2025-10-29 03:00:00,28.1,62.8,400.0,0.0,1.4143422048851755,20.66,0,1
2025-10-29 04:00:00,28.82354286469244,61.5940952255126,400.0,0.0,1.522798382924002,21.14236190979496,0,1
2025-10-29 05:00:00,29.6,60.3,400.0,0.0,1.6462326150976618,21.66,0,1
2025-10-29 06:00:00,30.376457135307565,59.00590477448739,400.0,0.0,1.777319125640754,22.177638090205043,0,1
2025-10-29 07:00:00,32.199888739433604,57.20419855817399,397.02099279087,59.58014418260027,2.0579418934356686,23.7324425952868,0,1
2025-10-29 08:00:00,34.02332034355965,55.613466094067256,394.245,115.09999999999998,2.3641026515659562,25.1460135623731,0,1
2025-10-29 09:00:00,35.453595831936184,54.34211317078638,391.8612009485428,162.77598102914325,2.6322623054109093,26.32201846609346,0,1
2025-10-29 10:00:00,36.48495843789076,53.47678038904287,390.03204760244114,199.35904795117776,2.8383403272276397,26.99221435995242,0,1
2025-10-29 11:00:00,37.04712250423487,53.07643874788256,388.8821937394128,222.35612521174352,2.951932238249001,27.662410253811384,0,1
2025-10-29 12:00:00,37.101777478867206,53.16837086855465,388.49,230.2,2.9549276092429952,27.73545165257813,0,1
2025-10-29 13:00:00,33.69807621135332,60.56987298107781,440.0,222.35612521174352,2.0623883639055443,25.81205080756888,0,0
2025-10-29 14:00:00,33.22132034355964,61.36446609406726,440.0,199.35904795117776,1.967680939589812,25.49421356237309,0,0
2025-10-29 15:00:00,32.6,62.4,440.0,162.77598102914325,1.8493113583382743,25.08,0,0
2025-10-29 16:00:00,31.876457135307565,63.60590477448739,440.0,115.09999999999998,1.7184132434934314,24.597638090205045,0,0
2025-10-29 17:00:00,31.1,64.9,440.0,59.580144182600336,1.5858995665746993,24.08,0,0
2025-10-29 18:00:00,30.32354286469244,66.1940952255126,440.0,2.8191369316372077e-14,1.46124155674629,23.56236190979496,0,0
2025-10-29 19:00:00,29.6,67.4,440.0,0.0,1.3518182179391376,23.08,0,0
2025-10-29 20:00:00,28.97867965644036,68.43553390593274,440.0,0.0,1.2628137658363965,22.665786437626902,0,0
2025-10-29 21:00:00,28.501923788646685,69.23012701892219,440.0,0.0,1.1975061640017455,22.347949192431123,0,0
2025-10-29 22:00:00,28.2022225211328,69.72962913144534,440.0,0.0,1.1577406369868775,22.148148347421863,0,0
2025-10-29 23:00:00,28.1,69.9,440.0,0.0,1.1444005475011767,22.08,0,0
2025-10-30 00:00:00,27.5022225211328,72.62962913144534,440.0,0.0,1.004970805257072,22.028148347421865,0,0
2025-10-30 01:00:00,26.301923788646683,67.5301270189222,400.0,0.0,1.11108752661959,19.807949192431124,0,1
2025-10-30 02:00:00,26.77867965644036,66.73553390593274,400.0,0.0,1.1706789608528563,20.125786437626907,0,1
2025-10-30 03:00:00,27.4,65.7,400.0,0.0,1.2519046073742368,20.54,0,1
2025-10-30 04:00:00,28.123542864692435,64.49409522551261,400.0,0.0,1.3517829859053805,21.02236190979496,0,1
2025-10-30 05:00:00,28.9,63.2,400.0,0.0,1.4655920769633495,21.54,0,1
2025-10-30 06:00:00,29.67645713530756,61.90590477448739,400.0,0.0,1.5866023132373475,22.626535720011333,0,1
2025-10-30 07:00:00,31.70341271113629,60.04829364443185,396.74146822215926,65.17063555681473,1.8680074675981972,23.713071440022667,0,1
2025-10-30 08:00:00,33.53932034355964,58.40546609406726,393.705,125.9,2.1563976077375364,25.22041356237309,0,1
2025-10-30 09:00:00,35.05906596140877,57.08937810605008,391.09752562486136,178.04948750277268,2.4206152719970992,26.476941582618785,0,1
2025-10-30 10:00:00,36.159081412325634,56.18971890182544,389.0967401663539,218.06519667292164,2.625571663238466,27.39702519269072,0,1
2025-10-30 11:00:00,36.76440246119175,55.76779876940412,387.8389938470206,243.22012305958745,2.740069838209994,27.91796221507257,0,1
2025-10-30 12:00:00,36.833777478867205,55.85237086855465,387.41,251.8,2.745199663509494,28.004251652578134,0,1
2025-10-30 13:00:00,32.998076211353315,63.469872981077806,440.0,243.22012305958745,1.8373211044448385,25.69205080756888,0,0
2025-10-30 14:00:00,32.52132034355964,64.26446609406726,440.0,218.06519667292167,1.7498449270651082,25.37421356237309,0,0
2025-10-30 15:00:00,31.9,65.3,440.0,178.04948750277268,1.6406064576297816,24.96,0,0
2025-10-30 16:00:00,31.17645713530756,66.50590477448739,440.0,125.9,1.5199358437448285,24.47763809020504,0,0
2025-10-30 17:00:00,30.4,67.8,440.0,65.1706355568148,1.3979277853272436,23.96,0,0
2025-10-30 18:00:00,29.623542864692435,69.0940952255126,440.0,3.0836606402530353e-14,1.2833062836456013,23.44236190979496,0,0
2025-10-30 19:00:00,28.9,70.3,440.0,0.0,1.182828388201399,22.96,0,0
2025-10-30 20:00:00,28.27867965644036,71.33553390593273,440.0,0.0,1.1012027207984922,22.5457864376269,0,0
2025-10-30 21:00:00,27.801923788646683,72.1301270189222,440.0,0.0,1.0413728795737622,22.22794919243112,0,0
2025-10-30 22:00:00,27.5022225211328,72.62962913144534,440.0,0.0,1.004970805257072,22.028148347421865,0,0
2025-10-30 23:00:00,27.4,72.8,440.0,0.0,0.99276400351543,21.96,0,0
2025-10-31 00:00:00,28.0022225211328,73.62962913144534,440.0,0.0,0.9969106544489115,22.72814834742186,0,0
2025-10-31 01:00:00,26.801923788646683,68.5301270189222,400.0,0.0,1.1090354312227066,20.507949192431123,0,1
2025-10-31 02:00:00,27.27867965644036,67.73553390593274,400.0,0.0,1.169279722063772,20.825786437626903,0,1
2025-10-31 03:00:00,27.9,66.7,400.0,0.0,1.251406377921046,21.24,0,1
2025-10-31 04:00:00,28.623542864692435,65.49409522551261,400.0,0.0,1.3524084273828065,21.722361909794955,0,1
2025-10-31 05:00:00,29.4,64.2,400.0,0.0,1.467516519182596,22.24,0,1
2025-10-31 06:00:00,30.17645713530756,62.90590477448739,400.0,0.0,1.5899268681731482,22.75763809020504,0,1
2025-10-31 07:00:00,32.240682653631055,61.029658673184464,396.6482933659224,64.74999999999999,1.8783030480455396,24.446614388267943,0,1
2025-10-31 08:00:00,34.11132034355964,59.369466094067256,393.525,129.49999999999997,2.1746756996175094,25.98521356237309,0,1
2025-10-31 09:00:00,35.66088933789963,58.03846641780465,390.8429671836342,183.1406563273158,2.4469225809755035,27.268582621460563,0,1
2025-10-31 10:00:00,36.7837890704706,57.12736507275296,388.7849710209915,224.3005795801696,2.6586587757198505,28.209262085021187,0,1
2025-10-31 11:00:00,37.40349578017737,56.69825210991131,387.49126054955656,250.1747890088687,2.777391000711673,28.74314620215964,0,1
2025-10-31 12:00:00,37.4777774788672,56.78037086855465,387.05,259.0,2.783326367241201,28.833851652578133,0,1
2025-10-31 13:00:00,33.498076211353315,64.4698729810778,440.0,250.1747890088687,1.8377586080373614,26.392050807568875,0,0
2025-10-31 14:00:00,33.02132034355964,65.26446609406726,440.0,224.30057958016965,1.749339299787301,26.07421356237309,0,0
2025-10-31 15:00:00,32.4,66.3,440.0,183.1406563273158,1.6389358737438184,25.66,0,0
2025-10-31 16:00:00,31.67645713530756,67.50590477448739,440.0,129.49999999999997,1.5169968075049667,25.17763809020504,0,0
2025-10-31 17:00:00,30.9,68.8,440.0,67.03413268155295,1.3937285432518267,24.66,0,0
2025-10-31 18:00:00,30.123542864692435,70.0940952255126,440.0,33.51706634077647,1.2779465427928764,24.14236190979496,0,0
2025-10-31 19:00:00,29.4,71.3,440.0,0.0,1.1764727402385617,23.66,0,0
2025-10-31 20:00:00,28.77867965644036,72.33553390593273,440.0,0.0,1.0940547523780353,23.245786437626904,0,0
2025-10-31 21:00:00,28.301923788646683,73.1301270189222,440.0,0.0,1.0336548002986683,22.92794919243112,0,0
2025-10-31 22:00:00,28.0022225211328,73.62962913144534,440.0,0.0,0.9969106544489115,22.72814834742186,0,0
2025-10-31 23:00:00,27.9,73.8,440.0,0.0,0.9845900030489914,22.66,0,0
2025-11-01 00:00:00,27.9022225211328,76.42962913144534,440.0,0.0,0.8858838608216741,23.188148347421865,0,0
2025-11-01 01:00:00,26.701923788646685,71.3301270189222,400.0,0.0,1.0044388999643092,20.967949192431124,0,1
2025-11-01 02:00:00,27.17867965644036,70.4150635094611,400.0,0.0,1.0659113663594448,21.285786437626907,0,1
2025-11-01 03:00:00,27.8,69.5,400.0,0.0,1.139521156930948,21.700000000000003,0,1
2025-11-01 04:00:00,28.52354286469244,68.2940952255126,400.0,0.0,1.2354830252518845,22.18236190979496,0,1
2025-11-01 05:00:00,29.3,67.0,400.0,0.0,1.3449642379011244,22.700000000000003,0,1
2025-11-01 06:00:00,30.076457135307564,65.7059047744874,400.0,0.0,1.4615142525992697,23.217638090205043,0,1
2025-11-01 07:00:00,32.11997713002285,63.84001143498857,396.70005717494286,65.99885650114278,1.7310172776409525,24.887979417020567,0,1
2025-11-01 08:00:00,33.97132034355964,62.18946609406726,393.625,127.5,2.008031257108649,26.40921356237309,0,1
2025-11-01 09:00:00,35.50432079540471,60.8667506890521,390.98438853987153,180.31222920256965,2.2624166297566455,27.67767093321513,0,1
2025-11-01 10:00:00,36.61450703816784,59.96200608890433,388.9581761017484,220.83647796503183,2.4600366159800293,28.60690825594871,0,1
2025-11-01 11:00:00,37.22622171407424,59.53688914296287,387.6844457148144,246.3110857037124,2.5704375640742665,29.13359954266681,0,1
2025-11-01 12:00:00,37.29777747886721,59.62037086855465,387.25,255.0,2.575132253205434,29.22185165257814,0,1
2025-11-01 13:00:00,33.39807621135331,67.26987298107781,440.0,246.3110857037124,1.683493424648621,26.85205080756888,0,0
2025-11-01 14:00:00,32.92132034355964,68.06446609406726,440.0,220.83647796503183,1.5993286245145915,26.534213562373093,0,0
2025-11-01 15:00:00,32.3,69.1,440.0,180.31222920256965,1.494317055455743,26.12,0,0
2025-11-01 16:00:00,31.576457135307564,70.30590477448739,440.0,127.5,1.3784446720677084,25.63763809020504,0,0
2025-11-01 17:00:00,30.8,71.6,440.0,65.99885650114285,1.261440272127586,25.12,0,0
2025-11-01 18:00:00,30.02354286469244,72.8940952255126,440.0,3.1228493378257513e-14,1.1516751708954212,24.60236190979496,0,0
2025-11-01 19:00:00,29.3,74.1,440.0,0.0,1.0555931442920947,24.12,0,0
2025-11-01 20:00:00,28.67867965644036,75.13553390593273,440.0,0.0,0.9776446339777943,23.705786437626905,0,0
2025-11-01 21:00:00,28.201923788646685,75.93012701892219,440.0,0.0,0.9205763031052233,23.38794919243112,0,0
2025-11-01 22:00:00,27.9022225211328,76.42962913144534,440.0,0.0,0.8858838608216741,23.188148347421865,0,0
2025-11-01 23:00:00,27.8,76.6,440.0,0.0,0.8742555761371865,23.12,0,0
2025-11-02 00:00:00,28.0022225211328,73.42962913144534,440.0,0.0,1.0044714935392534,22.688148347421865,0,0
2025-11-02 01:00:00,26.801923788646683,68.3301270189222,400.0,0.0,1.1160836670506022,20.46794919243112,0,1
2025-11-02 02:00:00,27.27867965644036,67.53553390593274,400.0,0.0,1.1765278179637924,20.785786437626903,0,1
2025-11-02 03:00:00,27.9,66.5,400.0,0.0,1.258922332142794,21.2,0,1
2025-11-02 04:00:00,28.623542864692435,65.2940952255126,400.0,0.0,1.3602471346198515,21.68236190979496,0,1
2025-11-02 05:00:00,29.4,64.0,400.0,0.0,1.4757149354908787,22.2,0,1
2025-11-02 06:00:00,30.17645713530756,62.705904774487394,400.0,0.0,1.5984992668716858,22.717638090205043,0,1
2025-11-02 07:00:00,32.31574017671079,60.79212991164461,396.4606495582231,70.78700883553942,1.89776717598218,24.47416615903971,0,1
2025-11-02 08:00:00,34.25632034355964,59.09696609406726,393.1625,136.74999999999997,2.206983049682542,26.07571356237309,0,1
2025-11-02 09:00:00,35.86595030444373,57.7359359345326,390.330314767274,193.3937046545208,2.492498360660576,27.41313749135025,0,1
2025-11-02 10:00:00,37.034936437568085,56.80179138920422,388.1571026032478,236.857947935044,2.715769965251776,28.39529471540893,0,1
2025-11-02 11:00:00,37.6836142698012,56.3581928650994,386.790964325497,264.18071349006016,2.842067191108699,28.95525284282108,0,1
2025-11-02 12:00:00,37.7677774788672,56.43537086855466,386.325,273.5,2.8500076384098962,29.054851652578133,0,1
2025-11-02 13:00:00,33.498076211353315,64.26987298107781,440.0,264.18071349006016,1.8481033985699622,26.35205080756888,0,0
2025-11-02 14:00:00,33.02132034355964,65.06446609406726,440.0,236.857947935044,1.7594116326584455,26.03421356237309,0,0
2025-11-02 15:00:00,32.4,66.1,440.0,193.3937046545208,1.648662496139924,25.62,0,0
2025-11-02 16:00:00,31.67645713530756,67.3059047744874,440.0,136.74999999999997,1.5263338688816677,25.137638090205044,0,0
2025-11-02 17:00:00,30.9,68.6,440.0,70.7870088355395,1.402662700580364,24.62,0,0
2025-11-02 18:00:00,30.123542864692435,69.8940952255126,440.0,3.3494089956680114e-14,1.2864929924149797,24.10236190979496,0,0
2025-11-02 19:00:00,29.4,71.1,440.0,0.0,1.1846711565468444,23.62,0,0
2025-11-02 20:00:00,28.77867965644036,72.13553390593273,440.0,0.0,1.1019642110218995,23.205786437626905,0,0
2025-11-02 21:00:00,28.301923788646683,72.93012701892219,440.0,0.0,1.0413485828560074,22.88794919243112,0,0
2025-11-02 22:00:00,28.0022225211328,73.42962913144534,440.0,0.0,1.0044714935392534,22.688148347421865,0,0
2025-11-02 23:00:00,27.9,73.6,440.0,0.0,0.9921059572707394,22.62,0,0
2025-11-03 00:00:00,28.102222521132795,75.02962913144535,440.0,0.0,0.949495066271623,23.108148347421864,0,0
2025-11-03 01:00:00,26.901923788646684,69.9301270189222,400.0,0.0,1.0659400217782957,20.88794919243113,0,1
2025-11-03 02:00:00,27.37867965644036,69.13553390593275,400.0,0.0,1.1251081361022168,21.205786437626905,0,1
2025-11-03 03:00:00,28.0,68.10000000000001,400.0,0.0,1.2057977861144886,21.62,0,1
2025-11-03 04:00:00,28.72354286469244,66.89409522551261,400.0,0.0,1.305076093980002,22.10236190979496,0,1
2025-11-03 05:00:00,29.5,65.60000000000001,400.0,0.0,1.4182726014671259,22.62,0,1
2025-11-03 06:00:00,30.276457135307563,64.3059047744874,400.0,0.0,1.5387056353200044,23.137638090205044,0,1
2025-11-03 07:00:00,32.374329129494384,62.41283543525281,396.564177176264,68.71645647471925,1.8253385711623822,24.856896216544943,0,1
2025-11-03 08:00:00,34.27632034355964,60.73696609406726,393.3625,132.74999999999997,2.120850241811832,26.42371356237309,0,1
2025-11-03 09:00:00,35.852813219453886,59.39250447702753,390.61315747974857,187.7368504050284,2.393075894735914,27.73131411485939,0,1
2025-11-03 10:00:00,36.996372372962576,58.47107342150697,388.5035127647616,229.92974470476844,2.6053484804167213,28.483736819347428,0,1
2025-11-03 11:00:00,37.62906613759496,58.03546693120253,387.1773346560126,256.45330687974763,2.724769867845406,29.23615952383546,0,1
2025-11-03 12:00:00,37.70777747886721,58.115370868554656,386.725,265.5,2.7312092955693665,29.33085165257814,0,1
2025-11-03 13:00:00,33.59807621135332,65.8698729810778,440.0,256.45330687974763,1.7752347453212123,26.77205080756888,0,0
2025-11-03 14:00:00,33.121320343559645,66.66446609406727,440.0,229.92974470476847,1.6882712805387148,26.4542135623731,0,0
2025-11-03 15:00:00,32.5,67.7,440.0,187.7368504050284,1.5797215944714311,26.04,0,0
2025-11-03 16:00:00,31.776457135307563,68.9059047744874,440.0,132.74999999999997,1.4598804367437095,25.55763809020504,0,0
2025-11-03 17:00:00,31.0,70.2,440.0,68.71645647471934,1.3387924908333375,25.04,0,0
2025-11-03 18:00:00,30.22354286469244,71.49409522551261,440.0,3.2514372517362226e-14,1.2251192270481008,24.52236190979496,0,0
2025-11-03 19:00:00,29.5,72.7,440.0,0.0,1.1255477331410626,24.04,0,0
2025-11-03 20:00:00,28.87867965644036,73.73553390593274,440.0,0.0,1.0447162078078562,23.625786437626907,0,0
2025-11-03 21:00:00,28.401923788646684,74.5301270189222,440.0,0.0,0.9855047258284654,23.307949192431124,0,0
2025-11-03 22:00:00,28.102222521132795,75.02962913144535,440.0,0.0,0.949495066271623,23.108148347421864,0,0
2025-11-03 23:00:00,28.0,75.2,440.0,0.0,0.9374227302708252,23.04,0,0
2025-11-04 00:00:00,27.9022225211328,77.92962913144534,440.0,0.0,0.8295069035543066,23.488148347421863,0,0
2025-11-04 01:00:00,26.701923788646685,72.8301270189222,400.0,0.0,0.9518869283897975,21.267949192431125,0,1
2025-11-04 02:00:00,27.17867965644036,72.03553390593274,400.0,0.0,1.007527674543832,21.585786437626908,0,1
2025-11-04 03:00:00,27.8,71.0,400.0,0.0,1.0834791328195899,22.0,0,1
2025-11-04 04:00:00,28.52354286469244,69.7940952255126,400.0,0.0,1.177032570957672,22.48236190979496,0,1
2025-11-04 05:00:00,29.3,68.5,400.0,0.0,1.2838294998147097,23.0,0,1
2025-11-04 06:00:00,30.076457135307564,67.2059047744874,400.0,0.0,1.397588630287823,23.517638090205043,0,1
2025-11-04 07:00:00,32.13861210127024,65.33069394936489,396.6534697468244,66.93060506351186,1.6614036450041014,25.204750891143217,0,1
2025-11-04 08:00:00,34.00732034355964,63.671466094067256,393.535,129.29999999999998,1.9331970160012164,26.741613562373093,0,1
2025-11-04 09:00:00,35.555232483650144,62.341294844929386,390.8571093192579,182.8578136148412,2.1832797567469755,28.023491452636023,0,1
2025-11-04 10:00:00,36.67686086724033,61.43082917436809,388.8022915290672,223.95416941865585,2.377871390109947,28.963026702113947,0,1
2025-11-04 11:00:00,37.29576837356706,61.00211581321646,387.5105790660824,249.78841867835308,2.4867426046170653,29.49619153621035,0,1
2025-11-04 12:00:00,37.369777478867206,61.08437086855465,387.07,258.6,2.491496551402741,29.586651652578137,0,1
2025-11-04 13:00:00,33.39807621135331,68.76987298107781,440.0,249.78841867835308,1.6063400382437036,27.15205080756888,0,0
2025-11-04 14:00:00,32.92132034355964,69.56446609406726,440.0,223.95416941865588,1.524208761360332,26.83421356237309,0,0
2025-11-04 15:00:00,32.3,70.6,440.0,182.8578136148412,1.4217773925695418,26.419999999999995,0,0
2025-11-04 16:00:00,31.576457135307564,71.80590477448739,440.0,129.29999999999998,1.3088124104211218,25.93763809020504,0,0
2025-11-04 17:00:00,30.8,73.1,440.0,66.93060506351195,1.194814905641974,25.42,0,0
2025-11-04 18:00:00,30.02354286469244,74.3940952255126,440.0,3.1669366225950564e-14,1.0879431991824127,24.90236190979496,0,0
2025-11-04 19:00:00,29.3,75.6,440.0,0.0,0.9944584062056805,24.42,0,0
2025-11-04 20:00:00,28.67867965644036,76.63553390593273,440.0,0.0,0.9186662129081943,24.005786437626902,0,0
2025-11-04 21:00:00,28.201923788646685,77.43012701892219,440.0,0.0,0.863207306777599,23.687949192431123,0,0
2025-11-04 22:00:00,27.9022225211328,77.92962913144534,440.0,0.0,0.8295069035543066,23.488148347421863,0,0
2025-11-04 23:00:00,27.8,78.1,440.0,0.0,0.8182135520258284,23.42,0,0
2025-11-05 00:00:00,27.102222521132795,82.72962913144535,440.0,0.0,0.6194498378601527,23.648148347421863,0,0
2025-11-05 01:00:00,25.901923788646684,77.63012701892221,400.0,0.0,0.747601275743981,21.427949192431125,0,1
2025-11-05 02:00:00,26.37867965644036,76.83553390593275,400.0,0.0,0.7962609706213137,21.745786437626908,0,1
2025-11-05 03:00:00,27.0,75.80000000000001,400.0,0.0,0.8628123225462243,22.160000000000004,0,1
2025-11-05 04:00:00,27.72354286469244,74.59409522551262,400.0,0.0,0.9449750880364647,22.64236190979496,0,1
2025-11-05 05:00:00,28.5,73.30000000000001,400.0,0.0,1.0389983348264522,23.160000000000004,0,1
2025-11-05 06:00:00,29.276457135307563,72.0059047744874,400.0,0.0,1.1393932446141553,23.677638090205043,0,1
2025-11-05 07:00:00,31.22680227378595,70.18659886310704,396.9329943155352,61.34011368929742,1.3567862542681248,25.26412204640736,0,1
2025-11-05 08:00:00,32.99132034355964,68.57946609406727,394.075,118.5,1.5797299806694673,26.7072135623731,0,1
2025-11-05 09:00:00,34.44976235417755,67.2940299096657,391.6207846429394,167.58430714121178,1.7837582229950575,27.90856833611069,0,1
2025-11-05 10:00:00,35.50273789280544,66.41789066158555,389.7375989651544,205.248020696912,1.9413184877768461,28.786316025122552,0,1
2025-11-05 11:00:00,36.078488416610185,66.01075579169492,388.55377895847454,228.9244208305092,2.0280124156835644,29.28063957494917,0,1
2025-11-05 12:00:00,36.13777747886721,66.10037086855466,388.15,237.0,2.0292506596325968,29.35785165257814,0,1
2025-11-05 13:00:00,32.59807621135332,73.56987298107781,440.0,228.9244208305092,1.2997937341613066,27.31205080756888,0,0
2025-11-05 14:00:00,32.121320343559645,74.36446609406727,440.0,205.248020696912,1.227293460259862,26.994213562373098,0,0
2025-11-05 15:00:00,31.5,75.4,440.0,167.58430714121178,1.137028950144274,26.58,0,0
2025-11-05 16:00:00,30.776457135307563,76.6059047744874,440.0,118.5,1.0376994637864747,26.097638090205045,0,0
2025-11-05 17:00:00,30.0,77.9,440.0,59.25000000000002,0.9377173779857418,25.58,0,0
2025-11-05 18:00:00,29.22354286469244,79.19409522551261,440.0,2.9024129139792274e-14,0.8442445782633962,25.06236190979496,0,0
2025-11-05 19:00:00,28.5511112605664,80.4,440.0,0.0,0.7649745981332834,24.58,0,0
2025-11-05 20:00:00,27.87867965644036,81.43553390593274,440.0,0.0,0.6967821450780426,24.165786437626902,0,0
2025-11-05 21:00:00,27.401923788646684,82.2301270189222,440.0,0.0,0.6486498302502509,23.847949192431123,0,0
2025-11-05 22:00:00,27.102222521132795,82.72962913144535,440.0,0.0,0.6194498378601527,23.648148347421863,0,0
2025-11-05 23:00:00,27.0,82.9,440.0,0.0,0.6096731700636544,23.58,0,0
2025-11-06 00:00:00,26.802222521132794,79.22962913144535,440.0,0.0,0.731985208331687,22.648148347421863,0,0
2025-11-06 01:00:00,25.601923788646683,74.13012701892221,400.0,0.0,0.8493456093443332,20.427949192431125,0,1
2025-11-06 02:00:00,26.15096189432334,73.33553390593275,400.0,0.0,0.90433975386363,20.745786437626908,0,1
2025-11-06 03:00:00,26.7,72.30000000000001,400.0,0.0,0.9703499702991145,21.160000000000004,0,1
2025-11-06 04:00:00,27.42354286469244,71.09409522551262,400.0,0.0,1.0564809393756667,21.64236190979496,0,1
2025-11-06 05:00:00,28.2,69.80000000000001,400.0,0.0,1.154899949452323,22.160000000000004,0,1
2025-11-06 06:00:00,28.97645713530756,68.5059047744874,400.0,0.0,1.2598365583184012,22.677638090205043,0,1
2025-11-06 07:00:00,30.610525400670667,66.84473729966467,397.7236864983233,45.5262700335334,1.4568196498129125,23.9794728606036,0,1
2025-11-06 08:00:00,32.08032034355964,65.38496609406728,395.6025,87.94999999999999,1.6533521508824518,25.157313562373098,0,1
2025-11-06 09:00:00,33.28567786756759,64.22607215297067,393.7809958594643,124.38008281071372,1.828517908608055,26.13089229816173,0,1
2025-11-06 10:00:00,34.14445484938086,63.44703218329784,392.3833065737159,152.33386852568276,1.9600406934611252,26.833861286040424,0,1
2025-11-06 11:00:00,34.59812705688494,63.10093647155753,391.50468235778766,169.90635284424712,2.029074961504354,27.218314351196447,0,1
2025-11-06 12:00:00,34.6157774788672,63.21137086855466,391.205,175.9,2.024982407257278,27.25805165257813,0,1
2025-11-06 13:00:00,32.29807621135332,70.06987298107781,440.0,169.90635284424712,1.447257223153643,26.31205080756888,0,0
2025-11-06 14:00:00,31.82132034355964,70.86446609406727,440.0,152.33386852568276,1.371402711012513,25.99421356237309,0,0
2025-11-06 15:00:00,31.2,71.9,440.0,124.38008281071372,1.2768638838473585,25.58,0,0
2025-11-06 16:00:00,30.47645713530756,73.1059047744874,440.0,87.94999999999999,1.1726924614579548,25.09763809020504,0,0
2025-11-06 17:00:00,29.7,74.4,440.0,45.52627003353345,1.0676728823422978,24.58,0,0
2025-11-06 18:00:00,28.92354286469244,75.69409522551261,440.0,2.1541537197001943e-14,0.9693226096723752,24.06236190979496,0,0
2025-11-06 19:00:00,28.2,76.9,440.0,0.0,0.8833837361704856,23.58,0,0
2025-11-06 20:00:00,27.57867965644036,77.93553390593274,440.0,0.0,0.8137786373946432,23.165786437626902,0,0
2025-11-06 21:00:00,27.101923788646683,78.7301270189222,440.0,0.0,0.7628897338992724,22.847949192431123,0,0
2025-11-06 22:00:00,26.802222521132794,79.22962913144535,440.0,0.0,0.731985208331687,22.648148347421863,0,0
2025-11-06 23:00:00,26.7,79.4,440.0,0.0,0.7216321078758758,22.58,0,0
2025-11-07 00:00:00,26.7022225211328,83.22962913144535,440.0,0.0,0.5875543559843379,23.348148347421866,0,0
2025-11-07 01:00:00,25.501923788646685,78.13012701892221,400.0,0.0,0.7137734234566834,21.127949192431128,0,1
2025-11-07 02:00:00,25.97867965644036,77.33553390593275,400.0,0.0,0.7608927357595293,21.445786437626907,0,1
2025-11-07 03:00:00,26.6,76.30000000000001,400.0,0.0,0.8253579252750716,21.860000000000003,0,1
2025-11-07 04:00:00,27.32354286469244,75.09409522551262,400.0,0.0,0.9049752918229893,22.34236190979496,0,1
2025-11-07 05:00:00,28.1,73.80000000000001,400.0,0.0,0.9961227356986985,22.860000000000003,0,1
2025-11-07 06:00:00,28.876457135307565,72.5059047744874,400.0,0.0,1.0934863266499966,23.377638090205046,0,1
2025-11-07 07:00:00,30.65339351356726,70.77330324321638,397.3665162160818,52.66967567836297,1.28734772798558,24.80805416221053,0,1
2025-11-07 08:00:00,32.25632034355964,69.24696609406728,394.9125,101.75,1.4835510192510029,26.105713562373097,0,1
2025-11-07 09:00:00,33.57600081078257,68.0309106813632,392.80518850142687,143.89622997146242,1.6607823286967185,27.182182947055207,0,1
2025-11-07 10:00:00,34.52250087226987,67.20800917185333,391.18819151649336,176.23616967013325,1.7956816417556623,27.96410270664054,0,1
2025-11-07 11:00:00,35.03131811299651,66.83434094350176,390.1717047175087,196.5659056498254,1.8680296307323565,28.39818630169686,0,1
2025-11-07 12:00:00,35.06777747886721,66.93537086855467,389.825,203.5,1.8660944782609437,28.454851652578142,0,1
2025-11-07 13:00:00,32.19807621135332,74.06987298107781,440.0,196.5659056498254,1.2467867318374628,27.01205080756888,0,0
2025-11-07 14:00:00,31.721320343559643,74.86446609406727,440.0,176.23616967013328,1.1764454941067148,26.694213562373097,0,0
2025-11-07 15:00:00,31.1,75.98518543427733,440.0,143.89622997146242,1.085045128522831,26.28,0,0
2025-11-07 16:00:00,30.376457135307565,77.1059047744874,440.0,101.75,0.9925847389655471,25.797638090205044,0,0
2025-11-07 17:00:00,29.6,78.4,440.0,52.66967567836303,0.8956832364259317,25.28,0,0
2025-11-07 18:00:00,28.82354286469244,79.69409522551261,440.0,2.4921562362648644e-14,0.8051313759164234,24.76236190979496,0,0
2025-11-07 19:00:00,28.1,80.9,440.0,0.0,0.7261810783147001,24.28,0,0
2025-11-07 20:00:00,27.47867965644036,81.93553390593274,440.0,0.0,0.6623694113679912,23.86578643762691,0,0
2025-11-07 21:00:00,27.001923788646685,82.7301270189222,440.0,0.0,0.6157992164678414,23.54794919243113,0,0
2025-11-07 22:00:00,26.7022225211328,83.22962913144535,440.0,0.0,0.5875543559843379,23.348148347421866,0,0
2025-11-07 23:00:00,26.6,83.4,440.0,0.0,0.5780987999816958,23.28,0,0
2025-11-08 00:00:00,26.802222521132794,82.42962913144534,440.0,0.0,0.6192114556873565,23.288148347421863,0,0
2025-11-08 01:00:00,25.601923788646683,77.3301270189222,400.0,0.0,0.7442849485560162,21.06794919243112,0,1
2025-11-08 02:00:00,26.07867965644036,76.53553390593274,400.0,0.0,0.7924198379482821,21.385786437626905,0,1
2025-11-08 03:00:00,26.7,75.5,400.0,0.0,0.8582517787844156,21.8,0,1
2025-11-08 04:00:00,27.42354286469244,74.2940952255126,400.0,0.0,0.9395242472265254,22.28236190979496,0,1
2025-11-08 05:00:00,28.2,73.0,400.0,0.0,1.0325264448745937,22.8,0,1
2025-11-08 06:00:00,28.97645713530756,71.7059047744874,400.0,0.0,1.1318291665279212,23.31763809020504,0,1
2025-11-08 07:00:00,30.659701019240146,70.02014949037992,397.6007474518996,47.98505096200735,1.3209973677862041,24.66373091731613,0,1
2025-11-08 08:00:00,32.17532034355964,68.53746609406726,395.365,92.7,1.5108576015746344,25.88281356237309,0,1
2025-11-08 09:00:00,33.42002815599304,67.35889700875794,393.4451201384007,131.09759723198593,1.6809767251380126,26.891807557744624,0,1
2025-11-08 10:00:00,34.3089996760999,66.5647597699383,391.9719445069183,160.56110986163492,1.8093355391405685,27.62195163008756,0,1
2025-11-08 11:00:00,34.781652963879864,66.20917351806007,391.0458675903004,179.08264819399326,1.8771411209648898,28.02348766749188,0,1
2025-11-08 12:00:00,34.805777478867206,66.31637086855466,390.73,185.4,1.8736865682486579,28.06905165257814,0,1
2025-11-08 13:00:00,32.29807621135332,73.2698729810778,440.0,179.08264819399326,1.2925227273339717,26.95205080756888,0,0
2025-11-08 14:00:00,31.82132034355964,74.06446609406726,440.0,160.56110986163495,1.2207794655484434,26.63421356237309,0,0
2025-11-08 15:00:00,31.2,75.1,440.0,131.09759723198593,1.1314558970747064,26.22,0,0
2025-11-08 16:00:00,30.47645713530756,76.30590477448739,440.0,92.7,1.0331593838363067,25.73763809020504,0,0
2025-11-08 17:00:00,29.7,77.6,440.0,47.9850509620074,0.9342137720495113,25.22,0,0
2025-11-08 18:00:00,28.92354286469244,78.8940952255126,440.0,2.270495165619193e-14,0.8417061979514086,24.70236190979496,0,0
2025-11-08 19:00:00,28.2,80.1,440.0,0.0,0.7610102315927563,24.22,0,0
2025-11-08 20:00:00,27.57867965644036,81.13553390593273,440.0,0.0,0.6957566726409596,23.805786437626903,0,0
2025-11-08 21:00:00,27.101923788646683,81.93012701892219,440.0,0.0,0.6481148525142515,23.48794919243112,0,0
2025-11-08 22:00:00,26.802222521132794,82.42962913144534,440.0,0.0,0.6192114556873565,23.353974596215558,0,0
2025-11-08 23:00:00,26.7,82.6,440.0,0.0,0.6095339163611769,23.22,0,0
2025-11-09 00:00:00,24.2022225211328,96.62962913144534,440.0,0.0,0.10179625791053731,23.528148347421865,0,0
2025-11-09 01:00:00,23.001923788646685,91.5301270189222,400.0,0.0,0.2379834877483338,21.307949192431124,0,1
2025-11-09 02:00:00,23.47867965644036,90.73553390593274,400.0,0.0,0.26791105789487696,21.625786437626907,1,1
2025-11-09 03:00:00,24.1511112605664,89.7,400.0,0.0,0.31014216512516096,22.040000000000003,1,1
2025-11-09 04:00:00,24.82354286469244,88.49409522551261,400.0,0.0,0.36066803335002623,22.52236190979496,1,1
2025-11-09 05:00:00,25.6,87.2,400.0,0.0,0.4201947097314469,23.040000000000003,1,1
2025-11-09 06:00:00,26.376457135307565,85.9059047744874,400.0,0.0,0.48441037990412644,23.55763809020504,1,1
2025-11-09 07:00:00,28.022431076745384,84.2387844616273,397.69392230813656,46.12155383726919,0.596541521140418,24.870187969070845,0,1
2025-11-09 08:00:00,29.503320343559643,82.77346609406726,395.545,89.09999999999998,0.7103660435744329,26.05801356237309,0,1
2025-11-09 09:00:00,30.718204779502173,81.60980869700337,393.6996785796279,126.00642840744275,0.8130337810877293,27.040166518902847,0,1
2025-11-09 10:00:00,31.584292017954944,80.82711359901079,392.2837136522807,154.32572695438694,0.8904296684208594,27.749714737757103,0,1
2025-11-09 11:00:00,32.04255964489424,80.47872017755289,391.3936008877644,172.12798224471197,0.9304276486014472,28.138303680404817,0,1
2025-11-09 12:00:00,32.06177747886721,80.58837086855466,391.09,178.2,0.9262063590022132,28.179451652578138,0,1
2025-11-09 13:00:00,29.69807621135332,87.4698729810778,440.0,172.12798224471197,0.5225233355156971,27.19205080756888,0,0
2025-11-09 14:00:00,29.221320343559643,88.26446609406726,440.0,154.32572695438697,0.4761336103665433,26.874213562373097,0,0
2025-11-09 15:00:00,28.6,89.3,440.0,126.00642840744275,0.4187989949587432,26.46,1,0
2025-11-09 16:00:00,27.876457135307565,90.5059047744874,440.0,89.09999999999998,0.356296765692023,25.977638090205044,1,0
2025-11-09 17:00:00,27.1,91.8,440.0,46.12155383726924,0.29407746644078686,25.46,1,0
2025-11-09 18:00:00,26.32354286469244,93.0940952255126,440.0,2.182320596080584e-14,0.23661483680883758,24.94236190979496,1,0
2025-11-09 19:00:00,25.6,94.3,440.0,0.0,0.18711795667728512,24.46,1,0
2025-11-09 20:00:00,24.97867965644036,95.33553390593272,440.0,0.0,0.14757237326591538,24.045786437626905,1,0
2025-11-09 21:00:00,24.501923788646685,96.1301270189222,440.0,0.0,0.11899870032206443,23.72794919243113,1,0
2025-11-09 22:00:00,24.2022225211328,96.62962913144534,440.0,0.0,0.10179625791053731,23.528148347421865,1,0
2025-11-09 23:00:00,24.1,96.8,440.0,0.0,0.0960599854189812,23.46,1,0
2025-11-10 00:00:00,24.802222521132794,93.22962913144536,440.0,0.0,0.21195663406261978,23.448148347421863,1,0
2025-11-10 01:00:00,23.601923788646683,88.13012701892221,400.0,0.0,0.3458121808511908,21.22794919243113,1,1
2025-11-10 02:00:00,24.07867965644036,87.33553390593275,400.0,0.0,0.37968552480882606,21.54578643762691,1,1
2025-11-10 03:00:00,24.7,86.30000000000001,400.0,0.0,0.42629055782292624,21.96,1,1
2025-11-10 04:00:00,25.42354286469244,85.09409522551262,400.0,0.0,0.48423030162180825,22.44236190979496,1,1
2025-11-10 05:00:00,26.2,83.80000000000001,400.0,0.0,0.5510246307448708,22.96,0,1
2025-11-10 06:00:00,26.97645713530756,82.5059047744874,400.0,0.0,0.6228630389023952,23.477638090205044,0,1
2025-11-10 07:00:00,28.19486201423602,81.052568992882,398.76284496441,24.74310071180098,0.7243659407823868,24.40537581281242,0,1
2025-11-10 08:00:00,29.27732034355964,79.78646609406728,397.61,47.79999999999999,0.8227560252184803,25.2346135623731,0,1
2025-11-10 09:00:00,30.150064376981994,78.79387889826347,396.6200295859283,67.59940828143394,0.9075633673884383,25.90884015663469,0,1
2025-11-10 10:00:00,30.75361805090305,78.14245058253674,395.8603985699104,82.79202860179232,0.9682803654465493,26.3821081674104,0,1
2025-11-10 11:00:00,31.0468501798647,77.87657491006766,395.3828745503383,92.34250899323492,0.9965693535158128,26.62216516187823,0,1
2025-11-10 12:00:00,31.009777478867203,78.01437086855466,395.22,95.6,0.9882746123099959,26.612651652578137,0,1
2025-11-10 13:00:00,30.298076211353315,84.06987298107781,440.0,92.34250899323492,0.6875682025614772,27.11205080756888,0,0
2025-11-10 14:00:00,29.82132034355964,84.86446609406727,440.0,82.79202860179234,0.6356580049788169,26.79421356237309,0,0
2025-11-10 15:00:00,29.2,85.9,440.0,67.59940828143394,0.5713613459421159,26.38,0,0
2025-11-10 16:00:00,28.47645713530756,87.1059047744874,440.0,47.79999999999999,0.5010733633047754,25.89763809020504,0,0
2025-11-10 17:00:00,27.7,88.4,440.0,24.74310071180101,0.4308707921886157,25.38,1,0
2025-11-10 18:00:00,26.92354286469244,89.69409522551261,440.0,1.1707623399848695e-14,0.36579561385397125,24.86236190979496,1,0
2025-11-10 19:00:00,26.2,90.9,440.0,0.0,0.30952618146779787,24.38,1,0
2025-11-10 20:00:00,25.57867965644036,91.93553390593274,440.0,0.0,0.2644034803098945,23.965786437626907,1,0
2025-11-10 21:00:00,25.101923788646683,92.7301270189222,440.0,0.0,0.23169526247256003,23.647949192431124,1,0
2025-11-10 22:00:00,24.802222521132794,93.22962913144536,440.0,0.0,0.21195663406261978,23.448148347421863,1,0
2025-11-10 23:00:00,24.7,93.4,440.0,0.0,0.2053662541336725,23.38,1,0
2025-11-11 00:00:00,26.102222521132795,89.82962913144534,440.0,0.0,0.34394218666781734,24.068148347421864,1,0
2025-11-11 01:00:00,24.901923788646684,84.7301270189222,400.0,0.0,0.4808969828328714,21.847949192431123,0,1
2025-11-11 02:00:00,25.37867965644036,83.93553390593274,400.0,0.0,0.5204786224414798,22.165786437626902,0,1
2025-11-11 03:00:00,26.0,82.9,400.0,0.0,0.5748062106910382,22.58,0,1
2025-11-11 04:00:00,26.72354286469244,81.69409522551261,400.0,0.0,0.6421566474307836,23.06236190979496,0,1
2025-11-11 05:00:00,27.5,80.4,400.0,0.0,0.7195689610211734,23.58,0,1
2025-11-11 06:00:00,28.276457135307563,79.1059047744874,400.0,0.0,0.8025847522907148,24.097638090205045,0,1
2025-11-11 07:00:00,29.89033751515268,77.45483124242367,397.7741562121183,44.51687575763357,0.9506055606431875,25.381303763637405,0,1
2025-11-11 08:00:00,31.34132034355964,76.00446609406727,395.7,85.99999999999999,1.0991470058138573,26.54221356237309,0,1
2025-11-11 09:00:00,32.53052353863504,74.85364931743695,393.9188816817957,121.62236636408618,1.2319674585801588,27.501253402122423,0,1
2025-11-11 10:00:00,33.37690486788567,74.08080717404543,392.55218152745385,148.95636945092343,1.3315912785450994,28.19306630269476,0,1
2025-11-11 11:00:00,33.822784842434395,73.7386075787828,391.6930378939141,166.13924212171975,1.383187129328399,28.57050635819096,0,1
2025-11-11 12:00:00,33.8377774788672,73.85037086855466,391.4,172.0,1.3784522132577668,28.60785165257813,0,1
2025-11-11 13:00:00,31.59807621135332,80.6698729810778,440.0,166.13924212171975,0.8984339305879115,27.732050807568875,0,0
2025-11-11 14:00:00,31.12132034355964,81.46446609406726,440.0,148.95636945092346,0.8384947950782246,27.414213562373096,0,0
2025-11-11 15:00:00,30.5,82.5,440.0,121.62236636408618,0.7640988810877571,27.0,0,0
2025-11-11 16:00:00,29.776457135307563,83.7059047744874,440.0,85.99999999999999,0.6825536480458784,26.517638090205043,0,0
2025-11-11 17:00:00,29.0,85.0,440.0,44.51687575763361,0.6008516400128883,26.0,0,0
2025-11-11 18:00:00,28.22354286469244,86.2940952255126,440.0,2.106392494533448e-14,0.5248552094596077,25.48236190979496,0,0
2025-11-11 19:00:00,27.5,87.5,440.0,0.0,0.45890877616146275,25.0,0,0
2025-11-11 20:00:00,26.87867965644036,88.53553390593274,440.0,0.0,0.4058469468542295,24.585786437626904,1,0
2025-11-11 21:00:00,26.401923788646684,89.3301270189222,440.0,0.0,0.367271610596274,24.267949192431125,1,0
2025-11-11 22:00:00,26.102222521132795,89.82962913144534,440.0,0.0,0.34394218666781734,24.068148347421864,1,0
2025-11-11 23:00:00,26.052222521132798,90.0,440.0,0.0,0.33718307914601925,24.0,1,0
2025-11-12 00:00:00,26.0022225211328,86.22962913144535,440.0,0.0,0.4629435486368112,23.248148347421864,1,0
2025-11-12 01:00:00,24.801923788646683,81.13012701892221,400.0,0.0,0.5907392023036295,21.027949192431123,0,1
2025-11-12 02:00:00,25.27867965644036,80.33553390593275,400.0,0.0,0.6333420762517621,21.345786437626906,0,1
2025-11-12 03:00:00,25.9,79.30000000000001,400.0,0.0,0.6917153845356183,21.76,0,1
2025-11-12 04:00:00,26.623542864692435,78.09409522551262,400.0,0.0,0.7639356666132452,22.24236190979496,0,1
2025-11-12 05:00:00,27.4,76.80000000000001,400.0,0.0,0.8467692971161015,22.76,0,1
2025-11-12 06:00:00,28.17645713530756,75.5059047744874,400.0,0.0,0.9354150072814459,23.277638090205045,0,1
2025-11-12 07:00:00,29.84210132417317,73.82894933791343,397.6447466895671,47.105066208658776,1.1004371496809777,24.60789119175586,0,1
2025-11-12 08:00:00,31.34132034355964,72.35446609406728,395.45,91.0,1.2663400587772946,25.81221356237309,0,1
2025-11-12 09:00:00,32.571944894872345,71.1829386393183,393.5653282912024,128.6934341759517,1.4150974705547519,26.808532622736003,0,1
2025-11-12 10:00:00,33.45010994864256,70.39420463366699,389.91946429994914,157.61662348876783,1.5272286234414245,27.52895087537596,0,1
2025-11-12 11:00:00,33.91597000769221,70.04201499615391,391.2100749807695,175.79850038461043,1.58610258729278,27.92437300692299,0,1
2025-11-12 12:00:00,33.937777478867204,70.15037086855467,390.9,182.0,1.5822868748495318,27.96785165257814,0,1
2025-11-12 13:00:00,31.498076211353315,77.06987298107781,440.0,175.79850038461043,1.0597306295374012,26.912050807568875,0,0
2025-11-12 14:00:00,31.02132034355964,77.86446609406727,440.0,157.61662348876786,0.9956669808207307,26.59421356237309,0,0
2025-11-12 15:00:00,30.4,78.9,440.0,128.6934341759517,0.9160334245467338,26.18,0,0
2025-11-12 16:00:00,29.67645713530756,80.1059047744874,440.0,91.0,0.8285803171779522,25.697638090205043,0,0
2025-11-12 17:00:00,28.9,81.4,440.0,47.105066208658826,0.7407612128129971,25.18,0,0
2025-11-12 18:00:00,28.123542864692435,82.69409522551261,440.0,2.2288571744481832e-14,0.6588714688003183,24.66236190979496,0,0
2025-11-12 19:00:00,27.4,83.9,440.0,0.0,0.5876286932572946,24.18,0,0
2025-11-12 20:00:00,26.77867965644036,84.93553390593274,440.0,0.0,0.5301649352475574,23.765786437626904,0,0
2025-11-12 21:00:00,26.301923788646683,85.7301270189222,440.0,0.0,0.48830119800472194,23.447949192431125,0,0
2025-11-12 22:00:00,26.0022225211328,86.22962913144535,440.0,0.0,0.4629435486368112,23.248148347421864,0,0
2025-11-12 23:00:00,25.9,86.4,440.0,0.0,0.45446034926011636,23.18,1,0
2025-11-13 00:00:00,25.802222521132794,84.62962913144534,440.0,0.0,0.5106559262980642,22.72814834742186,0,0
2025-11-13 01:00:00,24.601923788646683,79.5301270189222,400.0,0.0,0.6332225981215613,20.507949192431123,0,1
2025-11-13 02:00:00,25.07867965644036,78.73553390593274,400.0,0.0,0.6767744080389013,20.825786437626903,0,1
2025-11-13 03:00:00,25.7,77.7,400.0,0.0,0.7364098508296348,21.24,0,1
2025-11-13 04:00:00,26.42354286469244,76.49409522551261,400.0,0.0,0.8101368146440826,21.72236190979496,0,1
2025-11-13 05:00:00,27.2,75.2,400.0,0.0,0.8946322990263273,22.24,0,1
2025-11-13 06:00:00,27.97645713530756,73.9059047744874,400.0,0.0,0.9849873596584356,22.75763809020504,0,1
2025-11-13 07:00:00,29.68920639038184,72.20539680480908,397.5269840240454,49.46031951909171,1.1584818640031787,24.13028575134365,0,1
2025-11-13 08:00:00,31.232320343559643,70.70896609406726,395.2225,95.54999999999998,1.3334318156214122,25.374113562373097,0,1
2025-11-13 09:00:00,32.5006383290483,69.51859192223031,391.695030854964,135.12810588474923,1.4908318599538493,26.40435671349436,0,1
2025-11-13 10:00:00,33.40772657213133,68.7153963219226,391.7251272668397,165.4974546632062,1.6100107565426527,27.15080583651585,0,1
2025-11-13 11:00:00,33.891768508076815,68.3541157459616,390.770578729808,184.5884254038409,1.673209330339867,27.56259165726913,0,1
2025-11-13 12:00:00,33.9197774788672,68.45937086855466,390.445,191.1,1.670248731824874,27.611651652578136,0,1
2025-11-13 13:00:00,31.298076211353315,75.4698729810778,440.0,184.5884254038409,1.1208784023500749,26.392050807568875,0,0
2025-11-13 14:00:00,30.82132034355964,76.26446609406726,440.0,165.49745466320624,1.0555413312511759,26.07421356237309,0,0
2025-11-13 15:00:00,30.2,77.3,440.0,135.12810588474923,0.9742801506438086,25.66,0,0
2025-11-13 16:00:00,29.47645713530756,78.50590477448739,440.0,95.54999999999998,0.8849764840831602,25.17763809020504,0,0
2025-11-13 17:00:00,28.7,79.8,440.0,49.46031951909176,0.7952242075958444,24.66,0,0
2025-11-13 18:00:00,27.92354286469244,81.0940952255126,440.0,2.340300033170592e-14,0.711454818025026,24.14236190979496,0,0
2025-11-13 19:00:00,27.2,82.3,440.0,0.0,0.6385077295470161,23.66,0,0
2025-11-13 20:00:00,26.57867965644036,83.33553390593273,440.0,0.0,0.579616144514003,23.245786437626904,0,0
2025-11-13 21:00:00,26.101923788646683,84.1301270189222,440.0,0.0,0.5366788066866991,22.92794919243112,0,0
2025-11-13 22:00:00,25.802222521132794,84.62962913144534,440.0,0.0,0.5106559262980642,22.72814834742186,0,0
2025-11-13 23:00:00,25.7,84.8,440.0,0.0,0.5019475216417243,22.66,0,0
2025-11-14 00:00:00,25.5022225211328,83.82962913144534,440.0,0.0,0.5277664657837968,21.35397459621556,0,0
2025-11-14 01:00:00,24.301923788646683,78.7301270189222,400.0,0.0,0.6462684435289577,20.047949192431123,0,1
2025-11-14 02:00:00,24.77867965644036,77.93553390593274,400.0,0.0,0.6897917184266367,20.365786437626905,0,1
2025-11-14 03:00:00,25.4,76.9,400.0,0.0,0.7493737570146544,20.78,0,1
2025-11-14 04:00:00,26.123542864692435,75.69409522551261,400.0,0.0,0.823014209185915,21.26236190979496,0,1
2025-11-14 05:00:00,26.9,74.4,400.0,0.0,0.9073860277271124,21.78,0,1
2025-11-14 06:00:00,27.67645713530756,73.1059047744874,400.0,0.0,0.9975835304869194,22.29763809020504,0,1
2025-11-14 07:00:00,29.308454848309847,71.44577257584508,397.7288628792254,45.42274241549239,1.1643376027675638,23.597609363478863,0,1
2025-11-14 08:00:00,30.77632034355964,69.98696609406727,395.6125,87.74999999999999,1.3312874869898934,24.773713562373093,0,1
2025-11-14 09:00:00,31.980021013318098,68.82890058009542,393.79513799508806,124.0972400982391,1.4804432894714479,25.74580112933718,0,1
2025-11-14 10:00:00,32.837526646150586,68.05049628491297,392.4006270817915,151.987458364169,1.5925188628123355,26.44762590313318,0,1
2025-11-14 11:00:00,33.29039965027463,67.7048001748627,388.74696412373237,169.5199825137315,1.6511455056591888,26.83135968524717,0,1
2025-11-14 12:00:00,33.3077774788672,67.81537086855467,391.225,175.5,1.6470935755620586,26.870851652578136,0,1
2025-11-14 13:00:00,30.998076211353315,74.6698729810778,440.0,169.5199825137315,1.1378546944553969,25.932050807568874,0,0
2025-11-14 14:00:00,30.52132034355964,75.46446609406726,440.0,151.987458364169,1.072595813710187,25.61421356237309,0,0
2025-11-14 15:00:00,29.9,76.5,440.0,124.0972400982391,0.9914152731846307,25.2,0,0
2025-11-14 16:00:00,29.17645713530756,77.7059047744874,440.0,87.74999999999999,0.9021766036564567,24.717638090205043,0,0
2025-11-14 17:00:00,28.4,79.0,440.0,45.42274241549244,0.8124613804710411,24.2,0,0
2025-11-14 18:00:00,27.623542864692435,80.2940952255126,440.0,2.149255132503605e-14,0.7286972381800307,23.68236190979496,0,0
2025-11-14 19:00:00,26.9,81.5,440.0,0.0,0.6557281840996716,23.2,0,0
2025-11-14 20:00:00,26.27867965644036,82.53553390593274,440.0,0.0,0.5967982875294501,22.785786437626903,0,0
2025-11-14 21:00:00,25.801923788646683,83.3301270189222,440.0,0.0,0.5538200054638389,22.46794919243112,0,0
2025-11-14 22:00:00,25.5022225211328,83.82962913144534,440.0,0.0,0.5277664657837968,22.268148347421864,0,0
2025-11-14 23:00:00,25.4,84.0,440.0,0.0,0.5190467581053885,22.2,0,0
2025-11-15 00:00:00,25.102222521132795,77.52962913144535,440.0,0.0,0.7161570854928146,20.608148347421864,0,0
2025-11-15 01:00:00,23.901923788646684,72.4301270189222,400.0,0.0,0.8178318770960118,18.38794919243113,0,1
2025-11-15 02:00:00,24.37867965644036,71.63553390593275,400.0,0.0,0.8658013964348505,18.705786437626905,0,1
2025-11-15 03:00:00,25.0,70.60000000000001,400.0,0.0,0.9313266489470129,19.12,0,1
2025-11-15 04:00:00,25.75,69.39409522551261,400.0,0.0,1.013692592389808,19.60236190979496,0,1
2025-11-15 05:00:00,26.5,68.10000000000001,400.0,0.0,1.104404272456506,20.12,0,1
2025-11-15 06:00:00,27.276457135307563,66.8059047744874,400.0,0.0,1.2028134123699448,20.637638090205044,0,1
2025-11-15 07:00:00,29.12120410338412,65.03939794830795,397.1969897415397,56.06020516920599,1.4102478362470277,22.129083693045708,0,1
2025-11-15 08:00:00,30.78732034355964,63.48146609406727,394.585,108.29999999999998,1.6208681958805649,23.48361356237309,0,1
2025-11-15 09:00:00,32.16126278745344,62.23827969302775,392.34203355974967,153.1593288050062,1.8119117669613425,24.608918726058988,0,1
2025-11-15 10:00:00,33.149399528061394,61.394559843957566,390.62094487701455,187.5811024597094,1.9582433396270458,25.428311496852903,0,1
2025-11-15 11:00:00,33.684390679484245,61.00780466025788,389.5390233012894,209.2195339742122,2.037925372283732,25.885951611535823,0,1
2025-11-15 12:00:00,33.729777478867206,61.10437086855466,389.17,216.6,2.038033238285145,25.95065165257813,0,1
2025-11-15 13:00:00,30.59807621135332,68.3698729810778,440.0,209.2195339742122,1.3888186486310068,24.27205080756888,0,0
2025-11-15 14:00:00,30.12132034355964,69.16446609406727,440.0,187.58110245970943,1.3175038747047711,23.95421356237309,0,0
2025-11-15 15:00:00,29.5,70.2,440.0,153.1593288050062,1.2286198698755917,23.54,0,0
2025-11-15 16:00:00,28.776457135307563,71.4059047744874,440.0,108.29999999999998,1.1306735944740098,23.05763809020504,0,0
2025-11-15 17:00:00,28.0,72.7,440.0,56.06020516920605,1.0319209893707069,22.54,0,0
2025-11-15 18:00:00,27.22354286469244,73.99409522551261,440.0,2.6525849669531672e-14,0.9394285313590456,22.02236190979496,0,0
2025-11-15 19:00:00,26.5,75.2,440.0,0.0,0.8585964249818606,21.54,0,0
2025-11-15 20:00:00,25.87867965644036,76.23553390593274,440.0,0.0,0.7931171456695505,21.125786437626907,0,0
2025-11-15 21:00:00,25.401923788646684,77.0301270189222,440.0,0.0,0.7452375137873336,20.807949192431124,0,0
2025-11-15 22:00:00,25.102222521132795,77.52962913144535,440.0,0.0,0.7161570854928146,20.608148347421864,0,0
2025-11-15 23:00:00,25.0,77.7,440.0,0.0,0.7064144310040269,20.54,0,0
2025-11-16 00:00:00,24.602222521132795,86.02962913144535,440.0,0.0,0.43217231681331475,21.808148347421863,0,0
2025-11-16 01:00:00,23.401923788646684,80.9301270189222,400.0,0.0,0.5489194611101776,19.587949192431125,0,1
2025-11-16 02:00:00,23.87867965644036,80.13553390593275,400.0,0.0,0.5884366924834146,19.905786437626908,0,1
2025-11-16 03:00:00,24.5,79.10000000000001,400.0,0.0,0.6426016516342522,20.32,0,1
2025-11-16 04:00:00,25.22354286469244,77.89409522551261,400.0,0.0,0.7096445573465591,20.80236190979496,0,1
2025-11-16 05:00:00,26.0,76.60000000000001,400.0,0.0,0.7865769198929995,21.32,0,1
2025-11-16 06:00:00,26.776457135307563,75.3059047744874,400.0,0.0,0.8689477277936202,21.837638090205044,0,1
2025-11-16 07:00:00,28.49490040937409,73.60254979531297,397.5127489765648,49.74502046870448,1.0269211479023332,23.21541036843668,0,1
2025-11-16 08:00:00,30.043320343559643,72.10346609406727,395.195,96.09999999999998,1.1866123904445625,24.464013562373097,0,1
2025-11-16 09:00:00,31.316194678234403,70.91081374763726,393.2047038327973,135.90592334405443,1.330568470984505,25.498357427761857,0,1
2025-11-16 10:00:00,32.22677913101459,70.10587004248097,391.6774958696316,166.4500826073691,1.4397157296646148,26.247953139510784,0,1
2025-11-16 11:00:00,32.71301887625518,69.74349056187242,390.7174528093621,185.65094381275887,1.49761850766391,26.66171698862966,0,1
2025-11-16 12:00:00,32.741777478867206,69.84837086855467,390.39,192.2,1.4948414783833033,26.71145165257814,0,1
2025-11-16 13:00:00,30.09807621135332,76.8698729810778,440.0,185.65094381275887,0.9869608058210615,25.47205080756888,0,0
2025-11-16 14:00:00,29.62132034355964,77.66446609406727,440.0,166.4500826073691,0.9273201073071832,25.15421356237309,0,0
2025-11-16 15:00:00,29.0,78.7,440.0,135.90592334405443,0.853209328818301,24.74,0,0
2025-11-16 16:00:00,28.276457135307563,79.9059047744874,440.0,96.09999999999998,0.7718551229431574,24.25763809020504,0,0
2025-11-16 17:00:00,27.5,81.2,440.0,49.74502046870454,0.6901987993468398,23.74,0,0
2025-11-16 18:00:00,26.72354286469244,82.49409522551261,440.0,2.3537711479612128e-14,0.614093280759031,23.22236190979496,0,0
2025-11-16 19:00:00,26.0,83.7,440.0,0.0,0.5479146920622177,22.74,0,0
2025-11-16 20:00:00,25.37867965644036,84.73553390593274,440.0,0.0,0.49455912436946153,22.325786437626903,0,0
2025-11-16 21:00:00,24.901923788646684,85.5301270189222,440.0,0.0,0.4557024323121808,22.007949192431123,0,0
2025-11-16 22:00:00,24.602222521132795,86.02962913144535,440.0,0.0,0.43217231681331475,21.808148347421863,0,0
2025-11-16 23:00:00,24.5,86.2,440.0,0.0,0.42430156902165944,21.74,1,0
2025-11-17 00:00:00,24.7022225211328,82.52962913144535,440.0,0.0,0.5436819264141398,21.208148347421865,0,0
2025-11-17 01:00:00,23.501923788646685,77.4301270189222,400.0,0.0,0.6535933726124854,18.987949192431127,0,1
2025-11-17 02:00:00,23.97867965644036,76.63553390593275,400.0,0.0,0.6962847140824069,19.305786437626907,0,1
2025-11-17 03:00:00,24.6,75.60000000000001,400.0,0.0,0.7547118444035,19.72,0,1
2025-11-17 04:00:00,25.32354286469244,74.39409522551261,400.0,0.0,0.826902318284737,20.20236190979496,0,1
2025-11-17 05:00:00,26.1,73.10000000000001,400.0,0.0,0.9095863273866002,20.72,0,1
2025-11-17 06:00:00,26.876457135307565,71.8059047744874,400.0,0.0,0.9979526399277829,21.23763809020505,0,1
2025-11-17 07:00:00,27.85416030229068,70.47291984885467,399.3645992442733,12.708015114533769,1.1066604855906887,21.94874427206161,0,1
2025-11-17 08:00:00,28.712320343559643,69.31896609406726,398.7725,24.55,1.2086988465740724,22.57611356237309,0,1
2025-11-17 09:00:00,29.39245507047851,68.42268355151522,391.695030854964,34.71894295625949,1.2938573403191571,23.076991780781555,0,1
2025-11-17 10:00:00,29.848214425383524,67.84515239529651,397.8739076337092,42.52184732581593,1.3525178195002157,23.417244904442825,0,1
2025-11-17 11:00:00,30.048539161415867,67.62573041929208,397.6286520964603,47.426958070793255,1.377490359959874,23.573685245274284,0,1
2025-11-17 12:00:00,29.97977747886721,67.77937086855466,397.545,49.1,1.3655572823499955,23.53565165257814,0,1
2025-11-17 13:00:00,30.19807621135332,73.3698729810778,440.0,47.426958070793255,1.1428346113269268,24.87205080756888,0,0
2025-11-17 14:00:00,29.721320343559643,74.16446609406727,440.0,42.52184732581594,1.0788173755671657,24.554213562373096,0,0
2025-11-17 15:00:00,29.1,75.2,440.0,34.71894295625949,0.9991633369682703,24.14,0,0
2025-11-17 16:00:00,28.376457135307565,76.4059047744874,440.0,24.55,0.9115765952801161,23.657638090205044,0,0
2025-11-17 17:00:00,27.6,77.7,440.0,12.708015114533785,0.8234903771451838,23.14,0,0
2025-11-17 18:00:00,26.82354286469244,78.99409522551261,440.0,6.013015783813504e-15,0.7412136940348134,22.62236190979496,0,0
2025-11-17 19:00:00,26.1,80.2,440.0,0.0,0.6695096387455274,22.14,0,0
2025-11-17 20:00:00,25.47867965644036,81.23553390593274,440.0,0.0,0.6115771720984244,21.72578643762691,0,0
2025-11-17 21:00:00,25.001923788646685,82.0301270189222,440.0,0.0,0.5693108658956467,21.40794919243113,0,0
2025-11-17 22:00:00,24.7022225211328,82.52962913144535,440.0,0.0,0.5436819264141398,21.208148347421865,0,0
2025-11-17 23:00:00,24.6,82.7,440.0,0.0,0.5351030700073997,21.14,0,0
2025-11-18 00:00:00,23.2022225211328,97.42962913144534,440.0,0.0,0.07310095157602992,22.688148347421865,0,0
2025-11-18 01:00:00,22.84045108878658,92.3301270189222,400.0,0.0,0.21340961077114418,20.467949192431124,0,1
2025-11-18 02:00:00,22.47867965644036,91.53553390593274,400.0,0.0,0.2304079553821634,20.785786437626907,1,1
2025-11-18 03:00:00,23.1,90.5,400.0,0.0,0.26851514410797767,21.200000000000003,1,1
2025-11-18 04:00:00,23.82354286469244,89.2940952255126,400.0,0.0,0.31608749887831866,21.68236190979496,1,1
2025-11-18 05:00:00,24.6,88.0,400.0,0.0,0.37116975954270515,22.200000000000003,1,1
2025-11-18 06:00:00,25.376457135307565,86.7059047744874,400.0,0.0,0.4306634910220227,22.717638090205043,1,1
2025-11-18 07:00:00,26.38211275916175,85.35894362041913,399.29471810209566,14.10563795808738,0.5033770720051466,23.453901483245573,1,1
2025-11-18 08:00:00,27.26632034355964,84.19196609406727,398.6375,27.25,0.5724763383126865,24.104713562373096,0,1
2025-11-18 09:00:00,27.96882260284665,83.28449978533114,398.0731340212666,38.537319574666846,0.6306881866998121,24.62572255991288,0,1
2025-11-18 10:00:00,28.441745168992245,82.69838702349213,397.6400807746874,47.19838450625191,0.6709996593268485,24.981422573690672,0,1
2025-11-18 11:00:00,28.65285915065509,82.47357042467246,397.3678521233623,52.642957532754224,0.6880906752994109,25.14757323558958,0,1
2025-11-18 12:00:00,28.587777478867206,82.62537086855465,397.275,54.5,0.6795629651699026,25.112851652578136,0,1
2025-11-18 13:00:00,28.69807621135332,88.2698729810778,440.0,52.642957532754224,0.461734734106787,26.35205080756888,0,0
2025-11-18 14:00:00,28.221320343559643,89.06446609406726,440.0,47.19838450625191,0.4187122687516671,26.034213562373093,0,0
2025-11-18 15:00:00,27.6,90.1,440.0,38.537319574666846,0.36558541406893846,25.62,1,0
2025-11-18 16:00:00,26.876457135307565,91.3059047744874,440.0,27.25,0.3077344817305124,25.13763809020504,1,0
2025-11-18 17:00:00,26.1,92.6,440.0,14.105637958087396,0.25022077407661153,24.62,1,0
2025-11-18 18:00:00,25.32354286469244,93.8940952255126,440.0,6.674325055353075e-15,0.19718056665898676,24.10236190979496,1,0
2025-11-18 19:00:00,24.6,95.1,440.0,0.0,0.15156098514660474,23.62,1,0
2025-11-18 20:00:00,23.97867965644036,96.13553390593272,440.0,0.0,0.1151649970752827,23.205786437626905,1,0
2025-11-18 21:00:00,23.501923788646685,96.9301270189222,440.0,0.0,0.08889942078436824,22.88794919243112,1,0
2025-11-18 22:00:00,23.2022225211328,97.42962913144534,440.0,0.0,0.07310095157602992,22.688148347421865,1,0
2025-11-18 23:00:00,23.1,97.6,440.0,0.0,0.06783540482727865,22.62,1,0
2025-11-19 00:00:00,25.2022225211328,85.62962913144534,440.0,0.0,0.46073363514539567,22.328148347421862,1,0
2025-11-19 01:00:00,24.001923788646685,80.5301270189222,400.0,0.0,0.581032029980251,20.107949192431125,0,1
2025-11-19 02:00:00,24.47867965644036,79.73553390593274,400.0,0.0,0.6222673720805069,20.425786437626908,0,1
2025-11-19 03:00:00,25.1,78.7,400.0,0.0,0.6787661973496698,20.840000000000003,0,1
2025-11-19 04:00:00,25.82354286469244,77.49409522551261,400.0,0.0,0.7486669088978853,21.32236190979496,0,1
2025-11-19 05:00:00,26.6,76.2,400.0,0.0,0.828840448166528,21.840000000000003,0,1
2025-11-19 06:00:00,27.376457135307565,74.9059047744874,400.0,0.0,0.9146408041394402,22.357638090205043,0,1
2025-11-19 07:00:00,29.09852387600553,73.20073806199724,397.5036903099862,49.92619380027625,1.0796192583717488,23.73867148840497,0,1
2025-11-19 08:00:00,30.65032034355964,71.69996609406726,395.1775,96.45,1.2463123886654472,24.990313562373096,0,1
2025-11-19 09:00:00,31.926094173171016,70.50586400016896,393.1799550954557,136.40089809088502,1.396533715746598,26.027266973204807,0,1
2025-11-19 10:00:00,32.83890348666757,69.69980786465447,391.6471849804991,167.0563003900182,1.5104259256036163,26.778865059598463,0,1
2025-11-19 11:00:00,33.32654183782323,69.3367290810884,390.683645405442,186.32709189116127,1.5708845870460937,27.193887654040907,0,1
2025-11-19 12:00:00,33.3557774788672,69.44137086855466,390.355,192.9,1.5680866601831154,27.244051652578136,0,1
2025-11-19 13:00:00,30.69807621135332,76.4698729810778,440.0,186.32709189116127,1.0390772961766161,25.99205080756888,0,0
2025-11-19 14:00:00,30.221320343559643,77.26446609406726,440.0,167.05630039001824,0.9769974084773487,25.674213562373097,0,0
2025-11-19 15:00:00,29.6,78.3,440.0,136.40089809088502,0.8998299180760522,25.26,0,0
2025-11-19 16:00:00,28.876457135307565,79.50590477448739,440.0,96.45,0.8150845744276791,24.777638090205045,0,0
2025-11-19 17:00:00,28.1,80.8,440.0,49.92619380027631,0.7299830734891231,24.26,0,0
2025-11-19 18:00:00,27.32354286469244,82.0940952255126,440.0,2.3623436755552444e-14,0.6506248837522869,23.74236190979496,0,0
2025-11-19 19:00:00,26.6,83.3,440.0,0.0,0.5815813228731521,23.26,0,0
2025-11-19 20:00:00,25.97867965644036,84.33553390593273,440.0,0.0,0.5258883404117423,22.845786437626906,0,0
2025-11-19 21:00:00,25.501923788646685,85.1301270189222,440.0,0.0,0.4853123817067034,22.527949192431123,0,0
2025-11-19 22:00:00,25.2022225211328,85.62962913144534,440.0,0.0,0.46073363514539567,22.328148347421862,0,0
2025-11-19 23:00:00,25.1,85.8,440.0,0.0,0.4525107982331133,22.26,1,0
2025-11-20 00:00:00,25.7022225211328,78.92962913144534,440.0,0.0,0.6958956058633725,21.488148347421863,0,0
2025-11-20 01:00:00,24.501923788646685,73.8301270189222,400.0,0.0,0.8047243120301154,19.267949192431125,0,1
2025-11-20 02:00:00,24.97867965644036,73.03553390593274,400.0,0.0,0.8530901876231797,19.585786437626908,0,1
2025-11-20 03:00:00,25.6,72.0,400.0,0.0,0.9191759275375402,20.0,0,1
2025-11-20 04:00:00,26.32354286469244,70.7940952255126,400.0,0.0,1.000672702235854,20.48236190979496,0,1
2025-11-20 05:00:00,27.1,69.5,400.0,0.0,1.0938247227370723,21.0,0,1
2025-11-20 06:00:00,27.876457135307565,68.2059047744874,400.0,0.0,1.1931767090889602,21.517638090205043,0,1
2025-11-20 07:00:00,29.87597789235543,66.36201105382229,396.8100552691114,63.79889461777136,1.4171599490587066,23.148380103119887,0,1
2025-11-20 08:00:00,31.686320343559643,64.73196609406726,393.8375,123.25,1.6474191105984168,24.63271356237309,0,1
2025-11-20 09:00:00,33.184112642603,63.42685476545295,391.2849089218758,174.30182156248398,1.8587673663534423,25.869483595693588,0,1
2025-11-20 10:00:00,34.26728271952449,62.53561824822601,389.3262368983568,213.47526203286407,2.0226773735107915,26.77440636916969,0,1
2025-11-20 11:00:00,34.86201432360511,62.37049455839033,388.0949641909872,238.1007161802553,2.0997042178006664,27.2858128912446,0,1
2025-11-20 12:00:00,34.927777478867206,62.205370868554645,387.675,246.5,2.1166033537181463,27.368851652578137,0,1
2025-11-20 13:00:00,31.19807621135332,69.7698729810778,440.0,238.1007161802553,1.3735066306855206,25.15205080756888,0,0
2025-11-20 14:00:00,30.721320343559643,70.56446609406726,440.0,213.47526203286407,1.3015817606204485,24.83421356237309,0,0
2025-11-20 15:00:00,30.1,71.6,440.0,174.30182156248398,1.2119595216895749,24.42,0,0
2025-11-20 16:00:00,29.376457135307565,72.80590477448739,440.0,123.25,1.1132313696627418,23.93763809020504,0,0
2025-11-20 17:00:00,28.6,74.1,440.0,63.79889461777143,1.0137284083580795,23.42,0,0
2025-11-20 18:00:00,27.82354286469244,75.3940952255126,440.0,3.0187543598982265e-14,0.9205726546260072,22.90236190979496,0,0
2025-11-20 19:00:00,27.1,76.6,440.0,0.0,0.8391966725261475,22.42,0,0
2025-11-20 20:00:00,26.47867965644036,77.63553390593273,440.0,0.0,0.773304622790187,22.005786437626902,0,0
2025-11-20 21:00:00,26.001923788646685,78.43012701892219,440.0,0.0,0.7251407607640229,21.687949192431123,0,0
2025-11-20 22:00:00,25.7022225211328,78.92962913144534,440.0,0.0,0.6958956058633725,21.488148347421863,0,0
2025-11-20 23:00:00,25.6,79.1,440.0,0.0,0.6860991744833784,21.42,0,0
2025-11-21 00:00:00,25.9022225211328,85.12962913144534,440.0,0.0,0.4969766573332918,22.928148347421864,0,0
2025-11-21 01:00:00,24.701923788646685,80.0301270189222,400.0,0.0,0.6214559187823983,20.707949192431126,0,1
2025-11-21 02:00:00,25.17867965644036,79.23553390593274,400.0,0.0,0.6648054427720913,21.025786437626905,0,1
2025-11-21 03:00:00,25.8,78.2,400.0,0.0,0.7241747511799373,21.44,0,1
2025-11-21 04:00:00,26.52354286469244,76.99409522551261,400.0,0.0,0.7975883110069268,21.92236190979496,0,1
2025-11-21 05:00:00,27.3,75.7,400.0,0.0,0.881743444576509,22.44,0,1
2025-11-21 06:00:00,28.076457135307564,74.4059047744874,400.0,0.0,0.971754155741823,22.957638090205045,0,1
2025-11-21 07:00:00,29.847699494575004,72.6761502527125,397.3807512635625,52.3849747287502,1.1492793062731372,24.382929545117506,0,1
2025-11-21 08:00:00,31.445320343559644,71.15246609406726,394.94,101.2,1.3292232048010668,25.675813562373097,0,1
2025-11-21 09:00:00,32.760444461596464,69.93868885595623,392.84407937439215,143.11841251215722,1.4919279413398652,26.74818223278771,0,1
2025-11-21 10:00:00,33.703448313386616,69.11753545129496,391.2358229137015,175.28354172597037,1.615788136641089,27.52695540364561,0,1
2025-11-21 11:00:00,34.21006774481815,68.74496612759093,390.22483063795465,195.50338724090744,1.682081111682069,27.95906097033633,0,1
2025-11-21 12:00:00,34.245777478867204,68.84637086855466,389.88,202.4,1.6799550238332763,28.015051652578137,0,1
2025-11-21 13:00:00,31.39807621135332,75.9698729810778,440.0,195.50338724090744,1.1042841765215112,26.592050807568874,0,0
2025-11-21 14:00:00,30.921320343559643,76.76446609406726,440.0,175.2835417259704,1.0392110340119134,26.27421356237309,0,0
2025-11-21 15:00:00,30.3,77.8,440.0,138.2417708629852,0.9582908349972755,25.86,0,0
2025-11-21 16:00:00,29.576457135307564,79.00590477448739,440.0,101.2,0.8693798900697505,25.377638090205043,0,0
2025-11-21 17:00:00,28.8,80.3,440.0,52.38497472875026,0.7800436880214957,24.86,0,0
2025-11-21 18:00:00,28.02354286469244,81.5940952255126,440.0,2.4786851214742428e-14,0.6966846615067841,24.34236190979496,0,0
2025-11-21 19:00:00,27.3,82.8,440.0,0.0,0.6241147015109448,23.86,0,0
2025-11-21 20:00:00,26.67867965644036,83.83553390593273,440.0,0.0,0.5655428226001694,23.445786437626907,0,0
2025-11-21 21:00:00,26.201923788646685,84.6301270189222,440.0,0.0,0.5228481669574024,23.127949192431124,0,0
2025-11-21 22:00:00,25.9022225211328,85.12962913144534,440.0,0.0,0.4969766573332918,22.928148347421864,0,0
2025-11-21 23:00:00,25.8,89.97962913144534,440.0,0.0,0.3328669532323975,22.86,0,0
2025-11-22 00:00:00,24.7022225211328,94.82962913144534,440.0,0.0,0.16090312078898092,23.668148347421862,1,0
2025-11-22 01:00:00,23.501923788646685,89.7301270189222,400.0,0.0,0.297401802997827,21.447949192431125,1,1
2025-11-22 02:00:00,23.97867965644036,88.93553390593274,400.0,0.0,0.3297322772009897,21.765786437626907,1,1
2025-11-22 03:00:00,24.6,87.9,400.0,0.0,0.37426284087222766,22.180000000000003,1,1
2025-11-22 04:00:00,25.32354286469244,86.69409522551261,400.0,0.0,0.4296932134131096,22.66236190979496,1,1
2025-11-22 05:00:00,26.1,85.4,400.0,0.0,0.49367882452953005,23.180000000000003,1,1
2025-11-22 06:00:00,26.876457135307565,84.1059047744874,400.0,0.0,0.5625842632187357,23.697638090205043,0,1
2025-11-22 07:00:00,28.02291031969752,82.68854484015125,398.9427242007562,21.145515984875946,0.6552343562409562,24.56061928772777,0,1
2025-11-22 08:00:00,29.038320343559644,81.45596609406726,397.9575,40.85,0.7444607654381824,25.32951356237309,0,1
2025-11-22 09:00:00,29.85348869181213,80.4921667408484,397.11146879885297,57.770624022940936,0.8207995401467689,25.951922039981817,0,1
2025-11-22 10:00:00,30.41286298865098,79.86282811366277,396.4622862255406,70.75427548918863,0.8748765770061522,26.38542861138353,0,1
2025-11-22 11:00:00,30.678322800156337,79.61083859992183,396.05419299960914,78.91614000781688,0.8993596753953758,26.600490520140703,0,1
2025-11-22 12:00:00,30.631777478867207,79.75337086855467,395.915,81.7,0.8907031450830285,26.58245165257814,0,1
2025-11-22 13:00:00,30.19807621135332,85.6698729810778,440.0,78.91614000781688,0.6149788594811693,27.33205080756888,0,0
2025-11-22 14:00:00,29.721320343559643,86.46446609406726,440.0,70.75427548918864,0.5652048538445544,27.014213562373097,0,0
2025-11-22 15:00:00,29.1,87.5,440.0,57.770624022940936,0.5036105529073943,26.6,1,0
2025-11-22 16:00:00,28.376457135307565,88.7059047744874,440.0,40.85,0.4363563329739217,26.117638090205045,1,0
2025-11-22 17:00:00,27.6,90.0,440.0,21.145515984875967,0.36927819602923034,25.6,1,0
2025-11-22 18:00:00,26.85,91.2940952255126,440.0,1.0005364349033875e-14,0.3076740623027656,25.08236190979496,1,0
2025-11-22 19:00:00,26.1,92.5,440.0,0.0,0.2536021358884572,24.6,1,0
2025-11-22 20:00:00,25.47867965644036,93.53553390593274,440.0,0.0,0.2106918402642848,24.185786437626906,1,0
2025-11-22 21:00:00,25.001923788646685,94.3301270189222,440.0,0.0,0.17962955552188514,23.867949192431126,1,0
2025-11-22 22:00:00,24.7022225211328,94.82962913144534,440.0,0.0,0.16090312078898092,23.668148347421862,1,0
2025-11-22 23:00:00,24.6,95.0,440.0,0.0,0.15465406647612728,23.6,1,0
2025-11-23 00:00:00,23.802222521132794,96.22962913144536,440.0,0.0,0.11117610510718874,23.048148347421865,1,0
2025-11-23 01:00:00,22.601923788646683,91.1301270189222,400.0,0.0,0.24325632196110525,20.827949192431124,1,1
2025-11-23 02:00:00,23.07867965644036,90.33553390593276,400.0,0.0,0.2728119493894318,21.145786437626903,1,1
2025-11-23 03:00:00,23.7,89.30000000000001,400.0,0.0,0.31357498909146514,21.56,1,1
2025-11-23 04:00:00,24.42354286469244,88.09409522551262,400.0,0.0,0.364394616920487,22.04236190979496,1,1
2025-11-23 05:00:00,25.2,86.80000000000001,400.0,0.0,0.4231540160648706,22.56,1,1
2025-11-23 06:00:00,25.97645713530756,85.5059047744874,400.0,0.0,0.4865326470236529,23.07763809020504,1,1
2025-11-23 07:00:00,26.89307900764648,84.20346049617677,399.5173024808838,9.653950382324023,0.5596771844113272,23.73377110688184,0,1
2025-11-23 08:00:00,27.69432034355964,83.07796609406728,399.0675,18.649999999999995,0.6283442946876415,24.309913562373097,0,1
2025-11-23 09:00:00,28.32557787011848,82.20612215169523,391.695030854964,26.375082938258224,0.6854523178642997,24.766802300457524,0,1
2025-11-23 10:00:00,28.7438324300904,81.64734339294307,398.384862621942,32.30274756115956,0.7243351333899375,25.07330110867901,0,1
2025-11-23 11:00:00,28.920580666411645,81.43970966679419,398.1985483339709,36.02903332058224,0.7400599954128865,25.20852259977048,0,1
2025-11-23 12:00:00,28.843777478867203,81.59737086855466,398.135,37.3,0.730521084483397,25.163251652578136,0,1
2025-11-23 13:00:00,29.298076211353315,87.06987298107781,440.0,36.02903332058224,0.5269281662888672,26.712050807568875,0,0
2025-11-23 14:00:00,28.82132034355964,87.86446609406727,440.0,32.30274756115956,0.4811133852864147,26.394213562373096,0,0
2025-11-23 15:00:00,28.2,88.9,440.0,26.375082938258224,0.4244830940039996,25.98,1,0
2025-11-23 16:00:00,27.47645713530756,90.1059047744874,440.0,18.649999999999995,0.36273945876740277,25.497638090205044,1,0
2025-11-23 17:00:00,26.7,91.4,440.0,9.653950382324034,0.3012638896957539,24.98,1,0
2025-11-23 18:00:00,25.92354286469244,92.6940952255126,440.0,4.567932560819627e-15,0.2444758206101617,24.46236190979496,1,0
2025-11-23 19:00:00,25.2,93.9,440.0,0.0,0.19554844681785682,23.98,1,0
2025-11-23 20:00:00,24.57867965644036,94.93553390593274,440.0,0.0,0.15644862218840136,23.565786437626905,1,0
2025-11-23 21:00:00,24.101923788646683,95.7301270189222,440.0,0.0,0.12819102000776164,23.247949192431125,1,0
2025-11-23 22:00:00,23.802222521132794,96.22962913144536,440.0,0.0,0.11117610510718874,23.048148347421865,1,0
2025-11-23 23:00:00,23.7,96.4,440.0,0.0,0.10550186548871714,22.98,1,0
2025-11-24 00:00:00,22.7022225211328,100.0,440.0,0.0,0.0,22.7022225211328,1,0
2025-11-24 01:00:00,21.501923788646685,95.5301270189222,400.0,0.0,0.11463979774292167,20.607949192431125,1,1
2025-11-24 02:00:00,21.97867965644036,94.73553390593274,400.0,0.0,0.13900808662844855,20.925786437626908,1,1
2025-11-24 03:00:00,22.6,93.7,400.0,0.0,0.1727573746028406,21.340000000000003,1,1
2025-11-24 04:00:00,23.32354286469244,92.4940952255126,400.0,0.0,0.21503576532792273,21.82236190979496,1,1
2025-11-24 05:00:00,24.1,91.2,400.0,0.0,0.26416495990219796,22.340000000000003,1,1
2025-11-24 06:00:00,24.876457135307565,89.9059047744874,400.0,0.0,0.3174129740003727,22.857638090205043,1,1
2025-11-24 07:00:00,25.8360429691335,88.58197851543325,399.4098925771663,11.802148456674946,0.38010566665718004,23.552438672220152,1,1
2025-11-24 08:00:00,26.677320343559643,87.43646609406727,398.86,22.8,0.439522617351476,24.1646135623731,1,1
2025-11-24 09:00:00,27.34295759579545,86.54743228885674,398.3877965388947,32.24406922210657,0.4893651135526168,24.6524440535668,1,1
2025-11-24 10:00:00,27.78759264711861,85.97546328442895,398.0254620793715,39.4907584125704,0.5235966297388649,24.98268530400441,1,1
2025-11-24 11:00:00,27.98092435357563,85.75953782321218,397.79768911606095,44.04621767878152,0.5376819783095309,25.132831918218063,1,1
2025-11-24 12:00:00,27.90977747886721,85.91437086855466,397.72,45.6,0.5296363719315843,25.092651652578137,1,1
2025-11-24 13:00:00,27.815548911213426,91.4698729810778,440.0,44.04621767878152,0.318986137397245,26.49205080756888,1,0
2025-11-24 14:00:00,27.721320343559643,92.26446609406726,440.0,39.49075841257041,0.2876866232079669,26.17421356237309,1,0
2025-11-24 15:00:00,27.1,93.3,440.0,32.24406922210657,0.24028280794552095,25.76,1,0
2025-11-24 16:00:00,26.376457135307565,94.5059047744874,440.0,22.8,0.18883062111021096,25.27763809020504,1,0
2025-11-24 17:00:00,25.6,95.8,440.0,11.802148456674958,0.13787638913063113,24.76,1,0
2025-11-24 18:00:00,24.82354286469244,97.0940952255126,440.0,5.5843894041119305e-15,0.09108948671648605,24.24236190979496,1,0
2025-11-24 19:00:00,24.1,98.3,440.0,0.0,0.05103186725383376,23.76,1,0
2025-11-24 20:00:00,23.47867965644036,99.33553390593272,440.0,0.0,0.019215118538869848,23.345786437626906,1,0
2025-11-24 21:00:00,23.001923788646685,100.0,440.0,0.0,0.0,23.001923788646685,1,0
2025-11-24 22:00:00,22.7022225211328,100.0,440.0,0.0,0.0,22.7022225211328,1,0
2025-11-24 23:00:00,22.6,100.0,440.0,0.0,0.0,22.6,1,0
2025-11-25 00:00:00,25.302222521132794,84.12962913144534,440.0,0.0,0.5118597013842286,22.128148347421863,0,0
2025-11-25 01:00:00,24.101923788646683,79.0301270189222,400.0,0.0,0.6295619140874366,19.90794919243113,0,1
2025-11-25 02:00:00,24.57867965644036,78.23553390593274,400.0,0.0,0.6723355769074643,20.225786437626905,0,1
2025-11-25 03:00:00,25.2,77.2,400.0,0.0,0.730902391384777,20.64,0,1
2025-11-25 04:00:00,25.92354286469244,75.99409522551261,400.0,0.0,0.8033041013245308,21.12236190979496,0,1
2025-11-25 05:00:00,26.7,74.7,400.0,0.0,0.8862763266630904,21.64,0,1
2025-11-25 06:00:00,27.47645713530756,73.4059047744874,400.0,0.0,0.9749984701619271,22.15763809020504,0,1
2025-11-25 07:00:00,29.14572479080461,71.7271376045977,397.63568802298846,47.28623954023054,1.1420920603169633,23.49115231172415,0,1
2025-11-25 08:00:00,30.64832034355964,70.25096609406727,395.4325,91.34999999999998,1.309975712447394,24.69851356237309,0,1
2025-11-25 09:00:00,31.88184438980896,69.07798889184998,393.5405795538609,129.18840892278223,1.460483806703276,25.69744216817896,0,1
2025-11-25 10:00:00,32.762234304295546,68.28814245584049,392.0888579364292,158.2228412714169,1.5740020330632434,26.419862795463644,0,1
2025-11-25 11:00:00,33.22949296926026,67.93525351536988,391.1762675768493,176.47464846301278,1.6337828277693591,26.81654367233424,0,1
2025-11-25 12:00:00,33.251777478867204,68.04337086855466,390.865,182.7,1.6303069149532476,26.86045165257813,0,1
2025-11-25 13:00:00,30.798076211353315,74.9698729810778,440.0,176.47464846301278,1.1116389843502872,25.79205080756888,0,0
2025-11-25 14:00:00,30.32132034355964,75.76446609406726,440.0,158.22284127141694,1.0474343507816783,25.47421356237309,0,0
2025-11-25 15:00:00,29.7,76.8,440.0,129.18840892278223,0.9675785496227076,25.06,0,0
2025-11-25 16:00:00,28.97645713530756,78.00590477448739,440.0,91.34999999999998,0.8798146139404136,24.57763809020504,0,0
2025-11-25 17:00:00,28.2,79.3,440.0,47.28623954023059,0.7916036077371887,24.06,0,0
2025-11-25 18:00:00,27.42354286469244,80.5940952255126,440.0,23.643119770115295,0.7092657595579019,23.542361909794955,0,0
2025-11-25 19:00:00,26.7,81.8,440.0,0.0,0.6375584642398517,23.06,0,0
2025-11-25 20:00:00,26.07867965644036,82.83553390593273,440.0,0.0,0.5796621745494797,22.645786437626903,0,0
2025-11-25 21:00:00,25.601923788646683,83.6301270189222,440.0,0.0,0.537446772629017,22.327949192431124,0,0
2025-11-25 22:00:00,25.302222521132794,84.12962913144534,440.0,0.0,0.5118597013842286,22.128148347421863,0,0
2025-11-25 23:00:00,25.2,84.3,440.0,0.0,0.5032968221377632,22.06,0,0
2025-11-26 00:00:00,25.0022225211328,80.72962913144535,440.0,0.0,0.61052333266619,21.148148347421863,0,0
2025-11-26 01:00:00,23.801923788646683,75.63012701892221,400.0,0.0,0.718576235893234,18.927949192431125,0,1
2025-11-26 02:00:00,24.27867965644036,74.83553390593275,400.0,0.0,0.7635389695864286,19.293974596215563,0,1
2025-11-26 03:00:00,24.9,73.80000000000001,400.0,0.0,0.8250269119609943,19.66,0,1
2025-11-26 04:00:00,25.623542864692435,72.59409522551262,400.0,0.0,0.9009297990686005,20.14236190979496,0,1
2025-11-26 05:00:00,26.4,71.30000000000001,400.0,0.0,0.9877812267096456,20.66,0,1
2025-11-26 06:00:00,27.17645713530756,70.0059047744874,400.0,0.0,1.080512179637483,21.177638090205043,0,1
2025-11-26 07:00:00,28.60347016458865,68.44826491770569,398.2413245885284,35.17350822943257,1.235186265031373,22.293123148129787,0,1
2025-11-26 08:00:00,29.88032034355964,67.08496609406727,396.6025,67.94999999999999,1.3870477850460226,23.29731356237309,0,1
2025-11-26 09:00:00,30.91999244261835,66.00891486544529,395.19520942183743,96.0958115632518,1.5201388937969804,24.12177541570741,0,1
2025-11-26 10:00:00,31.65163452635331,65.29344234481161,394.1153573812848,117.6928523743052,1.6180094394190818,24.71032299531563,0,1
2025-11-26 11:00:00,32.02538639585369,64.98730680207316,393.4365340103658,131.2693197926844,1.6671646280077477,25.02284775626832,0,1
2025-11-26 12:00:00,32.01577747886721,65.11137086855467,393.205,135.9,1.6603555292565746,25.03805165257814,0,1
2025-11-26 13:00:00,30.498076211353315,71.56987298107781,440.0,131.2693197926844,1.241202299809408,24.81205080756888,0,0
2025-11-26 14:00:00,30.02132034355964,72.36446609406727,440.0,117.69285237430525,1.1740283952617399,24.49421356237309,0,0
2025-11-26 15:00:00,29.4,73.4,440.0,96.0958115632518,1.0903893690015933,24.08,0,0
2025-11-26 16:00:00,28.67645713530756,74.6059047744874,440.0,67.94999999999999,0.998340549687701,23.59763809020504,0,0
2025-11-26 17:00:00,27.9,75.9,440.0,35.173508229432606,0.905672483720637,23.08,0,0
2025-11-26 18:00:00,27.123542864692435,77.19409522551261,440.0,1.664295000041253e-14,0.8190200635314258,22.56236190979496,0,0
2025-11-26 19:00:00,26.4,78.4,440.0,0.0,0.7434172298581306,22.08,0,0
2025-11-26 20:00:00,25.77867965644036,79.43553390593274,440.0,0.0,0.6822697161015844,21.665786437626902,0,0
2025-11-26 21:00:00,25.301923788646683,80.2301270189222,440.0,0.0,0.637617212245573,21.347949192431123,0,0
2025-11-26 22:00:00,25.0022225211328,80.72962913144535,440.0,0.0,0.61052333266619,21.148148347421863,0,0
2025-11-26 23:00:00,24.9,80.9,440.0,0.0,0.6014509167349233,21.08,0,0
2025-11-27 00:00:00,24.0022225211328,77.02962913144535,440.0,0.0,0.6855083511328022,19.408148347421864,0,0
2025-11-27 01:00:00,22.801923788646683,71.9301270189222,400.0,0.0,0.779206962751664,17.187949192431123,0,1
2025-11-27 02:00:00,23.27867965644036,71.13553390593275,400.0,0.0,0.8246989373451308,17.505786437626906,0,1
2025-11-27 03:00:00,23.9,70.10000000000001,400.0,0.0,0.8868502063566206,17.92,0,1
2025-11-27 04:00:00,24.623542864692435,68.89409522551261,400.0,0.0,0.9634851210123432,18.40236190979496,0,1
2025-11-27 05:00:00,25.4,67.60000000000001,400.0,0.0,1.0510696851634111,18.92,0,1
2025-11-27 06:00:00,26.17645713530756,66.3059047744874,400.0,0.0,1.1444748392643116,19.43763809020504,0,1
2025-11-27 07:00:00,27.66351618305244,64.71824190847379,398.0912095423689,38.17580915262181,1.307719183908745,20.60716456474719,0,1
2025-11-27 08:00:00,28.99632034355964,63.32696609406727,396.3125,71.23702968881878,1.4686911572021573,21.66171356237309,0,1
2025-11-27 09:00:00,30.08404121585363,62.226890478827656,394.7850874887492,104.29825022501576,1.610479683967277,22.52941931161916,0,1
2025-11-27 10:00:00,30.85255242003129,61.49298339797261,393.61306264708975,127.7387470582047,1.7154942125713457,23.15114909962582,0,1
2025-11-27 11:00:00,31.24948118755275,61.17525940622362,392.8762970311181,142.4740593776376,1.7691644829999098,23.484533068797475,0,1
2025-11-27 12:00:00,31.247777478867203,61.295370868554656,392.625,147.5,1.7635205056175063,23.50685165257813,0,1
2025-11-27 13:00:00,29.498076211353315,67.8698729810778,440.0,142.4740593776376,1.3245416251640194,23.072050807568875,0,0
2025-11-27 14:00:00,29.02132034355964,68.66446609406727,440.0,127.73874705820472,1.2567478098823444,22.754213562373096,0,0
2025-11-27 15:00:00,28.4,69.7,440.0,104.29825022501576,1.1722657061082165,22.34,0,0
2025-11-27 16:00:00,27.67645713530756,70.9059047744874,440.0,73.74999999999999,1.0791882005332005,21.857638090205043,0,0
2025-11-27 17:00:00,26.9,72.2,440.0,38.17580915262185,0.9853645144849117,21.34,0,0
2025-11-27 18:00:00,26.123542864692435,73.49409522551261,440.0,1.8063540287423463e-14,0.897507682150951,20.82236190979496,0,0
2025-11-27 19:00:00,25.4,74.7,440.0,0.0,0.8207426862541453,20.34,0,0
2025-11-27 20:00:00,24.77867965644036,75.73553390593274,440.0,0.0,0.7585693527491205,19.925786437626904,0,0
2025-11-27 21:00:00,24.301923788646683,76.5301270189222,440.0,0.0,0.7131137216849941,19.60794919243112,0,0
2025-11-27 22:00:00,24.0022225211328,77.02962913144535,440.0,0.0,0.6855083511328022,19.408148347421864,0,0
2025-11-27 23:00:00,23.9,77.2,440.0,0.0,0.6762603580244466,19.34,0,0
2025-11-28 00:00:00,22.9022225211328,78.92962913144534,440.0,0.0,0.5884671110965565,18.688148347421865,0,0
2025-11-28 01:00:00,21.701923788646685,73.8301270189222,400.0,0.0,0.6794418994824362,16.467949192431124,0,1
2025-11-28 02:00:00,22.17867965644036,73.03553390593274,400.0,0.0,0.7207232551556234,16.785786437626907,0,1
2025-11-28 03:00:00,22.8,72.0,400.0,0.0,0.7771767453805549,17.234074173710933,0,1
2025-11-28 04:00:00,23.52354286469244,70.7940952255126,400.0,0.0,0.8468662936515073,17.68236190979496,0,1
2025-11-28 05:00:00,24.300000000000004,69.5,400.0,0.0,0.9266118731425717,18.200000000000003,0,1
2025-11-28 06:00:00,25.076457135307564,68.2059047744874,400.0,0.0,1.0117622123019636,18.717638090205043,0,1
2025-11-28 07:00:00,26.09557134950708,66.85221432524646,399.2610716262323,14.778567475353936,1.1205533915005803,19.46601421455637,0,1
2025-11-28 08:00:00,26.992320343559644,65.67896609406726,398.5725,28.55,1.223110404949746,20.12811356237309,0,1
2025-11-28 09:00:00,27.70559215546836,64.76611500902028,397.9812101397124,40.375797205751866,1.3091557736544128,20.65881515727241,0,1
2025-11-28 10:00:00,28.186778489989035,64.17587036299373,397.5274974721954,49.45005055609145,1.3689236285831343,21.02195256258778,0,1
2025-11-28 11:00:00,28.40308729362212,63.94845635318894,397.2422817659447,55.15436468110581,1.3950350833765088,21.192778564259903,0,1
2025-11-28 12:00:00,28.339777478867205,64.09937086855466,397.145,57.1,1.3840981003571213,21.159651652578138,0,1
2025-11-28 13:00:00,28.39807621135332,69.7698729810778,440.0,55.15436468110581,1.1694318086450597,22.35205080756888,0,0
2025-11-28 14:00:00,27.921320343559643,70.56446609406726,440.0,49.450050556091455,1.1075556122330503,22.034213562373093,0,0
2025-11-28 15:00:00,27.3,71.6,440.0,40.375797205751866,1.0305149722622575,21.62,0,0
2025-11-28 16:00:00,26.576457135307564,72.80590477448739,440.0,27.57718234055291,0.9457293666674247,21.13763809020504,0,0
2025-11-28 17:00:00,25.8,74.1,440.0,14.77856747535395,0.8603727548422192,20.62,0,0
2025-11-28 18:00:00,25.02354286469244,75.3940952255126,440.0,6.992733223131387e-15,0.7805541043257005,20.10236190979496,0,0
2025-11-28 19:00:00,24.3,76.6,440.0,0.0,0.7109087813618418,19.62,0,0
2025-11-28 20:00:00,23.67867965644036,77.63553390593273,440.0,0.0,0.6545745048124205,19.205786437626905,0,0
2025-11-28 21:00:00,23.201923788646685,78.43012701892219,440.0,0.0,0.6134327983035497,18.88794919243112,0,0
2025-11-28 22:00:00,22.9022225211328,78.92962913144534,440.0,0.0,0.5884671110965565,18.688148347421865,0,0
2025-11-28 23:00:00,22.8,79.1,440.0,0.0,0.5801069278019143,18.62,0,0
2025-11-29 00:00:00,19.602222521132795,99.62962913144534,440.0,0.0,0.008449346889503126,19.528148347421865,0,0
2025-11-29 01:00:00,18.401923788646684,94.5301270189222,400.0,0.0,0.11578244402910706,17.307949192431124,0,1
2025-11-29 02:00:00,18.87867965644036,93.73553390593274,400.0,0.0,0.13661652142439465,17.625786437626907,1,1
2025-11-29 03:00:00,19.5,92.7,400.0,0.0,0.16548224737157285,18.04,1,1
2025-11-29 04:00:00,20.22354286469244,91.4940952255126,400.0,0.0,0.2016609412544485,18.52236190979496,1,1
2025-11-29 05:00:00,21.0,90.2,400.0,0.0,0.24372652893266233,19.04,1,1
2025-11-29 06:00:00,21.776457135307563,88.9059047744874,400.0,0.0,0.2893473721239183,19.55763809020504,1,1
2025-11-29 07:00:00,22.60197470377039,87.6490126481148,399.7450632405741,5.098735188519658,0.3387269516703507,20.13177723339336,1,1
2025-11-29 08:00:00,23.31832034355964,86.56596609406726,399.5075,9.849999999999998,0.3847487711996073,20.63151356237309,1,1
2025-11-29 09:00:00,23.876676283140817,85.73057294518405,399.3034998205313,13.930003589374987,0.42264634070357265,21.022790872177627,1,1
2025-11-29 10:00:00,24.23899148795828,85.19976386400913,399.1469649772723,17.06070045455344,0.4480016524162811,21.2789442607601,1,1
2025-11-29 11:00:00,24.380574775557893,85.00971261222105,399.04856306110526,18.380350227276722,0.45761777493426764,21.382517298002103,1,1
2025-11-29 12:00:00,24.291777478867203,85.17337086855466,399.015,19.7,0.450221874359826,21.326451652578136,1,1
2025-11-29 13:00:00,25.09807621135332,90.4698729810778,440.0,19.028738777894645,0.3036613812272321,23.19205080756888,1,0
2025-11-29 14:00:00,24.62132034355964,91.26446609406726,440.0,17.06070045455344,0.27054154622704285,22.874213562373093,1,0
2025-11-29 15:00:00,24.0,92.3,440.0,13.930003589374987,0.2297616457417483,22.46,1,0
2025-11-29 16:00:00,23.276457135307563,93.5059047744874,440.0,9.849999999999998,0.18552066912338175,21.97763809020504,1,0
2025-11-29 17:00:00,22.5,94.8,440.0,5.098735188519664,0.14173055554348402,21.46,1,0
2025-11-29 18:00:00,21.72354286469244,96.0940952255126,440.0,2.4125541943202857e-15,0.10154204576307171,20.94236190979496,1,0
2025-11-29 19:00:00,21.0,97.3,440.0,0.0,0.06714914572634582,20.46,1,0
2025-11-29 20:00:00,20.37867965644036,98.33553390593272,440.0,0.0,0.03984163830883601,20.045786437626905,1,0
2025-11-29 21:00:00,19.901923788646684,99.1301270189222,440.0,0.0,0.020216915723604383,19.72794919243112,1,0
2025-11-29 22:00:00,19.602222521132795,99.62962913144534,440.0,0.0,0.008449346889503126,19.528148347421865,1,0
2025-11-29 23:00:00,19.5,99.8,440.0,0.0,0.004533760201960907,19.46,1,0
2025-11-30 00:00:00,23.102222521132795,91.22962913144536,440.0,0.0,0.2479256575232746,21.348148347421866,1,0
2025-11-30 01:00:00,21.901923788646684,86.13012701892221,400.0,0.0,0.36452345726617025,19.127949192431124,1,0
2025-11-30 02:00:00,22.37867965644036,85.33553390593275,400.0,0.0,0.39675809181675636,19.445786437626907,1,1
2025-11-30 03:00:00,23.0,84.30000000000001,400.0,0.0,0.4410817067163396,19.860000000000003,0,1
2025-11-30 04:00:00,23.72354286469244,83.09409522551262,400.0,0.0,0.4961478467912799,20.34236190979496,0,1
2025-11-30 05:00:00,24.5,81.80000000000001,400.0,0.0,0.5595861272604492,20.860000000000003,0,1
2025-11-30 06:00:00,25.276457135307563,80.5059047744874,400.0,0.0,0.6277719294629626,21.377638090205043,0,1
2025-11-30 07:00:00,26.882572943799595,78.85871352810021,397.793567640501,44.12864718997979,0.7485815969199867,22.65431564941964,0,1
2025-11-30 08:00:00,28.32632034355964,77.41196609406727,395.7375,85.24999999999999,0.8701693947679915,23.808713562373093,0,1
2025-11-30 09:00:00,29.509310335199444,76.26425591915475,393.9719146903847,120.56170619230636,0.9791222172300993,24.7621615190304,0,1
2025-11-30 10:00:00,30.35092410577214,75.4937975551022,392.61713343273766,147.65733134524675,1.0609277792242813,25.449683616792584,0,1
2025-11-30 11:00:00,30.793807067645723,75.15309646617715,391.7654823308857,164.69035338228613,1.1032330776910255,25.82442636088115,0,1
2025-11-30 12:00:00,30.807777478867205,75.26537086855467,391.475,170.5,1.0991230939485213,25.86085165257814,0,1
2025-11-30 13:00:00,28.59807621135332,82.06987298107781,440.0,164.69035338228613,0.7017085868830579,25.01205080756888,0,0
2025-11-30 14:00:00,28.12132034355964,82.86446609406727,440.0,147.6573313452468,0.6523007580354827,24.694213562373097,0,0
2025-11-30 15:00:00,27.5,83.9,440.0,120.56170619230636,0.5910745036959637,24.28,0,0
2025-11-30 16:00:00,26.776457135307563,85.1059047744874,440.0,85.24999999999999,0.5241006032235518,23.797638090205044,0,0
2025-11-30 17:00:00,26.0,86.4,440.0,44.12864718997983,0.4571558166899483,23.28,0,0
2025-11-30 18:00:00,25.22354286469244,87.69409522551261,440.0,2.088022792546237e-14,0.3950446016812047,22.76236190979496,1,0
2025-11-30 19:00:00,24.5,88.9,440.0,0.0,0.34128604464785645,22.28,1,0
2025-11-30 20:00:00,23.87867965644036,89.93553390593274,440.0,0.0,0.2981354299662335,21.865786437626905,1,0
2025-11-30 21:00:00,23.401923788646684,90.7301270189222,440.0,0.0,0.2668299724063203,21.54794919243113,1,0
2025-11-30 22:00:00,23.102222521132795,91.22962913144536,440.0,0.0,0.2479256575232746,21.348148347421866,1,0
2025-11-30 23:00:00,23.0,91.4,440.0,0.0,0.24161163552614784,21.28,1,0
2025-12-01 00:00:00,24.9022225211328,92.62962913144534,440.0,0.0,0.23212060993061567,23.428148347421864,1,0
2025-12-01 01:00:00,23.701923788646685,87.5301270189222,400.0,0.0,0.3654853140467285,21.207949192431126,1,1
2025-12-01 02:00:00,24.17867965644036,86.73553390593274,400.0,0.0,0.40006548998812913,21.525786437626905,1,1
2025-12-01 03:00:00,24.8,85.7,400.0,0.0,0.4476236363617634,21.94,1,1
2025-12-01 04:00:00,25.52354286469244,84.49409522551261,400.0,0.0,0.506720304227177,22.42236190979496,0,1
2025-12-01 05:00:00,26.3,83.2,400.0,0.0,0.5748144642001805,22.94,0,1
2025-12-01 06:00:00,27.076457135307564,81.9059047744874,400.0,0.0,0.6480153929081888,23.457638090205045,0,1
2025-12-01 07:00:00,28.68826696279185,80.25586651860408,397.7793325930204,44.41334813959256,0.7767498041810212,24.739440266512663,0,1
2025-12-01 08:00:00,30.137320343559644,78.80646609406726,395.71,85.79999999999998,0.9063626171199282,25.898613562373097,0,1
2025-12-01 09:00:00,31.324866684385547,77.65647774456168,393.9330238174194,121.33952365161156,1.022518548881678,26.856162233297884,0,1
2025-12-01 10:00:00,32.1699766646554,76.88427127566057,389.91946429994914,148.60995928940966,1.109702213892395,27.54683091978752,0,1
2025-12-01 11:00:00,32.615057435824085,76.54247128208796,388.74696412373237,165.75287179120411,1.1547083856029223,27.92355169224168,0,1
2025-12-01 12:00:00,32.629777478867204,76.65437086855466,391.42,171.6,1.1501519852088757,27.960651652578136,0,1
2025-12-01 13:00:00,30.39807621135332,83.4698729810778,440.0,165.75287179120411,0.7175584399118373,27.09205080756888,0,0
2025-12-01 14:00:00,29.921320343559643,84.26446609406726,440.0,148.6099592894097,0.6646617309555919,26.77421356237309,0,0
2025-12-01 15:00:00,29.3,85.3,440.0,121.33952365161156,0.5991204332468647,26.36,0,0
2025-12-01 16:00:00,28.576457135307564,86.50590477448739,440.0,85.79999999999998,0.5274398301993891,25.877638090205043,0,0
2025-12-01 17:00:00,27.8,87.8,440.0,44.41334813959261,0.4558084627723791,25.36,1,0
2025-12-01 18:00:00,27.02354286469244,89.0940952255126,440.0,2.101493907336858e-14,0.3893699813403022,24.84236190979496,1,0
2025-12-01 19:00:00,26.3,90.3,440.0,1.050746953668429e-14,0.33188692278224713,24.36,1,0
2025-12-01 20:00:00,25.67867965644036,91.33553390593272,440.0,0.0,0.28576424376228104,23.945786437626907,1,0
2025-12-01 21:00:00,25.201923788646685,92.1301270189222,440.0,0.0,0.25231434872855907,23.627949192431124,1,0
2025-12-01 22:00:00,24.9022225211328,92.62962913144534,440.0,0.0,0.23212060993061567,23.428148347421864,1,0
2025-12-01 23:00:00,24.8,92.8,440.0,0.0,0.22537693579053839,23.36,1,0
2025-12-02 00:00:00,25.302222521132794,91.72962913144536,440.0,0.0,0.2667404308429201,23.648148347421863,1,0
2025-12-02 01:00:00,24.101923788646683,86.63012701892221,400.0,0.0,0.4013931239673448,21.427949192431125,1,1
2025-12-02 02:00:00,24.57867965644036,85.83553390593275,400.0,0.0,0.437560675358669,21.745786437626908,1,1
2025-12-02 03:00:00,25.2,84.80000000000001,400.0,0.0,0.48726826092318437,22.16,0,1
2025-12-02 04:00:00,25.92354286469244,83.59409522551262,400.0,0.0,0.5489870394425419,22.66,0,1
2025-12-02 05:00:00,26.7,82.30000000000001,400.0,0.0,0.6200431218156797,23.16,0,1
2025-12-02 06:00:00,27.47645713530756,81.0059047744874,400.0,0.0,0.6963656266530416,23.677638090205043,0,1
2025-12-02 07:00:00,29.25960517064972,79.27019741467515,397.3509870733757,52.98025853248599,0.8429081970374727,25.11364465358475,0,1
2025-12-02 08:00:00,30.86832034355964,77.74096609406728,394.8825,102.34999999999998,0.9925352985004714,26.416513562373098,0,1
2025-12-02 09:00:00,32.192971373531044,76.52242539998895,392.7627620945557,144.7447581088863,1.128536625218787,27.49745645352884,0,1
2025-12-02 10:00:00,32.923735853179245,75.69761686700792,389.91946429994914,177.27540015467457,1.2172261353596623,28.28280885536228,0,1
2025-12-02 11:00:00,33.654500332827446,75.32274983358629,390.11374916793136,197.72501664137224,1.2876054572898048,28.719050299544705,0,1
2025-12-02 12:00:00,33.6917774788672,75.42337086855467,389.765,204.7,1.2850260641676208,28.77645165257813,0,1
2025-12-02 13:00:00,30.798076211353315,82.56987298107781,440.0,197.72501664137224,0.7741074858215201,27.31205080756888,0,0
2025-12-02 14:00:00,30.32132034355964,83.36446609406727,440.0,177.2754001546746,0.7189703236701455,26.99421356237309,0,0
2025-12-02 15:00:00,29.7,84.4,440.0,144.7447581088863,0.6506131626773376,26.58,0,0
2025-12-02 16:00:00,28.97645713530756,85.6059047744874,440.0,102.34999999999998,0.5757970584380228,26.09763809020504,0,0
2025-12-02 17:00:00,28.2,86.9,440.0,52.98025853248605,0.5009665343650802,25.58,0,0
2025-12-02 18:00:00,27.42354286469244,88.19409522551261,440.0,2.506851997854632e-14,0.43149361570368955,25.06236190979496,1,0
2025-12-02 19:00:00,26.7,89.4,440.0,0.0,0.371325259392441,24.58,1,0
2025-12-02 20:00:00,26.07867965644036,90.43553390593274,440.0,0.0,0.32300213616362244,24.165786437626902,1,0
2025-12-02 21:00:00,25.601923788646683,91.2301270189222,440.0,0.0,0.28792770325676337,23.847949192431123,1,0
2025-12-02 22:00:00,25.302222521132794,91.72962913144536,440.0,0.0,0.2667404308429201,23.648148347421863,1,0
2025-12-02 23:00:00,25.2,91.9,440.0,0.0,0.2596626916761707,23.58,1,0
2025-12-03 00:00:00,24.0022225211328,97.22962913144536,440.0,0.0,0.08267660879298358,23.448148347421863,1,0
2025-12-03 01:00:00,22.801923788646683,92.1301270189222,400.0,0.0,0.21846411014972691,21.22794919243113,1,1
2025-12-03 02:00:00,23.27867965644036,91.33553390593276,400.0,0.0,0.24755614592534772,21.545786437626905,1,1
2025-12-03 03:00:00,23.9,90.3,400.0,0.0,0.2877072575805759,21.96,1,1
2025-12-03 04:00:00,24.623542864692435,89.09409522551262,400.0,0.0,0.337803290326225,22.44236190979496,1,1
2025-12-03 05:00:00,25.4,87.80000000000001,400.0,0.0,0.39577315305535826,22.96,1,1
2025-12-03 06:00:00,26.17645713530756,86.5059047744874,400.0,0.0,0.45834892911865954,23.477638090205044,1,1
2025-12-03 07:00:00,27.36639191927474,85.06680404036264,398.83402020181313,23.31959596373712,0.543971396291181,24.379752727347267,1,1
2025-12-03 08:00:00,28.42232034355964,84.1078966868234,397.7475,45.04999999999999,0.6156409275566509,25.185113562373093,0,1
2025-12-03 09:00:00,29.272282631051475,83.14898933328413,396.8144839507546,63.71032098490793,0.6856912439517189,25.838836585297223,0,1
2025-12-03 10:00:00,29.85835525648676,82.19008197974489,396.0985555559511,78.02888888097792,0.7495685350022341,26.29637165243573,0,1
2025-12-03 11:00:00,30.1405983389729,81.92970083051357,395.6485041525677,87.02991694864505,0.7729395306122352,26.526538505075614,0,1
2025-12-03 12:00:00,30.099777478867203,82.06937086855467,395.495,90.1,0.7651732236839011,26.513651652578137,0,1
2025-12-03 13:00:00,29.498076211353315,88.06987298107781,440.0,87.02991694864505,0.4918109978448025,27.11205080756888,0,0
2025-12-03 14:00:00,29.02132034355964,88.86446609406727,440.0,78.02888888097792,0.44660345951539626,26.79421356237309,0,0
2025-12-03 15:00:00,28.4,89.9,440.0,63.71032098490793,0.3907552353694055,26.38,1,0
2025-12-03 16:00:00,27.67645713530756,91.1059047744874,440.0,45.04999999999999,0.3299089573809821,25.89763809020504,1,0
2025-12-03 17:00:00,26.9,92.4,440.0,23.319595963737143,0.26938022698148645,25.38,1,0
2025-12-03 18:00:00,26.123542864692435,93.6940952255126,440.0,1.1034067660317652e-14,0.2135221576538037,24.86236190979496,1,0
2025-12-03 19:00:00,25.4,94.9,440.0,0.0,0.16544615414609232,24.38,1,0
2025-12-03 20:00:00,24.77867965644036,95.93553390593274,440.0,0.0,0.1270656194244962,23.965786437626907,1,0
2025-12-03 21:00:00,24.301923788646683,96.7301270189222,440.0,0.0,0.0993525313432058,23.647949192431124,1,0
2025-12-03 22:00:00,24.0022225211328,97.22962913144536,440.0,0.0,0.08267660879298358,23.448148347421863,1,0
2025-12-03 23:00:00,23.9,97.4,440.0,0.0,0.07711740924840155,23.38,1,0
2025-12-04 00:00:00,24.9022225211328,92.12962913144534,440.0,0.0,0.24786748441429654,23.328148347421862,1,0
2025-12-04 01:00:00,23.701923788646685,87.0301270189222,400.0,0.0,0.38014004688167113,21.107949192431125,1,1
2025-12-04 02:00:00,24.17867965644036,86.23553390593274,400.0,0.0,0.41514583650004283,21.425786437626908,1,1
2025-12-04 03:00:00,24.8,85.2,400.0,0.0,0.4632748124583285,21.84,1,1
2025-12-04 04:00:00,25.52354286469244,83.99409522551261,400.0,0.0,0.5230598958729643,22.32236190979496,0,1
2025-12-04 05:00:00,26.3,82.7,400.0,0.0,0.5919220375394716,22.84,0,1
2025-12-04 06:00:00,27.076457135307564,81.4059047744874,400.0,0.0,0.6659222123659114,23.357638090205043,0,1
2025-12-04 07:00:00,28.465682584003684,79.86715870799816,398.3357935399908,33.28412920018417,0.7818870507698003,24.43911432560332,0,1
2025-12-04 08:00:00,29.707320343559644,78.52146609406726,396.785,64.29999999999998,0.8961601677057075,25.4116135623731,0,1
2025-12-04 09:00:00,30.71675485256512,77.46053366047191,395.4533033969705,90.93393206059,0.9963915780841114,26.2088615846595,0,1
2025-12-04 10:00:00,31.425194817400783,76.75666219928787,394.431456653666,111.3708669266788,1.069773231417019,26.77652725725836,0,1
2025-12-04 11:00:00,31.784361225215484,76.45781938739226,388.74696412373237,124.21806126077418,1.1058095772969279,27.075925102693937,0,1
2025-12-04 12:00:00,31.769777478867205,76.58437086855466,393.57,128.6,1.0989577343526682,27.086651652578137,0,1
2025-12-04 13:00:00,30.39807621135332,82.9698729810778,440.0,124.21806126077418,0.7392630051305571,26.99205080756888,0,0
2025-12-04 14:00:00,29.921320343559643,83.76446609406726,440.0,111.3708669266788,0.6857815014994116,26.67421356237309,0,0
2025-12-04 15:00:00,29.3,84.8,440.0,90.93393206059,0.6194986792756696,26.26,0,0
2025-12-04 16:00:00,28.576457135307564,86.00590477448739,440.0,64.29999999999998,0.5469831868077735,25.77763809020504,0,0
2025-12-04 17:00:00,27.8,87.3,440.0,33.2841292001842,0.4744891374761651,25.26,0,0
2025-12-04 18:00:00,27.02354286469244,88.5940952255126,440.0,1.5748957837034963e-14,0.40722131918854615,24.74236190979496,1,0
2025-12-04 19:00:00,26.3,89.8,440.0,0.0,0.3489944961215382,24.26,1,0
2025-12-04 20:00:00,25.67867965644036,90.83553390593272,440.0,0.0,0.3022548296021835,23.845786437626906,1,0
2025-12-04 21:00:00,25.201923788646685,91.6301270189222,440.0,0.0,0.268344743967162,23.527949192431123,1,0
2025-12-04 22:00:00,24.9022225211328,92.12962913144534,440.0,0.0,0.24786748441429654,23.328148347421862,1,0
2025-12-04 23:00:00,24.8,92.3,440.0,0.0,0.24102811188710355,23.26,1,0
2025-12-05 00:00:00,24.602222521132795,93.02962913144536,440.0,0.0,0.21562787098886482,23.208148347421865,1,0
2025-12-05 01:00:00,23.401923788646684,87.9301270189222,400.0,0.0,0.3474269691788507,20.987949192431124,1,1
2025-12-05 02:00:00,23.87867965644036,87.13553390593275,400.0,0.0,0.381078647828285,21.305786437626907,1,1
2025-12-05 03:00:00,24.5,86.01481456572267,400.0,0.0,0.42999537121903814,21.72,1,1
2025-12-05 04:00:00,25.22354286469244,84.89409522551261,400.0,0.0,0.48493030329987746,22.20236190979496,0,1
2025-12-05 05:00:00,26.0,83.60000000000001,400.0,0.0,0.5512761318908201,22.72,0,1
2025-12-05 06:00:00,26.776457135307563,82.3059047744874,400.0,0.0,0.6226283531007138,23.532135768393637,0,1
2025-12-05 07:00:00,28.19363504087476,80.75318247956262,398.2659123978131,34.68175204373778,0.7357590877807453,24.34427153678728,0,1
2025-12-05 08:00:00,29.46132034355964,79.39446609406727,396.65,66.99999999999999,0.8476525467909269,25.34021356237309,0,1
2025-12-05 09:00:00,30.493122384933265,78.32234989428784,395.2623845660501,94.75230867899738,0.9461348279196615,26.15759236379084,0,1
2025-12-05 10:00:00,31.2187255610095,77.60989682748351,394.1976297946443,116.04740410711476,1.0184897022481814,26.7407049265062,0,1
2025-12-05 11:00:00,31.588681214454702,77.30565939277265,393.5282969638632,129.43406072273515,1.0542357530726616,27.049813093009234,0,1
2025-12-05 12:00:00,31.577777478867205,77.43037086855466,393.3,134.0,1.047794634401838,27.063851652578137,0,1
2025-12-05 13:00:00,30.09807621135332,83.8698729810778,440.0,129.43406072273515,0.6882713245615952,26.87205080756888,0,0
2025-12-05 14:00:00,29.62132034355964,84.66446609406727,440.0,116.0474041071148,0.6366961724378183,26.554213562373096,0,0
2025-12-05 15:00:00,29.0,85.7,440.0,94.75230867899738,0.5728118968122867,26.14,0,0
2025-12-05 16:00:00,28.276457135307563,86.9059047744874,440.0,66.99999999999999,0.5029708661520299,25.657638090205044,0,0
2025-12-05 17:00:00,27.5,88.2,440.0,34.681752043737816,0.4332098846964208,25.14,1,0
2025-12-05 18:00:00,26.72354286469244,89.49409522551261,440.0,1.6410267108574532e-14,0.3685388223811956,24.62236190979496,1,0
2025-12-05 19:00:00,26.0,90.7,440.0,0.0,0.3126139040600383,24.14,1,0
2025-12-05 20:00:00,25.37867965644036,91.73553390593274,440.0,0.0,0.2677635162392989,23.725786437626905,1,0
2025-12-05 21:00:00,24.901923788646684,92.5301270189222,440.0,0.0,0.23525011525613543,23.40794919243113,1,0
2025-12-05 22:00:00,24.602222521132795,93.02962913144536,440.0,0.0,0.21562787098886482,23.208148347421865,1,0
2025-12-05 23:00:00,24.5,93.2,440.0,0.0,0.20907613545994796,23.14,1,0
2025-12-06 00:00:00,24.602222521132795,88.12962913144534,440.0,0.0,0.36720898306598015,22.228148347421865,1,0
2025-12-06 01:00:00,23.401923788646684,83.0301270189222,400.0,0.0,0.48847171353077956,20.007949192431123,0,1
2025-12-06 02:00:00,23.87867965644036,82.23553390593274,400.0,0.0,0.5262292790868757,20.325786437626903,0,1
2025-12-06 03:00:00,24.5,81.2,400.0,0.0,0.5780340215657388,20.74,0,1
2025-12-06 04:00:00,25.22354286469244,79.99409522551261,400.0,0.0,0.6422302811325549,21.22236190979496,0,1
2025-12-06 05:00:00,26.0,78.7,400.0,0.0,0.715986683492346,21.74,0,1
2025-12-06 06:00:00,26.776457135307563,77.4059047744874,400.0,0.0,0.7950519153857483,22.25763809020504,0,1
2025-12-06 07:00:00,28.10097782272805,75.89951108863598,398.4975554431799,30.048891136402656,0.9163515564797308,23.28088004045525,0,1
2025-12-06 08:00:00,29.17047798999827,74.58396609406726,397.0975,58.04999999999999,1.0281574406135754,24.199113562373096,0,1
2025-12-06 09:00:00,30.23997815726848,73.54892200812023,395.89524513521206,82.09509729575817,1.1378777320154259,24.949762558892523,0,1
2025-12-06 10:00:00,30.90868846645467,72.86491537476093,394.9727225310313,100.54554937937333,1.2127457314222703,25.48167154140685,0,1
2025-12-06 11:00:00,31.242879768643217,72.5785601156784,394.392800578392,112.14398843216082,1.2490705970672147,25.758591791778898,0,1
2025-12-06 12:00:00,31.219777478867204,72.70937086855466,394.195,116.1,1.2414809535053353,25.76165165257813,0,1
2025-12-06 13:00:00,30.09807621135332,78.9698729810778,440.0,112.14398843216082,0.8973539614432217,25.892050807568875,0,0
2025-12-06 14:00:00,29.62132034355964,79.76446609406726,440.0,100.54554937937333,0.8401329268463742,25.574213562373096,0,0
2025-12-06 15:00:00,29.0,80.8,440.0,82.09509729575817,0.7690900992164971,25.16,0,0
2025-12-06 16:00:00,28.276457135307563,82.00590477448739,440.0,58.04999999999999,0.6911898459058194,24.67763809020504,0,0
2025-12-06 17:00:00,27.5,83.3,440.0,30.048891136402688,0.6131021249517143,24.16,0,0
2025-12-06 18:00:00,26.72354286469244,84.5940952255126,440.0,1.421814933810077e-14,0.5404269432456806,23.64236190979496,0,0
2025-12-06 19:00:00,26.0,85.71481456572266,440.0,0.0,0.4801879127775305,23.16,0,0
2025-12-06 20:00:00,25.37867965644036,86.83553390593273,440.0,0.0,0.4265204419304127,22.745786437626904,0,0
2025-12-06 21:00:00,24.901923788646684,87.6301270189222,440.0,0.0,0.3895667371953672,22.42794919243112,1,0
2025-12-06 22:00:00,24.700961894323342,88.12962913144534,440.0,0.0,0.36938084811698313,22.228148347421865,1,0
2025-12-06 23:00:00,24.5,88.3,440.0,0.0,0.35973393895314604,22.16,1,0
2025-12-07 00:00:00,24.302222521132794,90.52962913144536,440.0,0.0,0.2877549544461214,22.408148347421864,1,0
2025-12-07 01:00:00,23.101923788646683,85.4301270189222,400.0,0.0,0.411861730430665,20.187949192431123,1,1
2025-12-07 02:00:00,23.57867965644036,84.63553390593275,400.0,0.0,0.44699624299400365,20.505786437626902,0,1
2025-12-07 03:00:00,24.2,83.60000000000001,400.0,0.0,0.4952678341939827,20.92,0,1
2025-12-07 04:00:00,24.92354286469244,82.39409522551261,400.0,0.0,0.5551810196588961,21.40236190979496,0,1
2025-12-07 05:00:00,25.7,81.10000000000001,400.0,0.0,0.6241321157255648,21.92,0,1
2025-12-07 06:00:00,26.47645713530756,79.8059047744874,400.0,0.0,0.6981674860099274,22.43763809020504,0,1
2025-12-07 07:00:00,27.96144563069161,78.31743543427734,398.096385923271,38.0722815345808,0.8177477833400545,23.605301067622456,0,1
2025-12-07 08:00:00,29.29232034355964,76.82896609406727,396.3225,73.54999999999998,0.9439519690029599,24.658113562373096,0,1
2025-12-07 09:00:00,30.378384361604137,75.7297189059524,394.79922962437297,104.01540751254116,1.0523659487435193,25.524328142794616,0,1
2025-12-07 10:00:00,31.14562421680102,74.99644749958776,393.6303831551655,127.3923368966909,1.1326540958362086,26.144913716718573,0,1
2025-12-07 11:00:00,31.54175378094244,74.67912310952879,392.8956155476439,142.08768904712196,1.1731229061677622,26.477578402848195,0,1
2025-12-07 12:00:00,31.539777478867205,74.79937086855466,392.645,147.1,1.1674209664817983,26.499651652578137,0,1
2025-12-07 13:00:00,29.798076211353315,81.3698729810778,440.0,142.08768904712196,0.7813790281833077,26.072050807568875,0,0
2025-12-07 14:00:00,29.32132034355964,82.16446609406727,440.0,127.39233689669094,0.7278078816103731,25.754213562373096,0,0
2025-12-07 15:00:00,28.7,83.2,440.0,104.01540751254116,0.6613745884955533,25.34,0,0
2025-12-07 16:00:00,27.97645713530756,84.4059047744874,440.0,73.54999999999998,0.5886384084098145,24.857638090205043,0,0
2025-12-07 17:00:00,27.2,85.7,440.0,38.07228153458084,0.5158565272611485,24.34,0,0
2025-12-07 18:00:00,26.42354286469244,86.99409522551261,440.0,1.8014554415457566e-14,0.4482517208613704,23.82236190979496,0,0
2025-12-07 19:00:00,25.7,88.2,440.0,0.0,0.38966978653765433,23.34,1,0
2025-12-07 20:00:00,25.07867965644036,89.23553390593274,440.0,0.0,0.34259572455006176,22.925786437626904,1,0
2025-12-07 21:00:00,24.601923788646683,90.0301270189222,440.0,0.0,0.30841172672912376,22.607949192431125,1,0
2025-12-07 22:00:00,24.302222521132794,90.52962913144536,440.0,0.0,0.2877549544461214,22.408148347421864,1,0
2025-12-07 23:00:00,24.2,90.7,440.0,0.0,0.2808531010978073,22.34,1,0
2025-12-08 00:00:00,24.2022225211328,80.52962913144535,440.0,0.0,0.5880690795903897,20.308148347421863,0,0
2025-12-08 01:00:00,23.001923788646685,75.4301270189222,400.0,0.0,0.6903555789600968,18.087949192431125,0,1
2025-12-08 02:00:00,23.47867965644036,74.63553390593275,400.0,0.0,0.73349299087531,18.405786437626908,0,1
2025-12-08 03:00:00,24.1,73.60000000000001,400.0,0.0,0.7924948797065939,18.820000000000004,0,1
2025-12-08 04:00:00,24.85,72.39409522551261,400.0,0.0,0.8667106462877657,19.30236190979496,0,1
2025-12-08 05:00:00,25.6,71.10000000000001,400.0,0.0,0.9487208680655321,19.820000000000004,0,1
2025-12-08 06:00:00,26.376457135307565,69.8059047744874,400.0,0.0,1.0377631841578512,20.337638090205047,0,1
2025-12-08 07:00:00,28.33611975940964,67.98194012029519,396.9097006014759,61.80598797048196,1.2341489204129572,21.93250778346868,0,1
2025-12-08 08:00:00,30.109320343559645,66.37046609406727,394.03,119.4,1.4358947668012862,23.3834135623731,0,1
2025-12-08 09:00:00,31.57521819830027,65.08130198760433,391.5571450326326,168.85709934734757,1.6208647701459622,24.591478595821137,0,1
2025-12-08 10:00:00,32.63391480734168,64.20230220431742,389.6596566788138,206.806866423724,1.7640293648837686,25.474375248205167,0,1
2025-12-08 11:00:00,33.213261746356594,63.79336912682171,388.4668456341085,230.6630873178296,1.8431466045656204,25.97193557172093,0,1
2025-12-08 12:00:00,33.27377747886721,63.88237086855466,388.06,238.8,1.8448562333394982,26.05025165257814,0,1
2025-12-08 13:00:00,29.69807621135332,71.3698729810778,440.0,230.6630873178296,1.1939152287581603,23.97205080756888,0,0
2025-12-08 14:00:00,29.221320343559643,72.16446609406727,440.0,206.806866423724,1.1293421638373,23.60602540378444,0,0
2025-12-08 15:00:00,28.6,73.2,440.0,168.85709934734757,1.0489544920461982,23.24,0,0
2025-12-08 16:00:00,27.876457135307565,74.4059047744874,440.0,115.3315436589148,0.9605015678754619,22.75763809020504,0,0
2025-12-08 17:00:00,27.1,75.7,440.0,61.80598797048202,0.8714734676233066,22.24,0,0
2025-12-08 18:00:00,26.32354286469244,76.99409522551261,440.0,2.9244565563638796e-14,0.7882440580364145,21.72236190979496,0,0
2025-12-08 19:00:00,25.6,78.2,440.0,0.0,0.7156441150113704,21.24,0,0
2025-12-08 20:00:00,24.97867965644036,79.23553390593274,440.0,0.0,0.6569372526897695,20.82578643762691,0,0
2025-12-08 21:00:00,24.501923788646685,80.0301270189222,440.0,0.0,0.6140741419588186,20.507949192431127,0,0
2025-12-08 22:00:00,24.2022225211328,80.52962913144535,440.0,0.0,0.5880690795903897,20.308148347421863,0,0
2025-12-08 23:00:00,24.1,80.7,440.0,0.0,0.5793617870582297,20.24,0,0
2025-12-09 00:00:00,23.9022225211328,83.52962913144535,440.0,0.0,0.48858534970058165,20.608148347421864,0,0
2025-12-09 01:00:00,22.701923788646685,78.4301270189222,400.0,0.0,0.5951523551151191,18.38794919243113,0,1
2025-12-09 02:00:00,23.17867965644036,77.63553390593275,400.0,0.0,0.635138232243034,18.70578643762691,0,1
2025-12-09 03:00:00,23.8,76.60000000000001,400.0,0.0,0.6898985273751675,19.120000000000005,0,1
2025-12-09 04:00:00,24.52354286469244,75.39409522551261,400.0,0.0,0.7576108603281234,19.60236190979496,0,1
2025-12-09 05:00:00,25.3,74.10000000000001,400.0,0.0,0.8352303459941772,20.120000000000005,0,1
2025-12-09 06:00:00,26.076457135307564,72.8059047744874,400.0,0.0,0.9182527801758242,20.637638090205044,0,1
2025-12-09 07:00:00,27.53090498336952,71.23454750831525,398.1727375415762,36.54524916847593,1.0579665134614504,21.77781448503257,0,1
2025-12-09 08:00:00,28.83332034355964,69.85846609406727,396.47,70.59999999999998,1.1957915046411698,22.80501356237309,0,1
2025-12-09 09:00:00,29.894945761424125,68.7714382060424,395.007826124823,99.84347750354053,1.3170847702600448,23.649233402632607,0,1
2025-12-09 10:00:00,30.64343321915446,68.04754299841103,393.8858606492819,122.28278701436273,1.406609296114852,24.252941818836668,0,1
2025-12-09 11:00:00,31.02777453344033,67.73611273327984,393.1805636663992,136.38872667201645,1.4517784460828653,24.574997080096296,0,1
2025-12-09 12:00:00,31.021777478867207,67.85837086855466,392.94,141.2,1.4457835856008578,24.59345165257814,0,1
2025-12-09 13:00:00,29.39807621135332,74.3698729810778,440.0,136.38872667201645,1.0505158089010698,24.27205080756888,0,0
2025-12-09 14:00:00,28.921320343559643,75.16446609406727,440.0,122.28278701436274,0.9903170109007413,23.95421356237309,0,0
2025-12-09 15:00:00,28.3,76.28518543427734,440.0,99.84347750354053,0.9121811818040952,23.54,0,0
2025-12-09 16:00:00,27.576457135307564,77.4059047744874,440.0,70.59999999999998,0.8332041723978605,23.05763809020504,0,0
2025-12-09 17:00:00,26.8,78.7,440.0,36.54524916847596,0.7505522732685145,22.54,0,0
2025-12-09 18:00:00,26.02354286469244,79.99409522551261,440.0,1.7292012803960626e-14,0.6734229227070261,22.02236190979496,0,0
2025-12-09 19:00:00,25.3,81.2,440.0,0.0,0.6062675870536886,21.540000000000003,0,0
2025-12-09 20:00:00,24.67867965644036,82.23553390593274,440.0,0.0,0.5520576891201732,21.125786437626907,0,0
2025-12-09 21:00:00,24.201923788646685,83.0301270189222,440.0,0.0,0.5125366636799814,20.807949192431124,0,0
2025-12-09 22:00:00,23.9022225211328,83.52962913144535,440.0,0.0,0.48858534970058165,20.608148347421864,0,0
2025-12-09 23:00:00,23.8,83.7,440.0,0.0,0.48057034171859964,20.540000000000003,0,0
2025-12-10 00:00:00,23.7022225211328,78.22962913144535,440.0,0.0,0.6380894049208673,19.348148347421866,0,0
2025-12-10 01:00:00,23.34045108878658,73.13012701892221,400.0,0.0,0.7705774140851516,17.127949192431128,0,1
2025-12-10 02:00:00,22.97867965644036,72.33553390593275,400.0,0.0,0.7762142288358281,17.445786437626907,0,1
2025-12-10 03:00:00,23.6,71.30000000000001,400.0,0.0,0.8360376010975847,17.860000000000003,0,1
2025-12-10 04:00:00,24.32354286469244,70.09409522551262,400.0,0.0,0.9098445623416204,18.34236190979496,0,1
2025-12-10 05:00:00,25.1,68.80000000000001,400.0,0.0,0.9942490778079667,18.860000000000003,0,1
2025-12-10 06:00:00,25.876457135307565,67.5059047744874,400.0,0.0,1.0843178681664551,19.377638090205046,0,1
2025-12-10 07:00:00,27.311388739433603,65.90530095621867,398.0265047810933,39.469904378134416,1.237976296277497,20.570458278806424,0,1
2025-12-10 08:00:00,28.74632034355964,64.50196609406727,396.1875,76.24999999999999,1.4012236940623366,21.64671356237309,0,1
2025-12-10 09:00:00,29.85475189397229,63.39153513976832,394.6083107934526,107.8337841309485,1.5404268791551594,22.53305892192596,0,1
2025-12-10 10:00:00,30.639154960409744,62.64968212778339,393.3965562961437,132.06887407712688,1.6438321264633866,23.169091385966425,0,1
2025-12-10 11:00:00,31.04607377018166,62.32696311490918,392.6348155745459,147.30368850908292,1.6969404588124855,23.51146639316349,0,1
2025-12-10 12:00:00,31.047777478867207,62.44537086855466,392.375,152.5,1.6917709379380403,23.53685165257814,0,1
2025-12-10 13:00:00,29.19807621135332,69.06987298107781,440.0,147.30368850908292,1.2532139957312045,23.01205080756888,0,1
2025-12-10 14:00:00,28.721320343559643,69.86446609406727,440.0,132.0688740771269,1.1878274756823068,22.694213562373097,0,0
2025-12-10 15:00:00,28.1,70.9,440.0,107.8337841309485,1.1063805957569515,22.28,0,0
2025-12-10 16:00:00,27.376457135307565,72.1059047744874,440.0,76.24999999999999,1.0166964562191665,21.797638090205044,0,0
2025-12-10 17:00:00,26.6,73.4,440.0,39.46990437813446,0.9263510891272957,21.28,0,0
2025-12-10 18:00:00,25.82354286469244,74.69409522551261,440.0,1.867586368699713e-14,0.8418099025219583,20.76236190979496,0,0
2025-12-10 19:00:00,25.1,75.9,440.0,0.0,0.7679936786914106,20.28,0,0
2025-12-10 20:00:00,24.47867965644036,76.93553390593274,440.0,0.0,0.7082478580078179,19.86578643762691,0,0
2025-12-10 21:00:00,24.001923788646685,77.7301270189222,440.0,0.0,0.6645913672972346,19.54794919243113,0,0
2025-12-10 22:00:00,23.7022225211328,78.22962913144535,440.0,0.0,0.6380894049208673,19.348148347421866,0,0
2025-12-10 23:00:00,23.6,78.4,440.0,0.0,0.6292129680734436,19.28,0,0
2025-12-11 00:00:00,24.0022225211328,79.52962913144535,440.0,0.0,0.6109004622293593,19.908148347421864,0,0
2025-12-11 01:00:00,22.801923788646683,74.4301270189222,400.0,0.0,0.7098080948553845,17.687949192431123,0,1
2025-12-11 02:00:00,23.27867965644036,73.63553390593275,400.0,0.0,0.7532703740506032,18.005786437626906,0,1
2025-12-11 03:00:00,23.9,72.60000000000001,400.0,0.0,0.8126988513100804,18.42,0,1
2025-12-11 04:00:00,24.623542864692435,71.39409522551261,400.0,0.0,0.8860492508779229,18.90236190979496,0,1
2025-12-11 05:00:00,25.4,70.10000000000001,400.0,0.0,0.9699686292094443,19.42,0,1
2025-12-11 06:00:00,26.17645713530756,68.8059047744874,400.0,0.0,1.0595582662264833,19.93763809020504,0,1
2025-12-11 07:00:00,28.0501918364356,67.02490408178221,397.124520408911,57.509591821780106,1.250082959176767,21.455172652792044,0,1
2025-12-11 08:00:00,29.74332034355964,65.45346609406727,394.445,111.09999999999998,1.4443887430497129,22.83401356237309,0,1
2025-12-11 09:00:00,31.140458746946333,64.1986817132813,392.1440436610175,157.11912677965086,1.6213135851018488,23.9801950896026,0,1
2025-12-11 10:00:00,32.14639437328525,63.34606242134564,390.3784577639549,192.43084472090223,1.7572818884756856,24.81560685755437,0,1
2025-12-11 11:00:00,32.692574372028616,62.95371281398569,389.26856406992846,214.62871860143096,1.8315886041690743,25.28331693482576,0,1
2025-12-11 12:00:00,32.741777478867206,63.048370868554656,388.89,222.2,1.8319682720531487,25.35145165257813,0,1
2025-12-11 13:00:00,29.498076211353315,70.3698729810778,440.0,214.62871860143096,1.221480903961146,23.572050807568875,0,0
2025-12-11 14:00:00,29.02132034355964,71.16446609406727,440.0,192.43084472090223,1.1564824199854449,23.254213562373096,0,0
2025-12-11 15:00:00,28.4,72.2,440.0,157.11912677965086,1.0755441131949977,22.84,0,0
2025-12-11 16:00:00,27.67645713530756,73.4059047744874,440.0,111.09999999999998,0.9864556209351537,22.357638090205043,0,0
2025-12-11 17:00:00,26.9,74.7,440.0,57.50959182178017,0.8967525977146857,21.84,0,0
2025-12-11 18:00:00,26.123542864692435,75.99409522551261,440.0,2.7211651877054183e-14,0.8128560083270464,21.32236190979496,0,0
2025-12-11 19:00:00,25.4,77.2,440.0,0.0,0.7396416303001783,20.84,0,0
2025-12-11 20:00:00,24.77867965644036,78.23553390593274,440.0,0.0,0.6804129501099343,20.425786437626904,0,0
2025-12-11 21:00:00,24.301923788646683,79.0301270189222,440.0,0.0,0.6371531783258618,20.10794919243112,0,0
2025-12-11 22:00:00,24.0022225211328,79.52962913144535,440.0,0.0,0.6109004622293593,19.908148347421864,0,0
2025-12-11 23:00:00,23.9,79.7,440.0,0.0,0.6021090029779063,19.84,0,0
2025-12-12 00:00:00,23.9022225211328,81.32962913144534,440.0,0.0,0.5538472541178928,20.168148347421862,0,0
2025-12-12 01:00:00,22.701923788646685,76.2301270189222,400.0,0.0,0.6558543899579704,17.947949192431125,0,1
2025-12-12 02:00:00,23.17867965644036,75.43553390593274,400.0,0.0,0.6976169923018465,18.265786437626907,0,1
2025-12-12 03:00:00,23.8,74.4,400.0,0.0,0.7547607820856534,18.68,0,1
2025-12-12 04:00:00,24.52354286469244,73.19409522551261,400.0,0.0,0.825348417959007,19.16236190979496,0,1
2025-12-12 05:00:00,25.3,71.9,400.0,0.0,0.9061765529898217,19.68,0,1
2025-12-12 06:00:00,26.076457135307564,70.6059047744874,400.0,0.0,0.9925393523023928,20.197638090205043,0,1
2025-12-12 07:00:00,27.79800623791532,68.90099688104235,397.5049844052117,49.900311895766,1.1617656417724074,21.57820561412379,0,1
2025-12-12 08:00:00,29.349320343559643,67.40046609406727,395.18,96.4,1.33242568775046,22.82941356237309,0,1
2025-12-12 09:00:00,30.624679959608645,66.20657110695015,393.1834906293617,136.33018741276638,1.4860606899877609,23.86599418099868,0,1
2025-12-12 10:00:00,31.537171435860003,65.40067389005826,391.6515151075181,166.96969784963977,1.6025794514756857,24.61730621387165,0,1
2025-12-12 11:00:00,32.024609986170645,65.03769500691469,390.6884750345734,186.2304993085324,1.6646923179803068,25.032148987553583,0,1
2025-12-12 12:00:00,32.053777478867204,65.14237086855466,390.36,192.8,1.6624453208683134,25.082251652578137,0,1
2025-12-12 13:00:00,29.39807621135332,72.1698729810778,440.0,186.2304993085324,1.1406883928245162,23.83205080756888,0,0
2025-12-12 14:00:00,28.921320343559643,72.96446609406726,440.0,166.9696978496398,1.0780420194402671,23.514213562373094,0,0
2025-12-12 15:00:00,28.3,74.0,440.0,131.6848489248199,1.0000799568210226,23.1,0,0
2025-12-12 16:00:00,27.576457135307564,75.2059047744874,440.0,96.4,0.9143337401446349,22.61763809020504,0,0
2025-12-12 17:00:00,26.8,76.5,440.0,49.90031189576605,0.8280741043103329,22.1,0,0
2025-12-12 18:00:00,26.02354286469244,77.7940952255126,440.0,2.361119028756097e-14,0.7474775804021274,21.58236190979496,0,0
2025-12-12 19:00:00,25.3,79.0,440.0,0.0,0.677213794049333,21.1,0,0
2025-12-12 20:00:00,24.67867965644036,80.03553390593274,440.0,0.0,0.6204260211394503,20.685786437626906,0,0
2025-12-12 21:00:00,24.201923788646685,80.8301270189222,440.0,0.0,0.5789826919651236,20.367949192431123,0,0
2025-12-12 22:00:00,24.000961894323343,81.32962913144534,440.0,0.0,0.557140624824563,20.168148347421862,0,0
2025-12-12 23:00:00,23.8,79.37962913144534,440.0,0.0,0.6079471579549433,20.1,0,0
2025-12-13 00:00:00,23.7022225211328,77.42962913144534,440.0,0.0,0.6615373988488914,19.188148347421865,0,0
2025-12-13 01:00:00,23.34045108878658,72.3301270189222,400.0,0.0,0.7935199092618967,16.967949192431124,0,1
2025-12-13 02:00:00,22.97867965644036,71.53553390593274,400.0,0.0,0.7986607629911301,17.285786437626907,0,1
2025-12-13 03:00:00,23.6,70.5,400.0,0.0,0.8593417851003052,17.700000000000003,0,1
2025-12-13 04:00:00,24.32354286469244,69.2940952255126,400.0,0.0,0.9341834230235501,18.18236190979496,0,1
2025-12-13 05:00:00,25.1,68.0,400.0,0.0,1.0197426439056072,18.700000000000003,0,1
2025-12-13 06:00:00,25.876457135307565,66.7059047744874,400.0,0.0,1.1110136197641822,19.217638090205043,0,1
2025-12-13 07:00:00,27.84129614031169,64.87935192984415,396.8967596492208,62.06480701558448,1.3153179588199047,20.81716652628052,0,1
2025-12-13 08:00:00,29.619320343559643,63.26546609406726,394.005,119.9,1.5249580968617082,22.272413562373096,0,1
2025-12-13 09:00:00,31.089360333924,61.97423091979246,391.5217896935733,169.56420612853412,1.717052966816583,23.48420651788249,0,1
2025-12-13 10:00:00,32.151235315417374,61.09364195027957,389.6163554086246,207.6728918275084,1.8657783495654328,24.36996370547329,0,1
2025-12-13 11:00:00,32.73258026288237,60.68370986855881,388.4185493427941,231.6290131441186,1.9481949154611595,24.869322236594133,0,1
2025-12-13 12:00:00,32.793777478867206,60.772370868554646,388.01,239.8,1.9504972041658764,24.948251652578136,0,1
2025-12-13 13:00:00,29.19807621135332,68.26987298107781,440.0,231.6290131441186,1.2856280623133307,22.85205080756888,0,0
2025-12-13 14:00:00,28.721320343559643,69.06446609406726,440.0,207.6728918275084,1.219360415616674,22.534213562373097,0,0
2025-12-13 15:00:00,28.1,70.1,440.0,169.56420612853412,1.1367965571523322,22.12,0,0
2025-12-13 16:00:00,27.376457135307565,71.30590477448739,440.0,119.9,1.0458552139562314,21.637638090205044,0,0
2025-12-13 17:00:00,26.6,72.6,440.0,62.06480701558454,0.9542112722589441,21.12,0,0
2025-12-13 18:00:00,25.82354286469244,73.8940952255126,440.0,2.936703024355353e-14,0.868422186414551,20.60236190979496,0,0
2025-12-13 19:00:00,25.1,75.1,440.0,0.0,0.7934872447890511,20.12,0,0
2025-12-13 20:00:00,24.47867965644036,76.13553390593273,440.0,0.0,0.732813711129907,19.705786437626905,0,0
2025-12-13 21:00:00,24.001923788646685,76.93012701892219,440.0,0.0,0.6884654636735159,19.38794919243112,0,0
2025-12-13 22:00:00,23.7022225211328,77.42962913144534,440.0,0.0,0.6615373988488914,19.188148347421865,0,0
2025-12-13 23:00:00,23.6,77.6,440.0,0.0,0.6525171520761641,19.12,0,0
2025-12-14 00:00:00,22.4022225211328,77.32962913144534,440.0,0.0,0.6142419749850826,17.868148347421865,0,0
2025-12-14 01:00:00,21.201923788646685,72.2301270189222,400.0,0.0,0.6992508336113463,15.647949192431126,0,1
2025-12-14 02:00:00,21.67867965644036,71.43553390593274,400.0,0.0,0.7405596662780529,15.965786437626909,0,1
2025-12-14 03:00:00,22.3,70.4,400.0,0.0,0.7970287076988448,16.380000000000003,0,1
2025-12-14 04:00:00,23.02354286469244,69.19409522551261,400.0,0.0,0.8667058526291672,16.86236190979496,0,1
2025-12-14 05:00:00,23.8,67.9,400.0,0.0,0.9463992619120891,17.380000000000003,0,1
2025-12-14 06:00:00,24.576457135307564,66.6059047744874,400.0,0.0,1.0314545032020297,17.897638090205042,0,1
2025-12-14 07:00:00,26.62774170137593,64.73612914931203,396.6806457465602,66.38708506879657,1.2300785885038417,19.57496753123834,0,1
2025-12-14 08:00:00,28.48632034355964,63.08196609406726,393.5875,128.24999999999997,1.4354812276633981,21.102713562373093,0,1
2025-12-14 09:00:00,30.025533998840302,61.75614408733431,390.9313555312825,181.37288937434943,1.6250897807592106,22.37676281630717,0,1
2025-12-14 10:00:00,31.140487800281377,60.84901570784757,388.8932241964646,222.1355160707085,1.7730109007836758,23.31029094185089,0,1
2025-12-14 11:00:00,31.75519948886292,60.42240025556854,387.6120012778427,247.75997444314604,1.8559497477134903,23.83967953997663,0,1
2025-12-14 12:00:00,31.827777478867205,60.50537086855466,387.175,256.5,1.8596822137177853,23.92885165257813,0,1
2025-12-14 13:00:00,27.89807621135332,68.16987298107782,440.0,247.75997444314604,1.1960348053549688,21.53205080756888,0,0
2025-12-14 14:00:00,27.421320343559643,68.96446609406726,440.0,222.1355160707085,1.1341692613070256,21.214213562373097,0,0
2025-12-14 15:00:00,26.8,70.0,440.0,181.37288937434943,1.0571158778429786,20.8,0,0
2025-12-14 16:00:00,26.076457135307564,71.2059047744874,440.0,128.24999999999997,0.9722793780860564,20.317638090205044,0,0
2025-12-14 17:00:00,25.3,72.5,440.0,66.38708506879664,0.8868275874455553,19.8,0,0
2025-12-14 18:00:00,24.52354286469244,73.7940952255126,440.0,3.141219039812961e-14,0.80687453860513,19.28236190979496,0,0
2025-12-14 19:00:00,23.8,75.0,440.0,0.0,0.7370710762555213,18.8,0,0
2025-12-14 20:00:00,23.250961894323343,76.03553390593274,440.0,0.0,0.6835543550080482,18.385786437626905,0,0
2025-12-14 21:00:00,22.701923788646685,76.8301270189222,440.0,0.0,0.6392992895462837,18.06794919243112,0,0
2025-12-14 22:00:00,22.4022225211328,77.32962913144534,440.0,0.0,0.6142419749850826,17.868148347421865,0,0
2025-12-14 23:00:00,22.3,77.5,440.0,0.0,0.6058495244332436,17.8,0,0
2025-12-15 00:00:00,23.0022225211328,73.62962913144534,440.0,0.0,0.7409587179191662,17.72814834742186,0,0
2025-12-15 01:00:00,21.801923788646683,68.5301270189222,400.0,0.0,0.822049305625931,15.507949192431123,0,1
2025-12-15 02:00:00,22.35096189432334,67.73553390593274,400.0,0.0,0.8714698470257357,15.825786437626904,0,1
2025-12-15 03:00:00,22.9,66.7,400.0,0.0,0.9298990921486372,16.24,0,1
2025-12-15 04:00:00,23.623542864692435,65.49409522551261,400.0,0.0,1.006590573682734,16.722361909794955,0,1
2025-12-15 05:00:00,24.4,64.2,400.0,0.0,1.0941599297800004,17.24,0,1
2025-12-15 06:00:00,25.17645713530756,62.90590477448739,400.0,0.0,1.1874659456297818,17.75763809020504,0,1
2025-12-15 07:00:00,27.25310596779597,61.023447016102,396.61723508051006,67.65529838979892,1.410415538735536,19.45779537101638,0,1
2025-12-15 08:00:00,29.13532034355964,59.357466094067256,393.465,130.69999999999996,1.640783418318806,21.006813562373093,0,1
2025-12-15 09:00:00,30.694830463396585,58.021495855056166,390.7581143698918,184.83771260216352,1.853404062265625,22.29912963440782,0,1
2025-12-15 10:00:00,31.825358289852247,57.10658046306213,388.6810479725374,226.37904054925224,2.019444493308495,23.246674382464672,0,1
2025-12-15 11:00:00,32.449860219839245,56.67506989008037,387.3753494504018,252.4930109919624,2.1129524561398254,23.78487419785532,0,1
2025-12-15 12:00:00,32.525777478867205,56.756370868554654,386.93,261.4,2.1180215895488876,23.87705165257813,0,1
2025-12-15 13:00:00,28.498076211353315,64.4698729810778,440.0,252.4930109919624,1.3824578076922072,21.392050807568875,0,0
2025-12-15 14:00:00,28.02132034355964,65.26446609406726,440.0,226.37904054925227,1.3146097989183545,21.07421356237309,0,0
2025-12-15 15:00:00,27.4,66.38518543427733,440.0,184.83771260216352,1.2268962457976333,20.66,0,0
2025-12-15 16:00:00,26.67645713530756,67.50590477448739,440.0,130.69999999999996,1.1367155826850914,20.17763809020504,0,0
2025-12-15 17:00:00,25.9,68.8,440.0,67.65529838979899,1.0425855071261503,19.66,0,0
2025-12-15 18:00:00,25.123542864692435,70.0940952255126,440.0,3.2012267329711814e-14,0.9543464404920298,19.14236190979496,0,0
2025-12-15 19:00:00,24.4,71.3,440.0,0.0,0.8771617314158106,18.66,0,0
2025-12-15 20:00:00,23.77867965644036,72.33553390593273,440.0,0.0,0.814582345156395,18.245786437626904,0,0
2025-12-15 21:00:00,23.695346323107028,73.1301270189222,440.0,0.0,0.7872300467217331,17.92794919243112,0,0
2025-12-15 22:00:00,23.612012989773692,73.62962913144534,440.0,0.0,0.7687307324506917,17.72814834742186,0,0
2025-12-15 23:00:00,23.52867965644036,73.8,440.0,0.0,0.7599409778538597,17.659999999999997,0,0
2025-12-16 00:00:00,23.445346323107028,86.22962913144535,440.0,0.0,0.39741420102032177,21.248148347421864,0,0
2025-12-16 01:00:00,23.362012989773692,81.13012701892221,400.0,0.0,0.5418567655150321,19.027949192431123,0,1
2025-12-16 02:00:00,23.27867965644036,80.33553390593275,400.0,0.0,0.5618418244212692,19.345786437626906,0,1
2025-12-16 03:00:00,23.9,79.30000000000001,400.0,0.0,0.6139732197853525,19.76,0,1
2025-12-16 04:00:00,24.623542864692435,78.09409522551262,400.0,0.0,0.6785211189176755,20.24236190979496,0,1
2025-12-16 05:00:00,25.4,76.80000000000001,400.0,0.0,0.7526177992528127,20.76,0,1
2025-12-16 06:00:00,26.17645713530756,75.5059047744874,400.0,11.91861702697108,0.8319818504851036,21.277638090205045,0,1
2025-12-16 07:00:00,27.37674468107884,74.06162765946058,398.8081382973029,23.83723405394216,0.9454292974151707,22.18907021297096,0,1
2025-12-16 08:00:00,28.44232034355964,72.80396609406728,397.6975,46.04999999999999,1.0547651616536955,23.00311356237309,0,1
2025-12-16 09:00:00,29.16765830809889,71.818627635605,396.743773272636,65.12453454728103,1.139838449072557,23.664292429419937,0,1
2025-12-16 10:00:00,29.89299627263814,71.1727614716692,396.0119530155727,79.76093968854678,1.215671360223572,24.12754856697198,0,1
2025-12-16 11:00:00,30.17923537202446,70.91038231398778,395.55191156993885,88.96176860122318,1.2470374436913012,24.36131183482202,0,1
2025-12-16 12:00:00,30.1397774788672,71.04937086855466,395.395,92.1,1.2382768562615125,24.34965165257813,0,1
2025-12-16 13:00:00,29.498076211353315,77.06987298107781,440.0,88.96176860122318,0.9452781711374456,24.912050807568875,0,0
2025-12-16 14:00:00,29.02132034355964,77.86446609406727,440.0,79.7609396885468,0.8877711750617542,24.59421356237309,0,0
2025-12-16 15:00:00,28.4,78.9,440.0,65.12453454728103,0.8163302441875699,24.18,0,0
2025-12-16 16:00:00,27.67645713530756,80.1059047744874,440.0,46.04999999999999,0.737932307612388,23.697638090205043,0,0
2025-12-16 17:00:00,26.9,81.4,440.0,23.837234053942183,0.6592726607704802,23.18,0,0
2025-12-16 18:00:00,26.123542864692435,82.69409522551261,440.0,1.1278997020147122e-14,0.5859895224789827,22.66236190979496,0,0
2025-12-16 19:00:00,25.4,83.9,440.0,0.0,0.5222908003435468,22.18,0,0
2025-12-16 20:00:00,24.77867965644036,84.93553390593274,440.0,0.0,0.47095379103691526,21.765786437626904,0,0
2025-12-16 21:00:00,24.301923788646683,85.7301270189222,440.0,0.0,0.4335789221233874,21.447949192431125,0,0
2025-12-16 22:00:00,24.0022225211328,86.22962913144535,440.0,0.0,0.41095131996813233,21.248148347421864,0,0
2025-12-16 23:00:00,23.9,86.4,440.0,0.0,0.4033833714531784,21.18,1,0
2025-12-17 00:00:00,24.2022225211328,89.32962913144534,440.0,0.0,0.32228020811320324,22.068148347421864,1,0
2025-12-17 01:00:00,23.001923788646685,84.2301270189222,400.0,0.0,0.44309629929155553,19.847949192431127,0,1
2025-12-17 02:00:00,23.47867965644036,83.43553390593274,400.0,0.0,0.4790134250226509,20.16578643762691,0,1
2025-12-17 03:00:00,24.1,82.4,400.0,0.0,0.5283299198043959,20.58,0,1
2025-12-17 04:00:00,24.82354286469244,81.19409522551261,400.0,0.0,0.589496334562218,21.06236190979496,0,1
2025-12-17 05:00:00,25.6,79.9,400.0,0.0,0.6598370051251625,21.58,0,1
2025-12-17 06:00:00,26.376457135307565,78.6059047744874,400.0,0.0,0.7353094774850077,22.097638090205045,0,1
2025-12-17 07:00:00,27.759470926921225,77.0702645365394,398.35132268269695,32.97354634606114,0.8546632486727644,23.173523834229105,0,1
2025-12-17 08:00:00,28.995320343559644,75.72746609406727,396.815,63.7,0.97201654689744,24.140813562373097,0,1
2025-12-17 09:00:00,29.99978428981664,74.66901894184615,395.4957298038417,90.08540392316615,1.0747967081404954,24.93358807818587,0,1
2025-12-17 10:00:00,30.704410207709955,73.96705450413329,394.4834181778931,110.33163644213748,1.1500159118482276,25.497821108536613,0,1
2025-12-17 11:00:00,31.06117900538455,73.66941049730774,393.8470524865386,123.05895026922732,1.1870523738105305,25.7950611048461,0,1
2025-12-17 12:00:00,31.04577747886721,73.79637086855466,393.63,127.4,1.1802937145751558,25.80505165257814,0,1
2025-12-17 13:00:00,29.69807621135332,80.1698729810778,440.0,123.05895026922732,0.8269432622653853,25.73205080756888,0,0
2025-12-17 14:00:00,29.221320343559643,80.96446609406726,440.0,110.3316364421375,0.7723089172197435,25.414213562373096,0,0
2025-12-17 15:00:00,28.6,82.0,440.0,90.08540392316615,0.7045216737623721,25.0,0,0
2025-12-17 16:00:00,27.876457135307565,83.2059047744874,440.0,63.7,0.6302529803466259,24.517638090205043,0,0
2025-12-17 17:00:00,27.1,84.5,440.0,32.97354634606118,0.5558781377844138,24.0,0,0
2025-12-17 18:00:00,26.32354286469244,85.7940952255126,440.0,1.5602000221137282e-14,0.4867324340114037,23.48236190979496,0,0
2025-12-17 19:00:00,25.6,87.0,440.0,0.0,0.42676025207100077,23.0,0,0
2025-12-17 20:00:00,24.97867965644036,88.03553390593274,440.0,0.0,0.3785266353649298,22.585786437626908,1,0
2025-12-17 21:00:00,24.501923788646685,88.8301270189222,440.0,0.0,0.34347390056730076,22.267949192431125,1,0
2025-12-17 22:00:00,24.2022225211328,89.32962913144534,440.0,0.0,0.32228020811320324,22.068148347421864,1,0
2025-12-17 23:00:00,24.1,89.5,440.0,0.0,0.3151968271560317,22.0,1,0
2025-12-18 00:00:00,23.102222521132795,74.82962913144534,440.0,0.0,0.7115298590240245,18.068148347421864,0,0
2025-12-18 01:00:00,21.901923788646684,69.7301270189222,400.0,0.0,0.7955428838550823,15.847949192431123,0,1
2025-12-18 02:00:00,22.37867965644036,68.93553390593274,400.0,0.0,0.8404723507645984,16.165786437626906,0,1
2025-12-18 03:00:00,23.0,67.9,400.0,0.0,0.901829476789459,16.580000000000002,0,1
2025-12-18 04:00:00,23.72354286469244,66.69409522551261,400.0,0.0,0.9774485991565858,17.06236190979496,0,1
2025-12-18 05:00:00,24.5,65.4,400.0,0.0,1.06382857160503,17.580000000000002,0,1
2025-12-18 06:00:00,25.8556365655399,64.1059047744874,400.0,0.0,1.1963000208960708,18.097638090205045,0,1
2025-12-18 07:00:00,27.2112731310798,62.2943634344601,396.9718171723005,60.56365655398985,1.3610872006320047,19.67014581797181,0,1
2025-12-18 08:00:00,28.96132034355964,60.69446609406726,394.15,117.0,1.5709370571421573,21.10021356237309,0,1
2025-12-18 09:00:00,30.40733594730636,59.41524311310128,391.7268506601174,165.46298679765212,1.7626821355352527,22.290384569926616,0,1
2025-12-18 10:00:00,31.213934407169603,58.543871423699066,389.8675027757221,202.64994448555865,1.8852589903727197,23.159550653318192,0,1
2025-12-18 11:00:00,32.02053286703284,58.13973356648358,388.74696412373237,226.026643351642,1.9926722121461917,23.64847958032956,0,1
2025-12-18 12:00:00,32.077777478867205,58.23037086855465,388.3,234.0,1.9947976751804652,23.723851652578134,0,1
2025-12-18 13:00:00,28.59807621135332,65.66987298107782,440.0,226.026643351642,1.3435345378502423,21.73205080756888,0,0
2025-12-18 14:00:00,28.12132034355964,66.46446609406726,440.0,202.64994448555865,1.2766018443341773,21.41421356237309,0,0
2025-12-18 15:00:00,27.5,67.5,440.0,165.46298679765212,1.193162818019803,21.0,0,0
2025-12-18 16:00:00,26.776457135307563,68.7059047744874,440.0,117.0,1.1011917096469317,20.5,0,0
2025-12-18 17:00:00,26.0,70.0,440.0,60.56365655398992,1.0084319485807693,20.0,0,0
2025-12-18 18:00:00,25.22354286469244,71.2940952255126,440.0,2.865673510004806e-14,0.9215179968762878,19.48236190979496,0,0
2025-12-18 19:00:00,24.5,72.5,440.0,0.0,0.8455284889924374,19.0,0,0
2025-12-18 20:00:00,23.87867965644036,73.53553390593274,440.0,0.0,0.7839457060153939,18.585786437626908,0,0
2025-12-18 21:00:00,23.401923788646684,74.3301270189222,440.0,0.0,0.7388980963597144,18.267949192431125,0,0
2025-12-18 22:00:00,23.102222521132795,74.6650635094611,440.0,0.0,0.7161818903517365,18.068148347421864,0,0
2025-12-18 23:00:00,23.0,75.0,440.0,0.0,0.7023594055992672,18.0,0,0
2025-12-19 00:00:00,22.7022225211328,76.82962913144534,440.0,0.0,0.6393246052508474,18.068148347421864,0,0
2025-12-19 01:00:00,21.501923788646685,71.7301270189222,400.0,0.0,0.7250435380352569,15.847949192431129,0,1
2025-12-19 02:00:00,21.97867965644036,70.93553390593274,400.0,0.0,0.7674464510592575,16.165786437626906,0,1
2025-12-19 03:00:00,22.6,69.9,400.0,0.0,0.8253963453246834,16.580000000000002,0,1
2025-12-19 04:00:00,23.32354286469244,68.69409522551261,400.0,0.0,0.8968791098105429,17.06236190979496,0,1
2025-12-19 05:00:00,24.1,67.4,400.0,0.0,0.9786111014558699,17.580000000000002,0,1
2025-12-19 06:00:00,24.876457135307565,66.1059047744874,400.0,0.0,1.0658137580662115,18.097638090205045,0,1
2025-12-19 07:00:00,26.770897360043804,64.3145513199781,397.0727565998905,58.544868002190185,1.255306551123443,19.633807624039424,0,1
2025-12-19 08:00:00,28.483320343559644,62.73346609406726,394.345,113.09999999999998,1.4487797591396923,21.030013562373096,0,1
2025-12-19 09:00:00,29.89702728944125,61.47039744203384,392.0026223047802,159.94755390439704,1.6252050572615448,22.191106777848027,0,1
2025-12-19 10:00:00,30.915676405588005,60.61142140519426,390.205252683198,195.89494633604,1.761090895357407,23.037960686626857,0,1
2025-12-19 11:00:00,31.46984843813175,60.21507578093413,389.0753789046706,218.49242190658725,1.8357441220442048,23.51286359431857,0,1
2025-12-19 12:00:00,31.521777478867207,60.308370868554654,388.69,226.2,1.8368417395845664,23.583451652578137,0,1
2025-12-19 13:00:00,28.19807621135332,67.66987298107782,440.0,218.49242190658725,1.2362213963666422,21.73205080756888,0,0
2025-12-19 14:00:00,27.721320343559643,68.46446609406726,440.0,195.89494633604,1.1728151373624154,21.414213562373096,0,0
2025-12-19 15:00:00,27.1,69.5,440.0,159.94755390439704,1.0938247227370723,21.0,0,0
2025-12-19 16:00:00,26.376457135307565,70.7059047744874,440.0,113.09999999999998,1.0068304187026742,20.517638090205043,0,0
2025-12-19 17:00:00,25.6,72.0,440.0,58.54486800219025,0.9191759275375402,20.0,0,0
2025-12-19 18:00:00,24.82354286469244,73.2940952255126,440.0,2.7701510596713133e-14,0.8371324413534939,19.48236190979496,0,0
2025-12-19 19:00:00,24.1,74.5,440.0,0.0,0.7654780088075057,19.0,0,0
2025-12-19 20:00:00,23.47867965644036,75.53553390593274,440.0,0.0,0.7074666716403792,18.585786437626908,0,0
2025-12-19 21:00:00,23.001923788646685,76.3301270189222,440.0,0.0,0.6650676980849054,18.267949192431125,0,0
2025-12-19 22:00:00,22.800961894323343,76.82962913144534,440.0,0.0,0.6431615258226057,18.068148347421864,0,0
2025-12-19 23:00:00,22.6,77.0,440.0,0.0,0.6307015263278313,18.0,0,0
2025-12-20 00:00:00,22.302222521132794,75.92962913144534,440.0,0.0,0.6482219468160475,17.488148347421863,0,0
2025-12-20 01:00:00,22.601923788646683,75.43012701892219,440.0,0.0,0.6738289201185681,17.68794919243112,0,0
2025-12-20 02:00:00,22.40096189432334,70.03553390593274,400.0,0.0,0.8118095262764264,15.585786437626904,0,1
2025-12-20 03:00:00,22.2,69.0,400.0,0.0,0.8296634344190753,16.0,0,1
2025-12-20 04:00:00,22.92354286469244,67.7940952255126,400.0,0.0,0.900629020184455,16.482361909794957,0,1
2025-12-20 05:00:00,23.7,66.5,400.0,0.0,0.9817534705200087,17.0,0,1
2025-12-20 06:00:00,24.47645713530756,65.2059047744874,400.0,0.0,1.0682912906001587,17.51763809020504,0,1
2025-12-20 07:00:00,26.52153004429347,63.33923497785326,396.69617488926633,66.07650221467355,1.270836020583514,19.189377039864123,0,1
2025-12-20 08:00:00,28.37432034355964,61.68796609406726,394.1775,127.65,1.4800322058501139,20.71191356237309,0,1
2025-12-20 09:00:00,29.90856343609183,60.36462936870855,390.9737819381537,180.5243612369256,1.6729545248155218,21.98148930983353,0,1
2025-12-20 10:00:00,31.019703190590548,59.459408012692975,388.94518572069165,221.0962855861672,1.823367509139829,22.911584793129144,0,1
2025-12-20 11:00:00,31.632017269031984,59.033991365484,387.66995682742,246.6008634515992,1.907701590391675,23.438815542128783,0,1
2025-12-20 12:00:00,31.70377747886721,59.11737086855465,387.235,255.3,1.9115737758129814,23.527251652578137,0,1
2025-12-20 13:00:00,27.798076211353315,66.76987298107781,440.0,238.1981427930836,1.2413831152099002,21.15205080756888,0,0
2025-12-20 14:00:00,27.32132034355964,67.56446609406726,440.0,221.0962855861672,1.1784168949626133,20.83421356237309,0,0
2025-12-20 15:00:00,26.7,68.6,440.0,180.5243612369256,1.0999635042379858,20.42,0,0
2025-12-20 16:00:00,25.97645713530756,69.80590477448739,440.0,127.65,1.0135446777453714,19.93763809020504,0,0
2025-12-20 17:00:00,25.2,71.1,440.0,66.07650221467362,0.9264508382026341,19.42,0,0
2025-12-20 18:00:00,24.42354286469244,72.3940952255126,440.0,3.1265232782231926e-14,0.8449121075282491,18.902361909794955,0,0
2025-12-20 19:00:00,23.7,73.6,440.0,0.0,0.7736803469172607,18.42,0,0
2025-12-20 20:00:00,23.07867965644036,74.63553390593273,440.0,0.0,0.7159970735054346,18.005786437626902,0,0
2025-12-20 21:00:00,22.601923788646683,75.43012701892219,440.0,0.0,0.6738289201185681,17.68794919243112,0,0
2025-12-20 22:00:00,22.302222521132794,75.92962913144534,440.0,0.0,0.6482219468160475,17.488148347421863,0,0
2025-12-20 23:00:00,22.2,76.1,440.0,0.0,0.639643744600513,17.419999999999998,0,0
2025-12-21 00:00:00,22.5022225211328,75.52962913144535,440.0,0.0,0.6670514042753982,17.608148347421864,0,0
2025-12-21 01:00:00,22.801923788646683,75.0301270189222,440.0,0.0,0.6931523665602778,17.807949192431124,0,0
2025-12-21 02:00:00,21.77867965644036,69.63553390593275,400.0,0.0,0.7920493385581012,15.705786437626903,0,1
2025-12-21 03:00:00,22.4,68.60000000000001,400.0,0.0,0.8506518752378608,16.12,0,1
2025-12-21 04:00:00,23.123542864692435,67.39409522551261,400.0,0.0,0.9229099477305874,16.602361909794958,0,1
2025-12-21 05:00:00,23.9,66.10000000000001,400.0,0.0,1.005492374431085,17.12,0,1
2025-12-21 06:00:00,24.67645713530756,64.8059047744874,400.0,0.0,1.0935646745255296,17.637638090205044,0,1
2025-12-21 07:00:00,26.730329891826955,62.93483505408652,396.6741752704326,66.51649459134784,1.300735533584955,19.31729690264426,0,1
2025-12-21 08:00:00,28.59132034355964,61.27946609406727,393.575,128.49999999999997,1.514763000846337,20.84721356237309,0,1
2025-12-21 09:00:00,30.132605066652168,59.952608553428384,390.9136778617529,181.7264427649428,1.7122039667670672,22.123126777337845,0,1
2025-12-21 10:00:00,31.249148054319217,59.04468558082865,388.87157356137,222.5685287726008,1.8662150713903205,23.058085170484947,0,1
2025-12-21 11:00:00,31.86485874712581,58.61757062643709,387.5878531321855,248.24293735629053,1.9526650392090135,23.588372872413228,0,1
2025-12-21 12:00:00,31.937777478867204,58.70037086855466,387.15,257.0,1.9568104977265577,23.67785165257813,0,1
2025-12-21 13:00:00,27.998076211353315,66.3698729810778,440.0,248.24293735629053,1.2710529976954348,21.27205080756888,0,0
2025-12-21 14:00:00,27.52132034355964,67.16446609406727,440.0,222.5685287726008,1.2069841237882897,20.95421356237309,0,0
2025-12-21 15:00:00,26.9,68.2,440.0,181.7264427649428,1.1271435813172728,20.54,0,0
2025-12-21 16:00:00,26.17645713530756,69.4059047744874,440.0,128.49999999999997,1.039178288697405,20.04,0,0
2025-12-21 17:00:00,25.4,70.7,440.0,66.51649459134791,0.9505043757804922,19.54,0,0
2025-12-21 18:00:00,24.623542864692435,71.99409522551261,440.0,3.1473422738086984e-14,0.8674646420456619,19.02236190979496,0,0
2025-12-21 19:00:00,23.9,73.11481456572267,440.0,0.0,0.797429172251668,18.54,0,0
2025-12-21 20:00:00,23.27867965644036,74.23553390593274,440.0,0.0,0.7361275188599168,18.125786437626907,0,0
2025-12-21 21:00:00,22.801923788646683,75.0301270189222,440.0,0.0,0.6931523665602778,17.807949192431124,0,0
2025-12-21 22:00:00,22.5022225211328,75.52962913144535,440.0,0.0,0.6670514042753982,17.608148347421864,0,0
2025-12-21 23:00:00,22.4,75.7,440.0,0.0,0.6583070244675165,17.54,0,0
2025-12-22 00:00:00,22.9022225211328,77.02962913144535,440.0,0.0,0.6415315549100292,18.308148347421863,0,0
2025-12-22 01:00:00,23.201923788646685,76.5301270189222,440.0,0.0,0.6674675308121367,18.507949192431127,0,0
2025-12-22 02:00:00,22.17867965644036,71.13553390593275,400.0,0.0,0.7715076534084399,16.405786437626908,0,1
2025-12-22 03:00:00,22.8,70.10000000000001,400.0,0.0,0.8299137388170923,16.82,0,1
2025-12-22 04:00:00,23.52354286469244,68.89409522551261,400.0,0.0,0.9019594664315346,17.30236190979496,0,1
2025-12-22 05:00:00,24.3,67.60000000000001,400.0,0.0,0.9843352357317803,17.82,0,1
2025-12-22 06:00:00,25.076457135307564,66.3059047744874,400.0,0.0,1.0722246406157334,18.337638090205044,0,1
2025-12-22 07:00:00,27.04129614031169,64.47935192984417,396.8967596492208,62.06480701558448,1.2695033996331595,19.937166526280524,0,1
2025-12-22 08:00:00,28.81932034355964,62.86546609406727,394.005,119.9,1.4720286612568492,21.392413562373093,0,1
2025-12-22 09:00:00,30.289360333924,61.57423091979247,391.5217896935733,169.56420612853412,1.6576867889476827,22.60420651788249,0,1
2025-12-22 10:00:00,31.351235315417373,60.69364195027958,389.6163554086246,207.6728918275084,1.8014934351512566,23.489963705473286,0,1
2025-12-22 11:00:00,31.93258026288237,60.283709868558816,388.4185493427941,231.6290131441186,1.8812377430571616,23.779107679025707,0,1
2025-12-22 12:00:00,31.993777478867205,60.372370868554654,388.01,239.8,1.883542321623144,24.06825165257813,0,1
2025-12-22 13:00:00,28.39807621135332,67.8698729810778,440.0,231.6290131441186,1.2429320104482084,21.97205080756888,0,0
2025-12-22 14:00:00,27.921320343559643,68.66446609406727,440.0,207.6728918275084,1.1790459296829625,21.65421356237309,0,0
2025-12-22 15:00:00,27.3,69.7,440.0,163.78644591375422,1.0994578753361406,21.24,0,0
2025-12-22 16:00:00,26.576457135307564,70.9059047744874,440.0,119.9,1.0118056888162976,20.75763809020504,0,0
2025-12-22 17:00:00,25.8,72.2,440.0,62.06480701558454,0.9234889028808377,20.24,0,0
2025-12-22 18:00:00,25.02354286469244,73.49409522551261,440.0,2.936703024355353e-14,0.8408263362070709,19.72236190979496,0,0
2025-12-22 19:00:00,24.3,74.7,440.0,0.0,0.7686321439510508,19.24,0,0
2025-12-22 20:00:00,23.67867965644036,75.73553390593274,440.0,0.0,0.7101846657665205,18.825786437626903,0,0
2025-12-22 21:00:00,23.201923788646685,76.5301270189222,440.0,0.0,0.6674675308121367,18.507949192431127,0,0
2025-12-22 22:00:00,22.9022225211328,77.02962913144535,440.0,0.0,0.6415315549100292,18.308148347421863,0,0
2025-12-22 23:00:00,22.8,77.2,440.0,0.0,0.6328439212384517,18.24,0,0
2025-12-23 00:00:00,23.2022225211328,76.82962913144534,440.0,0.0,0.6589617784663468,18.568148347421864,0,0
2025-12-23 01:00:00,23.501923788646685,76.3301270189222,440.0,0.0,0.6854479032284305,18.767949192431125,0,0
2025-12-23 02:00:00,22.47867965644036,70.93553390593274,400.0,0.0,0.7911525821695893,16.665786437626906,0,1
2025-12-23 03:00:00,23.1,69.9,400.0,0.0,0.8507690355421187,17.080000000000002,0,1
2025-12-23 04:00:00,23.82354286469244,68.69409522551261,400.0,0.0,0.9242941487646785,17.56236190979496,0,1
2025-12-23 05:00:00,24.6,67.4,400.0,0.0,1.0083445134243487,18.08,0,1
2025-12-23 06:00:00,25.376457135307565,66.1059047744874,400.0,0.0,1.0980024685575613,18.597638090205045,0,1
2025-12-23 07:00:00,27.412212558669783,64.24389372066511,396.7194686033256,65.61062793348901,1.3059830647753168,20.260991302802807,0,1
2025-12-23 08:00:00,29.256320343559644,62.59696609406726,393.6625,126.75,1.5205813523208673,21.77571356237309,0,1
2025-12-23 09:00:00,30.78310759196912,61.27735729076991,391.0374215484605,179.2515690307898,1.7182843299228143,23.038579050123094,0,1
2025-12-23 10:00:00,31.88852627605431,60.374996469961104,389.02312800703226,219.5374398593552,1.872244018483171,23.96352557004653,0,1
2025-12-23 11:00:00,32.497243939285575,59.95137803035721,387.7568901517861,244.8621969642788,1.9583856647151254,24.487519545357017,0,1
2025-12-23 12:00:00,32.56777747886721,60.03537086855466,387.325,253.5,1.9620524245597293,24.57485165257814,0,1
2025-12-23 13:00:00,28.69807621135332,67.66987298107782,440.0,244.8621969642788,1.2726155973110949,22.23205080756888,0,0
2025-12-23 14:00:00,28.221320343559643,68.46446609406726,440.0,219.5374398593552,1.2074687035522436,21.914213562373096,0,0
2025-12-23 15:00:00,27.6,69.5,440.0,179.2515690307898,1.126298497889153,21.5,0,0
2025-12-23 16:00:00,26.876457135307565,70.7059047744874,440.0,126.75,1.0368880232107063,21.017638090205043,0,0
2025-12-23 17:00:00,26.1,72.0,440.0,65.61062793348908,0.9467813073169077,20.5,0,0
2025-12-23 18:00:00,25.32354286469244,73.2940952255126,440.0,3.1044796358385404e-14,0.8624250837610618,19.98236190979496,0,0
2025-12-23 19:00:00,24.6,74.5,440.0,0.0,0.7887357390282485,19.5,0,0
2025-12-23 20:00:00,23.97867965644036,75.53553390593274,440.0,0.0,0.7290658263238349,19.085786437626908,0,0
2025-12-23 21:00:00,23.501923788646685,76.3301270189222,440.0,0.0,0.6854479032284305,18.767949192431125,0,0
2025-12-23 22:00:00,23.2022225211328,76.82962913144534,440.0,0.0,0.6589617784663468,18.568148347421864,0,0
2025-12-23 23:00:00,23.602222521132802,77.0,440.0,0.0,0.6700849472269332,18.5,0,0
2025-12-24 00:00:00,24.0022225211328,77.12962913144534,440.0,0.0,0.6825240355766645,19.42814834742186,0,0
2025-12-24 01:00:00,24.301923788646683,76.6301270189222,440.0,0.0,0.7100752999506288,19.62794919243112,0,0
2025-12-24 02:00:00,23.27867965644036,71.23553390593274,400.0,0.0,0.82184179481335,17.525786437626905,0,1
2025-12-24 03:00:00,23.9,70.2,400.0,0.0,0.883884152154759,17.939999999999998,0,1
2025-12-24 04:00:00,24.623542864692435,68.99409522551261,400.0,0.0,0.9603876862069667,18.42236190979496,0,1
2025-12-24 05:00:00,25.4,67.7,400.0,0.0,1.0478256429252526,18.94,0,1
2025-12-24 06:00:00,26.17645713530756,66.4059047744874,400.0,0.0,1.1410781763427986,19.45763809020504,0,1
2025-12-24 07:00:00,28.19305994933219,64.55347002533391,396.7673501266695,64.65299746660969,1.3549894428336908,21.10375395439897,0,1
2025-12-24 08:00:00,30.01932034355964,62.915466094067256,393.755,124.9,1.5752654718554746,22.60241356237309,0,1
2025-12-24 09:00:00,31.530781690161305,61.603520241673806,391.16823630298,176.6352739403996,1.777812604184083,23.851485738496063,0,1
2025-12-24 10:00:00,32.62444039617426,60.70703940990112,389.91946429994914,216.3331458653528,1.9352364337747954,24.765848278154483,0,1
2025-12-24 11:00:00,33.225765428140186,60.2871172859299,387.9355864296496,241.2882714070093,2.02305308292138,25.283188885326165,0,1
2025-12-24 12:00:00,33.293777478867206,60.372370868554654,387.51,249.8,2.026411156580065,25.36825165257813,0,1
2025-12-24 13:00:00,31.157548911213425,67.9698729810778,440.0,241.2882714070093,1.451940254771429,23.092050807568874,0,0
2025-12-24 14:00:00,29.02132034355964,68.76446609406726,440.0,216.3331458653528,1.252737194286469,22.77421356237309,0,0
2025-12-24 15:00:00,28.3488887394336,69.8,440.0,176.6352739403996,1.1649346337561661,22.36,0,0
2025-12-24 16:00:00,27.67645713530756,71.00590477448739,440.0,124.9,1.0754788973492788,21.87763809020504,0,0
2025-12-24 17:00:00,26.9,72.3,440.0,64.65299746660975,0.9818200378141027,21.36,0,0
2025-12-24 18:00:00,26.123542864692435,73.5940952255126,440.0,3.059167704270088e-14,0.8941216151979952,20.84236190979496,0,0
2025-12-24 19:00:00,25.4,74.8,440.0,0.0,0.8174986440159866,20.36,0,0
2025-12-24 20:00:00,24.77867965644036,75.83553390593273,440.0,0.0,0.7554430966435531,19.945786437626904,0,0
2025-12-24 21:00:00,24.301923788646683,76.6301270189222,440.0,0.0,0.7100752999506288,19.62794919243112,0,0
2025-12-24 22:00:00,24.0022225211328,77.12962913144534,440.0,0.0,0.6825240355766645,19.42814834742186,0,0
2025-12-24 23:00:00,23.9,77.3,440.0,0.0,0.6732943038225849,19.36,0,0
2025-12-25 00:00:00,23.7022225211328,75.72962913144535,440.0,0.0,0.7113643859459415,18.848148347421866,0,0
2025-12-25 01:00:00,24.001923788646685,75.2301270189222,440.0,0.0,0.7391979184731128,19.04794919243113,0,0
2025-12-25 02:00:00,22.97867965644036,69.83553390593275,400.0,0.0,0.8463596480711456,16.945786437626907,0,1
2025-12-25 03:00:00,23.6,68.80000000000001,400.0,0.0,0.9088631761060849,17.360000000000003,0,1
2025-12-25 04:00:00,24.32354286469244,67.59409522551262,400.0,0.0,0.9859035019726499,17.84236190979496,0,1
2025-12-25 05:00:00,25.1,66.30000000000001,400.0,0.0,1.0739164718630922,18.360000000000003,0,1
2025-12-25 06:00:00,25.876457135307565,65.0059047744874,400.0,0.0,1.1677420919093513,18.877638090205046,0,1
2025-12-25 07:00:00,27.908589092038348,63.14570545398083,396.7285272699041,65.42945460191724,1.3856692628962315,20.537730182834515,0,1
2025-12-25 08:00:00,29.74932034355964,61.500466094067264,393.68,126.4,1.6102185713303538,22.049413562373097,0,1
2025-12-25 09:00:00,31.2732080970325,60.18230703823822,391.0621702858021,178.75659428395923,1.816859085544091,23.309669504680144,0,1
2025-12-25 10:00:00,32.37640192040133,59.2810586477876,389.91946429994914,218.9312220767061,1.97765745988045,24.232613649958846,0,1
2025-12-25 11:00:00,32.98372097771753,58.85813951114124,387.7906975557062,244.1860488858765,2.067607445448944,24.75534887994577,0,1
2025-12-25 12:00:00,33.053777478867204,58.94237086855466,387.36,252.8,2.071497373834257,24.84225165257813,0,1
2025-12-25 13:00:00,29.19807621135332,66.56987298107782,440.0,244.1860488858765,1.354507953800348,22.512050807568883,0,0
2025-12-25 14:00:00,28.721320343559643,67.36446609406727,440.0,218.9312220767061,1.2863679129772025,22.194213562373097,0,0
2025-12-25 15:00:00,28.1,68.4,440.0,178.75659428395923,1.2014304751175144,21.78,0,0
2025-12-25 16:00:00,27.376457135307565,69.6059047744874,440.0,126.4,1.107817574147493,21.297638090205044,0,0
2025-12-25 17:00:00,26.6,70.9,440.0,65.42945460191731,1.0134141614136958,20.78,0,0
2025-12-25 18:00:00,25.82354286469244,72.19409522551261,440.0,3.095907108244509e-14,0.9249732896863095,20.26236190979496,0,0
2025-12-25 19:00:00,25.1,73.4,440.0,0.0,0.8476610727465358,19.78,0,0
2025-12-25 20:00:00,24.47867965644036,74.43553390593274,440.0,0.0,0.7850161490143456,19.36578643762691,0,0
2025-12-25 21:00:00,24.001923788646685,75.2301270189222,440.0,0.0,0.7391979184731128,19.04794919243113,0,0
2025-12-25 22:00:00,23.7022225211328,75.72962913144535,440.0,0.0,0.7113643859459415,18.848148347421866,0,0
2025-12-25 23:00:00,23.6,75.9,440.0,0.0,0.7020385430819441,18.78,0,0
2025-12-26 00:00:00,24.2022225211328,82.92962913144534,440.0,0.0,0.5155812055511573,20.788148347421863,0,0
2025-12-26 01:00:00,24.501923788646685,82.43012701892219,440.0,0.0,0.5402740761247685,20.987949192431124,0,0
2025-12-26 02:00:00,23.47867965644036,79.21506350946109,400.0,0.0,0.6010615470894812,18.885786437626905,0,1
2025-12-26 03:00:00,24.1,76.0,400.0,0.0,0.7204498906423583,19.3,0,1
2025-12-26 04:00:00,24.82354286469244,74.7940952255126,400.0,0.0,0.7901129274057833,19.78236190979496,0,1
2025-12-26 05:00:00,25.6,73.5,400.0,0.0,0.8699343599908862,20.3,0,1
2025-12-26 06:00:00,26.376457135307565,72.2059047744874,400.0,0.0,0.9552758096107122,20.817638090205044,0,1
2025-12-26 07:00:00,27.91217416353172,70.59391291823414,397.9695645911708,40.60870817658551,1.1058581870790576,22.030956747178543,0,1
2025-12-26 08:00:00,29.29032034355964,69.17996609406727,396.0775,78.44999999999999,1.2554155700834766,23.12631356237309,0,1
2025-12-26 09:00:00,30.416977290716705,68.06042244139611,394.4527473015916,110.94505396816932,1.3879686296159115,24.029061778995928,0,1
2025-12-26 10:00:00,31.215365195942773,67.31157701001688,393.2060307073111,135.87938585377842,1.4866596919096053,24.67768059794615,0,1
2025-12-26 11:00:00,31.631075242895097,66.98446237855245,392.4223118927623,151.5537621447548,1.537382669489676,24.866866125262145,0,1
2025-12-26 12:00:00,31.635777478867208,67.10137086855465,392.155,156.9,1.5323470048307921,25.05605165257814,0,1
2025-12-26 13:00:00,29.69807621135332,73.7698729810778,440.0,151.5537621447548,1.093831965169222,24.45205080756888,0,0
2025-12-26 14:00:00,29.221320343559643,74.56446609406726,440.0,135.87938585377844,1.0319694602143303,24.13421356237309,0,0
2025-12-26 15:00:00,28.6,75.6,440.0,110.94505396816932,0.9550182688778822,23.72,0,0
2025-12-26 16:00:00,27.876457135307565,76.80590477448739,440.0,78.44999999999999,0.8704337712766888,23.23763809020504,0,0
2025-12-26 17:00:00,27.1,78.1,440.0,40.60870817658555,0.7854020140308815,22.72,0,0
2025-12-26 18:00:00,26.32354286469244,79.3940952255126,440.0,1.9214708278621973e-14,0.7060136151205028,22.20236190979496,0,0
2025-12-26 19:00:00,25.6,80.6,440.0,0.0,0.6368576069367244,21.72,0,0
2025-12-26 20:00:00,24.97867965644036,81.63553390593273,440.0,0.0,0.5810070843284499,21.305786437626907,0,0
2025-12-26 21:00:00,24.501923788646685,82.43012701892219,440.0,0.0,0.5402740761247685,20.987949192431124,0,0
2025-12-26 22:00:00,24.2022225211328,82.92962913144534,440.0,0.0,0.5155812055511573,20.788148347421863,0,0
2025-12-26 23:00:00,24.1,83.1,440.0,0.0,0.5073167979939941,20.72,0,0
2025-12-27 00:00:00,23.802222521132794,79.72962913144535,440.0,0.0,0.597708013564202,19.748148347421864,0,0
2025-12-27 01:00:00,24.101923788646683,79.2301270189222,440.0,0.0,0.623557472242171,19.947949192431125,0,0
2025-12-27 02:00:00,23.07867965644036,73.83553390593275,400.0,0.0,0.7385797549890519,17.845786437626906,0,1
2025-12-27 03:00:00,23.7,72.80000000000001,400.0,0.0,0.7971252059147531,18.26,0,1
2025-12-27 04:00:00,24.42354286469244,71.59409522551262,400.0,0.0,0.8693970752025293,18.74236190979496,0,1
2025-12-27 05:00:00,25.2,70.30000000000001,400.0,0.0,0.9520965361459592,19.26,0,1
2025-12-27 06:00:00,25.97645713530756,69.0059047744874,400.0,0.0,1.0403987939604906,19.777638090205045,0,1
2025-12-27 07:00:00,27.68920639038184,67.30539680480909,397.5269840240454,49.46031951909171,1.2136447112615163,21.15028575134365,0,1
2025-12-27 08:00:00,29.232320343559643,65.80896609406727,395.2225,95.54999999999998,1.388077851117964,22.394113562373096,0,1
2025-12-27 09:00:00,30.5006383290483,64.61859192223032,393.2435947057625,135.12810588474923,1.544907455905739,23.424356713494365,0,1
2025-12-27 10:00:00,31.407726572131327,63.8153963219226,391.7251272668397,165.4974546632062,1.6637439581444955,24.170805836515846,0,1
2025-12-27 11:00:00,31.663752025499264,63.4541157459616,390.770578729808,184.5884254038409,1.7049283177940748,24.582591657269138,0,1
2025-12-27 12:00:00,31.919777478867204,63.55937086855466,390.445,191.1,1.7248308161439818,24.63165165257813,0,1
2025-12-27 13:00:00,29.298076211353315,70.56987298107781,440.0,184.5884254038409,1.1993356941532793,23.412050807568875,0,0
2025-12-27 14:00:00,28.82132034355964,71.36446609406727,440.0,165.49745466320624,1.1352560805117968,23.094213562373096,0,0
2025-12-27 15:00:00,28.2,72.4,440.0,135.12810588474923,1.0554714769829177,22.68,0,0
2025-12-27 16:00:00,27.47645713530756,73.6059047744874,440.0,95.54999999999998,0.9676660269116932,22.197638090205043,0,0
2025-12-27 17:00:00,26.7,74.9,440.0,49.46031951909176,0.8792701896934213,21.68,0,0
2025-12-27 18:00:00,25.92354286469244,76.19409522551261,440.0,2.340300033170592e-14,0.7966115470644783,21.16236190979496,0,0
2025-12-27 19:00:00,25.2,77.4,440.0,0.0,0.7244909668989455,20.68,0,0
2025-12-27 20:00:00,24.57867965644036,78.43553390593274,440.0,0.0,0.6661572900246012,20.265786437626907,0,0
2025-12-27 21:00:00,24.101923788646683,79.2301270189222,440.0,0.0,0.623557472242171,19.947949192431125,0,0
2025-12-27 22:00:00,23.802222521132794,79.72962913144535,440.0,0.0,0.597708013564202,19.748148347421864,0,0
2025-12-27 23:00:00,23.7,79.9,440.0,0.0,0.5890520823120051,19.68,0,0
2025-12-28 00:00:00,24.102222521132795,81.22962913144535,440.0,0.0,0.5635380980416212,20.348148347421866,0,0
2025-12-28 01:00:00,24.401923788646684,80.7301270189222,440.0,0.0,0.5890153675038854,20.54794919243113,0,0
2025-12-28 02:00:00,23.37867965644036,75.33553390593275,400.0,0.0,0.7089633718226942,18.445786437626907,0,1
2025-12-28 03:00:00,24.0,74.30000000000001,400.0,0.0,0.7668667916315485,18.860000000000003,0,1
2025-12-28 04:00:00,24.72354286469244,73.09409522551262,400.0,0.0,0.8383842585025488,19.34236190979496,0,1
2025-12-28 05:00:00,25.5,71.80000000000001,400.0,0.0,0.9202665666495045,19.860000000000003,0,1
2025-12-28 06:00:00,26.276457135307563,70.5059047744874,400.0,0.0,1.0077444032162088,20.377638090205046,0,1
2025-12-28 07:00:00,28.191602883652006,68.70419855817401,397.02099279087,59.58014418260027,1.1962211342018902,21.93244259528681,0,1
2025-12-28 08:00:00,29.92332034355964,67.11346609406728,394.245,111.17806260587176,1.3892715546677359,23.227230530690132,0,1
2025-12-28 09:00:00,31.353595831936182,65.84211317078638,391.8612009485428,162.77598102914325,1.565737969891771,24.522018466093456,0,1
2025-12-28 10:00:00,32.38495843789076,64.97678038904289,390.03204760244114,199.35904795117776,1.7018452173392626,25.380314515699336,0,1
2025-12-28 11:00:00,32.94712250423487,64.57643874788258,388.8821937394128,222.35612521174352,1.7765793227336908,25.862410253811383,0,1
2025-12-28 12:00:00,33.001777478867204,64.66837086855466,388.49,230.2,1.777410364689031,25.93545165257813,0,1
2025-12-28 13:00:00,29.59807621135332,72.06987298107781,440.0,222.35612521174352,1.1580452770484013,24.01205080756888,0,0
2025-12-28 14:00:00,29.12132034355964,72.86446609406727,440.0,199.35904795117776,1.0946060010218528,23.694213562373093,0,0
2025-12-28 15:00:00,28.5,73.9,440.0,162.77598102914325,1.015650057639341,23.28,0,0
2025-12-28 16:00:00,27.776457135307563,75.1059047744874,440.0,115.09999999999998,0.9288008764452066,22.79763809020504,0,0
2025-12-28 17:00:00,27.0,76.4,440.0,59.580144182600336,0.8414202814913596,22.28,0,0
2025-12-28 18:00:00,26.22354286469244,77.69409522551261,440.0,2.8191369316372077e-14,0.7597649961401817,21.76236190979496,0,0
2025-12-28 19:00:00,25.5,78.9,440.0,0.0,0.6885682466774662,21.28,0,0
2025-12-28 20:00:00,24.87867965644036,79.93553390593274,440.0,0.0,0.6310189948006967,20.86578643762691,0,0
2025-12-28 21:00:00,24.401923788646684,80.7301270189222,440.0,0.0,0.5890153675038854,20.54794919243113,0,0
2025-12-28 22:00:00,24.102222521132795,81.22962913144535,440.0,0.0,0.5635380980416212,20.348148347421866,0,0
2025-12-28 23:00:00,24.0,81.4,440.0,0.0,0.5550086507527939,20.28,0,0
2025-12-29 00:00:00,23.802222521132794,82.72962913144535,440.0,0.0,0.5092476665720178,20.348148347421866,0,0
2025-12-29 01:00:00,24.101923788646683,82.2301270189222,440.0,0.0,0.5334908445631874,20.547949192431123,0,0
2025-12-29 02:00:00,23.07867965644036,76.83553390593275,400.0,0.0,0.6538946994254846,18.445786437626907,0,1
2025-12-29 03:00:00,23.7,75.80000000000001,400.0,0.0,0.7092069846741553,18.86,0,1
2025-12-29 04:00:00,24.42354286469244,74.59409522551262,400.0,0.0,0.7775784464239763,19.34236190979496,0,1
2025-12-29 05:00:00,25.2,73.30000000000001,400.0,0.0,0.8559251688584886,19.86,0,1
2025-12-29 06:00:00,25.97645713530756,72.0059047744874,400.0,0.0,0.9396958581537926,20.377638090205043,0,1
2025-12-29 07:00:00,27.808263151129,70.24586842443551,397.2293421221775,55.41315755644969,1.112190274700543,21.8574368360161,0,1
2025-12-29 08:00:00,29.46232034355964,68.69396609406728,394.6475,107.04999999999998,1.2879145847521705,23.20111356237309,0,1
2025-12-29 09:00:00,30.634209300715902,67.45595736255741,392.430421907398,151.39156185203984,1.4318978912406994,24.3170989209056,0,1
2025-12-29 10:00:00,31.80609825787217,66.61621047905219,390.7291980524876,185.4160389502483,1.5700141465213848,25.129340353682608,0,1
2025-12-29 11:00:00,32.33609438816979,66.23195280591511,389.6597640295755,206.80471940848952,1.6363414929901914,25.58248494935281,0,1
2025-12-29 12:00:00,32.379777478867204,66.32937086855466,389.295,214.1,1.63564267841319,25.64565165257813,0,1
2025-12-29 13:00:00,29.298076211353315,73.56987298107781,440.0,206.80471940848952,1.0770797799961134,24.01205080756888,0,0
2025-12-29 14:00:00,28.82132034355964,74.36446609406727,440.0,185.41603895024832,1.0163210450162727,23.694213562373093,0,0
2025-12-29 15:00:00,28.2,75.4,440.0,151.39156185203984,0.9407463164412965,23.28,0,0
2025-12-29 16:00:00,27.47645713530756,76.6059047744874,440.0,107.04999999999998,0.8576793781581858,22.79763809020504,0,0
2025-12-29 17:00:00,26.7,77.9,440.0,55.41315755644975,0.7741781351483912,22.28,0,0
2025-12-29 18:00:00,25.92354286469244,79.19409522551261,440.0,2.6219687969744837e-14,0.6962232331636934,21.76236190979496,0,0
2025-12-29 19:00:00,25.2,80.4,440.0,0.0,0.6283195996114748,21.28,0,0
2025-12-29 20:00:00,24.57867965644036,81.43553390593274,440.0,0.0,0.5734829867816557,20.865786437626905,0,0
2025-12-29 21:00:00,24.101923788646683,82.2301270189222,440.0,0.0,0.5334908445631874,20.547949192431123,0,0
2025-12-29 22:00:00,23.802222521132794,82.56506350946111,440.0,0.0,0.5141001772465879,20.348148347421866,0,0
2025-12-29 23:00:00,23.7,82.9,440.0,0.0,0.5011338610714072,20.28,0,0
2025-12-30 00:00:00,27.349222521132813,69.77762913144534,440.0,0.0,1.0998046601049578,21.30474834742188,0,0
2025-12-30 01:00:00,27.6489237886467,69.27812701892219,440.0,0.0,1.1377373300502809,21.504549192431146,0,0
2025-12-30 02:00:00,28.125679656440376,68.48353390593273,440.0,0.0,1.2000459876169578,21.82238643762692,0,0
2025-12-30 03:00:00,28.747000000000018,67.448,440.0,0.0,1.2849846496175705,22.236600000000017,0,0
2025-12-30 04:00:00,29.47054286469245,66.2420952255126,440.0,0.0,1.3894410904759233,22.718961909794974,0,0
2025-12-30 05:00:00,30.247000000000018,64.948,440.0,0.0,1.5084802289388304,23.236600000000017,0,0
2025-12-30 06:00:00,31.02345713530758,63.65390477448739,440.0,0.0,1.6350637358329225,23.754238090205057,0,0
2025-12-30 07:00:00,31.747000000000018,62.44799999999999,440.0,55.521602736347646,1.7601441339743407,24.236600000000017,0,0
2025-12-30 08:00:00,32.36832034355966,61.412466094067256,440.0,107.2595,1.8732848924476213,24.65081356237311,0,0
2025-12-30 09:00:00,32.84507621135333,60.6178729810778,440.0,151.687839593357,1.9638294245202703,24.96865080756889,0,0
2025-12-30 10:00:00,33.144777478867226,60.11837086855465,440.0,185.778903594434,2.022453607815004,25.16845165257816,0,0
2025-12-30 11:00:00,33.247000000000014,59.94799999999999,440.0,207.20944232970464,2.0427557860199905,25.236600000000013,0,0
2025-12-30 12:00:00,33.144777478867226,60.11837086855465,440.0,214.519,2.022453607815004,25.16845165257816,0,0
2025-12-30 13:00:00,32.84507621135333,60.6178729810778,440.0,207.20944232970464,1.9638294245202703,24.96865080756889,0,0
2025-12-30 14:00:00,32.36832034355966,61.412466094067256,440.0,185.778903594434,1.8732848924476213,24.65081356237311,0,0
2025-12-30 15:00:00,31.747000000000018,62.44799999999999,440.0,151.687839593357,1.7601441339743407,24.236600000000017,0,0
2025-12-30 16:00:00,31.02345713530758,63.65390477448739,440.0,107.2595,1.6350637358329225,23.754238090205057,0,0
2025-12-30 17:00:00,30.247000000000018,64.948,440.0,55.52160273634771,1.5084802289388304,23.236600000000017,0,0
2025-12-30 18:00:00,29.47054286469245,66.2420952255126,440.0,2.6271000670629107e-14,1.3894410904759233,22.718961909794974,0,0
2025-12-30 19:00:00,28.747000000000018,67.448,440.0,0.0,1.2849846496175705,22.236600000000017,0,0
2025-12-30 20:00:00,28.125679656440376,68.48353390593273,440.0,0.0,1.2000459876169578,21.82238643762692,0,0
2025-12-30 21:00:00,27.6489237886467,69.27812701892219,440.0,0.0,1.1377373300502809,21.504549192431146,0,0
2025-12-30 22:00:00,27.349222521132813,69.77762913144534,440.0,0.0,1.0998046601049578,21.30474834742188,0,0
2025-12-30 23:00:00,27.247000000000018,69.948,440.0,0.0,1.0870806283641992,21.236600000000017,0,0
2025-12-31 00:00:00,27.469222521132806,68.96462913144535,440.0,0.0,1.1373443704100368,21.26214834742188,0,0
2025-12-31 01:00:00,27.768923788646696,68.4651270189222,440.0,0.0,1.1760520204742018,21.46194919243113,0,0
2025-12-31 02:00:00,28.24567965644037,67.67053390593276,440.0,0.0,1.2396215632244612,21.77978643762692,0,0
2025-12-31 03:00:00,28.86700000000001,66.63500000000002,440.0,0.0,1.326256341105738,22.194000000000017,0,0
2025-12-31 04:00:00,29.59054286469245,65.42909522551261,440.0,0.0,1.4327656040868035,22.67636190979497,0,0
2025-12-31 05:00:00,30.36700000000001,64.13500000000002,440.0,0.0,1.554103788121575,23.194000000000017,0,0
2025-12-31 06:00:00,31.14345713530757,62.840904774487406,440.0,0.0,1.6830894208174672,23.711638090205057,0,0
2025-12-31 07:00:00,31.86700000000001,61.63500000000001,396.9912286006832,52.07154486513106,1.8105043502204758,24.194000000000013,0,0
2025-12-31 08:00:00,32.48832034355965,60.59946609406728,440.0,100.5945,1.925726256318302,24.608213562373106,0,0
2025-12-31 09:00:00,32.96507621135333,59.80487298107782,440.0,142.26210620014035,2.017916947702906,24.92605080756889,0,0
2025-12-31 10:00:00,33.26477747886722,59.30537086855467,440.0,174.23478496198746,2.077598305024338,25.12585165257815,0,0
2025-12-31 11:00:00,33.36700000000001,59.13500000000001,440.0,194.33365106527145,2.0982650651810326,25.194000000000013,0,0
2025-12-31 12:00:00,33.26477747886722,59.30537086855467,440.0,201.18900000000005,2.077598305024338,25.12585165257815,0,0
2025-12-31 13:00:00,32.96507621135333,59.80487298107782,440.0,194.33365106527145,2.017916947702906,24.92605080756889,0,0
2025-12-31 14:00:00,32.48832034355965,60.59946609406728,440.0,174.2347849619875,1.925726256318302,24.608213562373106,0,0
2025-12-31 15:00:00,31.86700000000001,61.63500000000001,440.0,142.26210620014035,1.8105043502204758,24.194000000000013,0,0
2025-12-31 16:00:00,31.14345713530757,62.840904774487406,440.0,100.5945,1.6830894208174672,23.711638090205057,0,0
2025-12-31 17:00:00,30.36700000000001,64.13500000000002,440.0,52.07154486513112,1.554103788121575,23.194000000000017,0,0
2025-12-31 18:00:00,29.59054286469245,65.42909522551261,440.0,2.463854648736569e-14,1.4327656040868035,22.67636190979497,0,0
2025-12-31 19:00:00,28.86700000000001,66.63500000000002,440.0,0.0,1.326256341105738,22.194000000000017,0,0
2025-12-31 20:00:00,28.24567965644037,67.67053390593276,440.0,0.0,1.2396215632244612,21.77978643762692,0,0
2025-12-31 21:00:00,27.768923788646696,68.4651270189222,440.0,0.0,1.1760520204742018,21.46194919243113,0,0
2025-12-31 22:00:00,27.469222521132806,68.96462913144535,440.0,0.0,1.1373443704100368,21.26214834742188,0,0
2025-12-31 23:00:00,27.36700000000001,69.13500000000002,440.0,0.0,1.1243590793319918,21.194000000000017,0,0
